outer_fold,round_name,prescreen_recipe_id,inner_oof_business_score,inner_oof_optimal_k,inner_oof_f1_score,inner_oof_roc_auc_score,inner_oof_n_predictions,inner_oof_selected_rate,selected_features_text,feature_size,prescreen_name,base_model_family,model_spec_id,inner_fold_count,expected_inner_oof_predictions,missing_inner_oof_predictions,expected_inner_fold_count,missing_inner_fold_count,manifest_checked,feature_recipe_id,pipeline_recipe_id,prescreen_methods,rank_aggregation,model_kind,model_params,feature_penalty,gross_score,inner_oof_tp_at_optimal_k,inner_oof_fp_at_optimal_k,baseline_select_all_capped_features_0_business_score,baseline_select_all_capped_features_1_business_score,baseline_select_all_illegal_full_features_0_business_score,baseline_select_all_illegal_full_features_1_business_score,beats_baseline_select_all_capped_features_0,beats_baseline_select_all_capped_features_1,beats_baseline_select_all_illegal_full_features_0,beats_baseline_select_all_illegal_full_features_1,inner_selection_rank
1,round1_prescreen_feature_screen,ps_mean_0005,4458.0,998.0,0.4838839556362119,0.6845777626996947,4000,0.2495,"var_159,var_175,var_190,var_214,var_254,var_341,var_379",7,single__lightgbm_gain,extra_trees_small,extra_trees_small_deep02,5,4000,0,5,0,True,ps_mean_0005__k_007,ps_mean_0005__k_007__extra_trees_small_deep02,"[""lightgbm_gain""]",mean_rank_score,classifier,"{""class_weight"": ""balanced"", ""max_depth"": 4, ""min_samples_leaf"": 12, ""n_estimators"": 320}",1400.0,5858.0,723.2,274.8,2200.0,2000.0,9865.0,9665.0,1.0,1.0,0.0,0.0,1
1,round1_prescreen_feature_screen,ps_mean_0007,4456.0,995.8,0.4749862966826902,0.6686318647952622,4000,0.24895,"var_175,var_190,var_214,var_254,var_341,var_379",6,single__sparse_gam_spam,extra_trees_small,extra_trees_small_deep02,5,4000,0,5,0,True,ps_mean_0007__k_006,ps_mean_0007__k_006__extra_trees_small_deep02,"[""sparse_gam_spam""]",mean_rank_score,classifier,"{""class_weight"": ""balanced"", ""max_depth"": 4, ""min_samples_leaf"": 12, ""n_estimators"": 320}",1200.0,5656.0,709.0,286.8,2200.0,2000.0,9865.0,9665.0,1.0,1.0,0.0,0.0,2
1,round1_prescreen_feature_screen,ps_mean_0007,4408.0,996.2,0.49057312661498764,0.6987718251294588,4000,0.24905,"var_175,var_190,var_214,var_254,var_341,var_379,var_389,var_482",8,single__sparse_gam_spam,extra_trees_small,extra_trees_small_deep02,5,4000,0,5,0,True,ps_mean_0007__k_008,ps_mean_0007__k_008__extra_trees_small_deep02,"[""sparse_gam_spam""]",mean_rank_score,classifier,"{""class_weight"": ""balanced"", ""max_depth"": 4, ""min_samples_leaf"": 12, ""n_estimators"": 320}",1600.0,6008.0,732.6,263.6,2200.0,2000.0,9865.0,9665.0,1.0,1.0,0.0,0.0,3
1,round1_prescreen_feature_screen,ps_mean_0007,4405.0,999.6,0.48164068571377455,0.683675869436356,4000,0.2499,"var_175,var_190,var_214,var_254,var_341,var_379,var_482",7,single__sparse_gam_spam,extra_trees_small,extra_trees_small_deep02,5,4000,0,5,0,True,ps_mean_0007__k_007,ps_mean_0007__k_007__extra_trees_small_deep02,"[""sparse_gam_spam""]",mean_rank_score,classifier,"{""class_weight"": ""balanced"", ""max_depth"": 4, ""min_samples_leaf"": 12, ""n_estimators"": 320}",1400.0,5805.0,720.2,279.4,2200.0,2000.0,9865.0,9665.0,1.0,1.0,0.0,0.0,4
1,round1_prescreen_feature_screen,ps_mean_0005,4396.0,999.2,0.49013938234271837,0.6963417509204561,4000,0.24980000000000002,"var_116,var_159,var_175,var_190,var_214,var_254,var_341,var_379",8,single__lightgbm_gain,extra_trees_small,extra_trees_small_deep02,5,4000,0,5,0,True,ps_mean_0005__k_008,ps_mean_0005__k_008__extra_trees_small_deep02,"[""lightgbm_gain""]",mean_rank_score,classifier,"{""class_weight"": ""balanced"", ""max_depth"": 4, ""min_samples_leaf"": 12, ""n_estimators"": 320}",1600.0,5996.0,732.8,266.4,2200.0,2000.0,9865.0,9665.0,1.0,1.0,0.0,0.0,5
1,round1_prescreen_feature_screen,ps_mean_0005,4379.0,999.6,0.46265226001303805,0.6521724814927502,4000,0.2499,"var_190,var_214,var_254,var_341,var_379",5,single__lightgbm_gain,xgboost_classifier,xgboost_classifier_deep03,5,4000,0,5,0,True,ps_mean_0005__k_005,ps_mean_0005__k_005__xgboost_classifier_deep03,"[""lightgbm_gain""]",mean_rank_score,classifier,"{""learning_rate"": 0.035, ""max_depth"": 3, ""min_child_weight"": 3.0, ""n_estimators"": 260, ""scale_pos_weight_multiplier"": 1.0}",1000.0,5379.0,691.8,307.8,2200.0,2000.0,9865.0,9665.0,1.0,1.0,0.0,0.0,6
1,round1_prescreen_feature_screen,ps_mean_0018,4323.0,998.0,0.4512090898294706,0.6340719399567841,4000,0.2495,"var_10,var_175,var_254,var_389",4,pair__abs_corr+lightgbm_gain,xgboost_classifier,xgboost_classifier_deep03,5,4000,0,5,0,True,ps_mean_0018__k_004,ps_mean_0018__k_004__xgboost_classifier_deep03,"[""abs_corr"", ""lightgbm_gain""]",mean_rank_score,classifier,"{""learning_rate"": 0.035, ""max_depth"": 3, ""min_child_weight"": 3.0, ""n_estimators"": 260, ""scale_pos_weight_multiplier"": 1.0}",800.0,5123.0,674.2,323.8,2200.0,2000.0,9865.0,9665.0,1.0,1.0,0.0,0.0,7
1,round1_prescreen_feature_screen,ps_mean_0020,4312.0,995.0,0.4595578825461627,0.6506444005491111,4000,0.24874999999999997,"var_175,var_223,var_254,var_328,var_389",5,pair__abs_corr+sparse_gam_spam,extra_trees_small,extra_trees_small_deep02,5,4000,0,5,0,True,ps_mean_0020__k_005,ps_mean_0020__k_005__extra_trees_small_deep02,"[""abs_corr"", ""sparse_gam_spam""]",mean_rank_score,classifier,"{""class_weight"": ""balanced"", ""max_depth"": 4, ""min_samples_leaf"": 12, ""n_estimators"": 320}",1000.0,5312.0,685.8,309.2,2200.0,2000.0,9865.0,9665.0,1.0,1.0,0.0,0.0,8
1,round1_prescreen_feature_screen,ps_mean_0007,4294.0,998.0,0.4588742369807304,0.6480455979233579,4000,0.2495,"var_175,var_190,var_214,var_254,var_341",5,single__sparse_gam_spam,extra_trees_small,extra_trees_small_deep02,5,4000,0,5,0,True,ps_mean_0007__k_005,ps_mean_0007__k_005__extra_trees_small_deep02,"[""sparse_gam_spam""]",mean_rank_score,classifier,"{""class_weight"": ""balanced"", ""max_depth"": 4, ""min_samples_leaf"": 12, ""n_estimators"": 320}",1000.0,5294.0,685.6,312.4,2200.0,2000.0,9865.0,9665.0,1.0,1.0,0.0,0.0,9
1,round1_prescreen_feature_screen,ps_mean_0005,4266.0,997.8,0.46652948812994166,0.6616897242169154,4000,0.24945,"var_159,var_190,var_214,var_254,var_341,var_379",6,single__lightgbm_gain,extra_trees_small,extra_trees_small_deep02,5,4000,0,5,0,True,ps_mean_0005__k_006,ps_mean_0005__k_006__extra_trees_small_deep02,"[""lightgbm_gain""]",mean_rank_score,classifier,"{""class_weight"": ""balanced"", ""max_depth"": 4, ""min_samples_leaf"": 12, ""n_estimators"": 320}",1200.0,5466.0,697.0,300.8,2200.0,2000.0,9865.0,9665.0,1.0,1.0,0.0,0.0,10
1,round1_prescreen_feature_screen,ps_mean_0005,4259.0,994.6,0.44816361347796746,0.6284601513180641,4000,0.24864999999999998,"var_190,var_214,var_254,var_341",4,single__lightgbm_gain,extra_trees_small,extra_trees_small_deep02,5,4000,0,5,0,True,ps_mean_0005__k_004,ps_mean_0005__k_004__extra_trees_small_deep02,"[""lightgbm_gain""]",mean_rank_score,classifier,"{""class_weight"": ""balanced"", ""max_depth"": 4, ""min_samples_leaf"": 12, ""n_estimators"": 320}",800.0,5059.0,668.8,325.8,2200.0,2000.0,9865.0,9665.0,1.0,1.0,0.0,0.0,11
1,round1_prescreen_feature_screen,ps_mean_0005,4254.0,998.4,0.49274503555258864,0.7025729271017738,4000,0.2496,"var_116,var_159,var_175,var_190,var_214,var_226,var_254,var_341,var_379",9,single__lightgbm_gain,extra_trees_small,extra_trees_small_deep02,5,4000,0,5,0,True,ps_mean_0005__k_009,ps_mean_0005__k_009__extra_trees_small_deep02,"[""lightgbm_gain""]",mean_rank_score,classifier,"{""class_weight"": ""balanced"", ""max_depth"": 4, ""min_samples_leaf"": 12, ""n_estimators"": 320}",1800.0,6054.0,736.4,262.0,2200.0,2000.0,9865.0,9665.0,1.0,1.0,0.0,0.0,12
1,round1_prescreen_feature_screen,ps_mean_0007,4247.0,999.8,0.49244491557168724,0.6995748663910444,4000,0.24994999999999998,"var_175,var_190,var_214,var_226,var_254,var_341,var_379,var_389,var_482",9,single__sparse_gam_spam,lightgbm_classifier,lightgbm_classifier_deep03,5,4000,0,5,0,True,ps_mean_0007__k_009,ps_mean_0007__k_009__lightgbm_classifier_deep03,"[""sparse_gam_spam""]",mean_rank_score,classifier,"{""learning_rate"": 0.035, ""min_child_samples"": 20, ""n_estimators"": 260, ""num_leaves"": 15, ""scale_pos_weight_multiplier"": 1.0}",1800.0,6047.0,736.4,263.4,2200.0,2000.0,9865.0,9665.0,1.0,1.0,0.0,0.0,13
1,round1_prescreen_feature_screen,ps_mean_0006,4247.0,998.8,0.47458032610856726,0.6740069986417225,4000,0.24969999999999998,"var_116,var_190,var_214,var_254,var_341,var_379,var_389",7,single__ebm,extra_trees_small,extra_trees_small_deep02,5,4000,0,5,0,True,ps_mean_0006__k_007,ps_mean_0006__k_007__extra_trees_small_deep02,"[""ebm""]",mean_rank_score,classifier,"{""class_weight"": ""balanced"", ""max_depth"": 4, ""min_samples_leaf"": 12, ""n_estimators"": 320}",1400.0,5647.0,709.4,289.4,2200.0,2000.0,9865.0,9665.0,1.0,1.0,0.0,0.0,14
1,round1_prescreen_feature_screen,ps_mean_0020,4235.0,998.6,0.46516002858072547,0.6573024603748225,4000,0.24965,"var_175,var_190,var_223,var_254,var_328,var_389",6,pair__abs_corr+sparse_gam_spam,xgboost_classifier,xgboost_classifier_deep03,5,4000,0,5,0,True,ps_mean_0020__k_006,ps_mean_0020__k_006__xgboost_classifier_deep03,"[""abs_corr"", ""sparse_gam_spam""]",mean_rank_score,classifier,"{""learning_rate"": 0.035, ""max_depth"": 3, ""min_child_weight"": 3.0, ""n_estimators"": 260, ""scale_pos_weight_multiplier"": 1.0}",1200.0,5435.0,695.2,303.4,2200.0,2000.0,9865.0,9665.0,1.0,1.0,0.0,0.0,15
1,round1_prescreen_feature_screen,ps_mean_0007,4209.0,998.6,0.446080624417389,0.6337752589489937,4000,0.24965,"var_175,var_190,var_214,var_254",4,single__sparse_gam_spam,extra_trees_small,extra_trees_small_deep02,5,4000,0,5,0,True,ps_mean_0007__k_004,ps_mean_0007__k_004__extra_trees_small_deep02,"[""sparse_gam_spam""]",mean_rank_score,classifier,"{""class_weight"": ""balanced"", ""max_depth"": 4, ""min_samples_leaf"": 12, ""n_estimators"": 320}",800.0,5009.0,666.8,331.8,2200.0,2000.0,9865.0,9665.0,1.0,1.0,0.0,0.0,16
1,round1_prescreen_feature_screen,ps_mean_0052,4203.0,998.8,0.48153852862936636,0.6829067288612594,4000,0.24969999999999998,"var_159,var_175,var_190,var_214,var_254,var_264,var_31,var_328",8,triple__mutual_info+lightgbm_gain+ebm,extra_trees_small,extra_trees_small_deep02,5,4000,0,5,0,True,ps_mean_0052__k_008,ps_mean_0052__k_008__extra_trees_small_deep02,"[""mutual_info"", ""lightgbm_gain"", ""ebm""]",mean_rank_score,classifier,"{""class_weight"": ""balanced"", ""max_depth"": 4, ""min_samples_leaf"": 12, ""n_estimators"": 320}",1600.0,5803.0,719.8,279.0,2200.0,2000.0,9865.0,9665.0,1.0,1.0,0.0,0.0,17
1,round1_prescreen_feature_screen,ps_mean_0012,4201.0,994.4,0.4545162538156161,0.6404286436800345,4000,0.2486,"var_159,var_190,var_264,var_31,var_54",5,pair__mutual_info+lightgbm_gain,extra_trees_small,extra_trees_small_deep02,5,4000,0,5,0,True,ps_mean_0012__k_005,ps_mean_0012__k_005__extra_trees_small_deep02,"[""mutual_info"", ""lightgbm_gain""]",mean_rank_score,classifier,"{""class_weight"": ""balanced"", ""max_depth"": 4, ""min_samples_leaf"": 12, ""n_estimators"": 320}",1000.0,5201.0,678.2,316.2,2200.0,2000.0,9865.0,9665.0,1.0,1.0,0.0,0.0,18
1,round1_prescreen_feature_screen,ps_mean_0014,4197.0,999.8,0.44563331018697117,0.6275249323798807,4000,0.24994999999999998,"var_175,var_190,var_214,var_328",4,pair__mutual_info+sparse_gam_spam,extra_trees_small,extra_trees_small_deep02,5,4000,0,5,0,True,ps_mean_0014__k_004,ps_mean_0014__k_004__extra_trees_small_deep02,"[""mutual_info"", ""sparse_gam_spam""]",mean_rank_score,classifier,"{""class_weight"": ""balanced"", ""max_depth"": 4, ""min_samples_leaf"": 12, ""n_estimators"": 320}",800.0,4997.0,666.4,333.4,2200.0,2000.0,9865.0,9665.0,1.0,1.0,0.0,0.0,19
1,round1_prescreen_feature_screen,ps_mean_0018,4176.0,994.8,0.4355735709988936,0.6170428451176135,4000,0.2487,"var_10,var_254,var_389",3,pair__abs_corr+lightgbm_gain,extra_trees_small,extra_trees_small_deep02,5,4000,0,5,0,True,ps_mean_0018__k_003,ps_mean_0018__k_003__extra_trees_small_deep02,"[""abs_corr"", ""lightgbm_gain""]",mean_rank_score,classifier,"{""class_weight"": ""balanced"", ""max_depth"": 4, ""min_samples_leaf"": 12, ""n_estimators"": 320}",600.0,4776.0,650.0,344.8,2200.0,2000.0,9865.0,9665.0,1.0,1.0,0.0,0.0,20
1,round1_prescreen_feature_screen,ps_mean_0006,4175.0,998.4,0.4802672678834757,0.6837222953764813,4000,0.2496,"var_116,var_190,var_214,var_226,var_254,var_341,var_379,var_389",8,single__ebm,extra_trees_small,extra_trees_small_deep02,5,4000,0,5,0,True,ps_mean_0006__k_008,ps_mean_0006__k_008__extra_trees_small_deep02,"[""ebm""]",mean_rank_score,classifier,"{""class_weight"": ""balanced"", ""max_depth"": 4, ""min_samples_leaf"": 12, ""n_estimators"": 320}",1600.0,5775.0,717.8,280.6,2200.0,2000.0,9865.0,9665.0,1.0,1.0,0.0,0.0,21
1,round1_prescreen_feature_screen,ps_mean_0018,4167.0,996.6,0.4619015109957541,0.6551824674449658,4000,0.24914999999999998,"var_10,var_175,var_190,var_254,var_328,var_389",6,pair__abs_corr+lightgbm_gain,lightgbm_classifier,lightgbm_classifier_deep03,5,4000,0,5,0,True,ps_mean_0018__k_006,ps_mean_0018__k_006__lightgbm_classifier_deep03,"[""abs_corr"", ""lightgbm_gain""]",mean_rank_score,classifier,"{""learning_rate"": 0.035, ""min_child_samples"": 20, ""n_estimators"": 260, ""num_leaves"": 15, ""scale_pos_weight_multiplier"": 1.0}",1200.0,5367.0,690.0,306.6,2200.0,2000.0,9865.0,9665.0,1.0,1.0,0.0,0.0,22
1,round1_prescreen_feature_screen,ps_mean_0018,4164.0,998.2,0.45298007097215287,0.6375080345376993,4000,0.24955,"var_10,var_175,var_254,var_328,var_389",5,pair__abs_corr+lightgbm_gain,xgboost_classifier,xgboost_classifier_deep03,5,4000,0,5,0,True,ps_mean_0018__k_005,ps_mean_0018__k_005__xgboost_classifier_deep03,"[""abs_corr"", ""lightgbm_gain""]",mean_rank_score,classifier,"{""learning_rate"": 0.035, ""max_depth"": 3, ""min_child_weight"": 3.0, ""n_estimators"": 260, ""scale_pos_weight_multiplier"": 1.0}",1000.0,5164.0,677.0,321.2,2200.0,2000.0,9865.0,9665.0,1.0,1.0,0.0,0.0,23
1,round1_prescreen_feature_screen,ps_mean_0006,4152.0,999.6,0.46144813385176164,0.6588391664931215,4000,0.2499,"var_190,var_214,var_254,var_341,var_379,var_389",6,single__ebm,extra_trees_small,extra_trees_small_deep02,5,4000,0,5,0,True,ps_mean_0006__k_006,ps_mean_0006__k_006__extra_trees_small_deep02,"[""ebm""]",mean_rank_score,classifier,"{""class_weight"": ""balanced"", ""max_depth"": 4, ""min_samples_leaf"": 12, ""n_estimators"": 320}",1200.0,5352.0,690.0,309.6,2200.0,2000.0,9865.0,9665.0,1.0,1.0,0.0,0.0,24
1,round1_prescreen_feature_screen,ps_mean_0012,4131.0,997.2,0.46041418095387543,0.650407695755839,4000,0.2493,"var_159,var_190,var_214,var_264,var_31,var_54",6,pair__mutual_info+lightgbm_gain,extra_trees_small,extra_trees_small_deep02,5,4000,0,5,0,True,ps_mean_0012__k_006,ps_mean_0012__k_006__extra_trees_small_deep02,"[""mutual_info"", ""lightgbm_gain""]",mean_rank_score,classifier,"{""class_weight"": ""balanced"", ""max_depth"": 4, ""min_samples_leaf"": 12, ""n_estimators"": 320}",1200.0,5331.0,687.8,309.4,2200.0,2000.0,9865.0,9665.0,1.0,1.0,0.0,0.0,25
1,round1_prescreen_feature_screen,ps_mean_0012,4131.0,999.6,0.43375998408966165,0.6118735904402064,4000,0.2499,"var_159,var_190,var_31",3,pair__mutual_info+lightgbm_gain,extra_trees_small,extra_trees_small_deep02,5,4000,0,5,0,True,ps_mean_0012__k_003,ps_mean_0012__k_003__extra_trees_small_deep02,"[""mutual_info"", ""lightgbm_gain""]",mean_rank_score,classifier,"{""class_weight"": ""balanced"", ""max_depth"": 4, ""min_samples_leaf"": 12, ""n_estimators"": 320}",600.0,4731.0,648.6,351.0,2200.0,2000.0,9865.0,9665.0,1.0,1.0,0.0,0.0,26
1,round1_prescreen_feature_screen,ps_mean_0019,4127.0,997.4,0.4602979185549737,0.6487830128560104,4000,0.24935000000000002,"var_175,var_190,var_198,var_254,var_328,var_389",6,pair__abs_corr+ebm,xgboost_classifier,xgboost_classifier_deep03,5,4000,0,5,0,True,ps_mean_0019__k_006,ps_mean_0019__k_006__xgboost_classifier_deep03,"[""abs_corr"", ""ebm""]",mean_rank_score,classifier,"{""learning_rate"": 0.035, ""max_depth"": 3, ""min_child_weight"": 3.0, ""n_estimators"": 260, ""scale_pos_weight_multiplier"": 1.0}",1200.0,5327.0,687.6,309.8,2200.0,2000.0,9865.0,9665.0,1.0,1.0,0.0,0.0,27
1,round1_prescreen_feature_screen,ps_mean_0012,4119.0,999.2,0.4421054574629495,0.6272700772190637,4000,0.24980000000000002,"var_159,var_190,var_264,var_31",4,pair__mutual_info+lightgbm_gain,lightgbm_classifier,lightgbm_classifier_deep03,5,4000,0,5,0,True,ps_mean_0012__k_004,ps_mean_0012__k_004__lightgbm_classifier_deep03,"[""mutual_info"", ""lightgbm_gain""]",mean_rank_score,classifier,"{""learning_rate"": 0.035, ""min_child_samples"": 20, ""n_estimators"": 260, ""num_leaves"": 15, ""scale_pos_weight_multiplier"": 1.0}",800.0,4919.0,661.0,338.2,2200.0,2000.0,9865.0,9665.0,1.0,1.0,0.0,0.0,28
1,round1_prescreen_feature_screen,ps_mean_0012,4113.0,999.8,0.46863819999575096,0.6640095461933104,4000,0.24994999999999998,"var_159,var_190,var_214,var_264,var_31,var_328,var_54",7,pair__mutual_info+lightgbm_gain,lightgbm_classifier,lightgbm_classifier_deep03,5,4000,0,5,0,True,ps_mean_0012__k_007,ps_mean_0012__k_007__lightgbm_classifier_deep03,"[""mutual_info"", ""lightgbm_gain""]",mean_rank_score,classifier,"{""learning_rate"": 0.035, ""min_child_samples"": 20, ""n_estimators"": 260, ""num_leaves"": 15, ""scale_pos_weight_multiplier"": 1.0}",1400.0,5513.0,700.8,299.0,2200.0,2000.0,9865.0,9665.0,1.0,1.0,0.0,0.0,29
1,round1_prescreen_feature_screen,ps_mean_0006,4107.0,999.8,0.4416185457151835,0.6253897141417114,4000,0.24994999999999998,"var_190,var_214,var_254,var_379",4,single__ebm,extra_trees_small,extra_trees_small_deep02,5,4000,0,5,0,True,ps_mean_0006__k_004,ps_mean_0006__k_004__extra_trees_small_deep02,"[""ebm""]",mean_rank_score,classifier,"{""class_weight"": ""balanced"", ""max_depth"": 4, ""min_samples_leaf"": 12, ""n_estimators"": 320}",800.0,4907.0,660.4,339.4,2200.0,2000.0,9865.0,9665.0,1.0,1.0,0.0,0.0,30
1,round1_prescreen_feature_screen,ps_mean_0020,4096.0,998.4,0.4678668334993833,0.6587479396457778,4000,0.2496,"var_175,var_190,var_223,var_254,var_308,var_328,var_389",7,pair__abs_corr+sparse_gam_spam,xgboost_classifier,xgboost_classifier_deep03,5,4000,0,5,0,True,ps_mean_0020__k_007,ps_mean_0020__k_007__xgboost_classifier_deep03,"[""abs_corr"", ""sparse_gam_spam""]",mean_rank_score,classifier,"{""learning_rate"": 0.035, ""max_depth"": 3, ""min_child_weight"": 3.0, ""n_estimators"": 260, ""scale_pos_weight_multiplier"": 1.0}",1400.0,5496.0,699.2,299.2,2200.0,2000.0,9865.0,9665.0,1.0,1.0,0.0,0.0,31
1,round1_prescreen_feature_screen,ps_mean_0007,4091.0,998.6,0.43199185069142765,0.6080119622422354,4000,0.24965,"var_175,var_190,var_214",3,single__sparse_gam_spam,extra_trees_small,extra_trees_small_deep02,5,4000,0,5,0,True,ps_mean_0007__k_003,ps_mean_0007__k_003__extra_trees_small_deep02,"[""sparse_gam_spam""]",mean_rank_score,classifier,"{""class_weight"": ""balanced"", ""max_depth"": 4, ""min_samples_leaf"": 12, ""n_estimators"": 320}",600.0,4691.0,645.6,353.0,2200.0,2000.0,9865.0,9665.0,1.0,1.0,0.0,0.0,32
1,round1_prescreen_feature_screen,ps_mean_0005,4088.0,999.4,0.49425344306010405,0.7064601558181554,4000,0.24985,"var_116,var_159,var_175,var_190,var_214,var_226,var_254,var_341,var_379,var_389",10,single__lightgbm_gain,lightgbm_classifier,lightgbm_classifier_deep03,5,4000,0,5,0,True,ps_mean_0005__k_010,ps_mean_0005__k_010__lightgbm_classifier_deep03,"[""lightgbm_gain""]",mean_rank_score,classifier,"{""learning_rate"": 0.035, ""min_child_samples"": 20, ""n_estimators"": 260, ""num_leaves"": 15, ""scale_pos_weight_multiplier"": 1.0}",2000.0,6088.0,739.0,260.4,2200.0,2000.0,9865.0,9665.0,1.0,1.0,0.0,0.0,33
1,round1_prescreen_feature_screen,ps_mean_0007,4082.0,999.4,0.49398449582311627,0.7036670742582538,4000,0.24985,"var_175,var_190,var_214,var_226,var_254,var_328,var_341,var_379,var_389,var_482",10,single__sparse_gam_spam,extra_trees_small,extra_trees_small_deep02,5,4000,0,5,0,True,ps_mean_0007__k_010,ps_mean_0007__k_010__extra_trees_small_deep02,"[""sparse_gam_spam""]",mean_rank_score,classifier,"{""class_weight"": ""balanced"", ""max_depth"": 4, ""min_samples_leaf"": 12, ""n_estimators"": 320}",2000.0,6082.0,738.6,260.8,2200.0,2000.0,9865.0,9665.0,1.0,1.0,0.0,0.0,34
1,round1_prescreen_feature_screen,ps_mean_0006,4073.0,997.4,0.48458221934476786,0.695825690470232,4000,0.24935000000000002,"var_116,var_190,var_214,var_226,var_254,var_341,var_379,var_389,var_482",9,single__ebm,xgboost_classifier,xgboost_classifier_deep03,5,4000,0,5,0,True,ps_mean_0006__k_009,ps_mean_0006__k_009__xgboost_classifier_deep03,"[""ebm""]",mean_rank_score,classifier,"{""learning_rate"": 0.035, ""max_depth"": 3, ""min_child_weight"": 3.0, ""n_estimators"": 260, ""scale_pos_weight_multiplier"": 1.0}",1800.0,5873.0,724.0,273.4,2200.0,2000.0,9865.0,9665.0,1.0,1.0,0.0,0.0,35
1,round1_prescreen_feature_screen,ps_mean_0039,4066.0,998.8,0.4308462511279658,0.6145535947102929,4000,0.24969999999999998,"var_190,var_264,var_31",3,triple__mutual_info+abs_corr+lightgbm_gain,extra_trees_small,extra_trees_small_deep02,5,4000,0,5,0,True,ps_mean_0039__k_003,ps_mean_0039__k_003__extra_trees_small_deep02,"[""mutual_info"", ""abs_corr"", ""lightgbm_gain""]",mean_rank_score,classifier,"{""class_weight"": ""balanced"", ""max_depth"": 4, ""min_samples_leaf"": 12, ""n_estimators"": 320}",600.0,4666.0,644.0,354.8,2200.0,2000.0,9865.0,9665.0,1.0,1.0,0.0,0.0,36
1,round1_prescreen_feature_screen,ps_mean_0006,4057.0,997.8,0.4927795647351342,0.7076776804730296,4000,0.24945,"var_116,var_175,var_190,var_214,var_226,var_254,var_341,var_379,var_389,var_482",10,single__ebm,lightgbm_classifier,lightgbm_classifier_deep03,5,4000,0,5,0,True,ps_mean_0006__k_010,ps_mean_0006__k_010__lightgbm_classifier_deep03,"[""ebm""]",mean_rank_score,classifier,"{""learning_rate"": 0.035, ""min_child_samples"": 20, ""n_estimators"": 260, ""num_leaves"": 15, ""scale_pos_weight_multiplier"": 1.0}",2000.0,6057.0,736.4,261.4,2200.0,2000.0,9865.0,9665.0,1.0,1.0,0.0,0.0,37
1,round1_prescreen_feature_screen,ps_mean_0019,4044.0,998.8,0.4476573878608871,0.6342280931188857,4000,0.24969999999999998,"var_190,var_198,var_254,var_328,var_389",5,pair__abs_corr+ebm,xgboost_classifier,xgboost_classifier_deep03,5,4000,0,5,0,True,ps_mean_0019__k_005,ps_mean_0019__k_005__xgboost_classifier_deep03,"[""abs_corr"", ""ebm""]",mean_rank_score,classifier,"{""learning_rate"": 0.035, ""max_depth"": 3, ""min_child_weight"": 3.0, ""n_estimators"": 260, ""scale_pos_weight_multiplier"": 1.0}",1000.0,5044.0,669.2,329.6,2200.0,2000.0,9865.0,9665.0,1.0,1.0,0.0,0.0,38
1,round1_prescreen_feature_screen,ps_mean_0039,4040.0,999.0,0.4475064435223173,0.6319149462776622,4000,0.24975,"var_190,var_254,var_264,var_31,var_328",5,triple__mutual_info+abs_corr+lightgbm_gain,xgboost_classifier,xgboost_classifier_deep03,5,4000,0,5,0,True,ps_mean_0039__k_005,ps_mean_0039__k_005__xgboost_classifier_deep03,"[""mutual_info"", ""abs_corr"", ""lightgbm_gain""]",mean_rank_score,classifier,"{""learning_rate"": 0.035, ""max_depth"": 3, ""min_child_weight"": 3.0, ""n_estimators"": 260, ""scale_pos_weight_multiplier"": 1.0}",1000.0,5040.0,669.0,330.0,2200.0,2000.0,9865.0,9665.0,1.0,1.0,0.0,0.0,39
1,round1_prescreen_feature_screen,ps_mean_0018,4024.0,999.6,0.46465398424929194,0.6565648204376139,4000,0.2499,"var_10,var_175,var_190,var_254,var_31,var_328,var_389",7,pair__abs_corr+lightgbm_gain,lightgbm_classifier,lightgbm_classifier_deep03,5,4000,0,5,0,True,ps_mean_0018__k_007,ps_mean_0018__k_007__lightgbm_classifier_deep03,"[""abs_corr"", ""lightgbm_gain""]",mean_rank_score,classifier,"{""learning_rate"": 0.035, ""min_child_samples"": 20, ""n_estimators"": 260, ""num_leaves"": 15, ""scale_pos_weight_multiplier"": 1.0}",1400.0,5424.0,694.8,304.8,2200.0,2000.0,9865.0,9665.0,1.0,1.0,0.0,0.0,40
1,round1_prescreen_feature_screen,ps_mean_0003,4024.0,997.4,0.4467059068962933,0.6311777813500723,4000,0.24935000000000002,"var_174,var_198,var_328,var_344,var_389",5,single__logistic_l1,extra_trees_small,extra_trees_small_deep02,5,4000,0,5,0,True,ps_mean_0003__k_005,ps_mean_0003__k_005__extra_trees_small_deep02,"[""logistic_l1""]",mean_rank_score,classifier,"{""class_weight"": ""balanced"", ""max_depth"": 4, ""min_samples_leaf"": 12, ""n_estimators"": 320}",1000.0,5024.0,667.4,330.0,2200.0,2000.0,9865.0,9665.0,1.0,1.0,0.0,0.0,41
1,round1_prescreen_feature_screen,ps_mean_0020,3993.0,998.8,0.4721719374992447,0.6644839558001049,4000,0.24969999999999998,"var_175,var_190,var_223,var_254,var_308,var_328,var_389,var_45",8,pair__abs_corr+sparse_gam_spam,xgboost_classifier,xgboost_classifier_deep03,5,4000,0,5,0,True,ps_mean_0020__k_008,ps_mean_0020__k_008__xgboost_classifier_deep03,"[""abs_corr"", ""sparse_gam_spam""]",mean_rank_score,classifier,"{""learning_rate"": 0.035, ""max_depth"": 3, ""min_child_weight"": 3.0, ""n_estimators"": 260, ""scale_pos_weight_multiplier"": 1.0}",1600.0,5593.0,705.8,293.0,2200.0,2000.0,9865.0,9665.0,1.0,1.0,0.0,0.0,42
1,round1_prescreen_feature_screen,ps_mean_0012,3973.0,997.4,0.47126748820119335,0.6715522239325347,4000,0.24935000000000002,"var_159,var_190,var_214,var_254,var_264,var_31,var_328,var_54",8,pair__mutual_info+lightgbm_gain,xgboost_classifier,xgboost_classifier_deep03,5,4000,0,5,0,True,ps_mean_0012__k_008,ps_mean_0012__k_008__xgboost_classifier_deep03,"[""mutual_info"", ""lightgbm_gain""]",mean_rank_score,classifier,"{""learning_rate"": 0.035, ""max_depth"": 3, ""min_child_weight"": 3.0, ""n_estimators"": 260, ""scale_pos_weight_multiplier"": 1.0}",1600.0,5573.0,704.0,293.4,2200.0,2000.0,9865.0,9665.0,1.0,1.0,0.0,0.0,43
1,round1_prescreen_feature_screen,ps_mean_0012,3952.0,999.4,0.47927092330939036,0.6803743275801335,4000,0.24985,"var_159,var_175,var_190,var_214,var_254,var_264,var_31,var_328,var_54",9,pair__mutual_info+lightgbm_gain,xgboost_classifier,xgboost_classifier_deep03,5,4000,0,5,0,True,ps_mean_0012__k_009,ps_mean_0012__k_009__xgboost_classifier_deep03,"[""mutual_info"", ""lightgbm_gain""]",mean_rank_score,classifier,"{""learning_rate"": 0.035, ""max_depth"": 3, ""min_child_weight"": 3.0, ""n_estimators"": 260, ""scale_pos_weight_multiplier"": 1.0}",1800.0,5752.0,716.6,282.8,2200.0,2000.0,9865.0,9665.0,1.0,1.0,0.0,0.0,44
1,round1_prescreen_feature_screen,ps_mean_0039,3930.0,995.4,0.45131704326318234,0.6347560538100897,4000,0.24885000000000002,"var_190,var_254,var_264,var_31,var_328,var_54",6,triple__mutual_info+abs_corr+lightgbm_gain,xgboost_classifier,xgboost_classifier_deep03,5,4000,0,5,0,True,ps_mean_0039__k_006,ps_mean_0039__k_006__xgboost_classifier_deep03,"[""mutual_info"", ""abs_corr"", ""lightgbm_gain""]",mean_rank_score,classifier,"{""learning_rate"": 0.035, ""max_depth"": 3, ""min_child_weight"": 3.0, ""n_estimators"": 260, ""scale_pos_weight_multiplier"": 1.0}",1200.0,5130.0,673.8,321.6,2200.0,2000.0,9865.0,9665.0,1.0,1.0,0.0,0.0,45
1,round1_prescreen_feature_screen,ps_mean_0039,3926.0,997.0,0.43340290139899684,0.6189651340439644,4000,0.24924999999999997,"var_190,var_264,var_31,var_328",4,triple__mutual_info+abs_corr+lightgbm_gain,extra_trees_small,extra_trees_small_deep02,5,4000,0,5,0,True,ps_mean_0039__k_004,ps_mean_0039__k_004__extra_trees_small_deep02,"[""mutual_info"", ""abs_corr"", ""lightgbm_gain""]",mean_rank_score,classifier,"{""class_weight"": ""balanced"", ""max_depth"": 4, ""min_samples_leaf"": 12, ""n_estimators"": 320}",800.0,4726.0,647.4,349.6,2200.0,2000.0,9865.0,9665.0,1.0,1.0,0.0,0.0,46
1,round1_prescreen_feature_screen,ps_mean_0019,3915.0,996.2,0.45966525939883757,0.6519701273950798,4000,0.24905,"var_175,var_190,var_198,var_254,var_328,var_344,var_389",7,pair__abs_corr+ebm,xgboost_classifier,xgboost_classifier_deep03,5,4000,0,5,0,True,ps_mean_0019__k_007,ps_mean_0019__k_007__xgboost_classifier_deep03,"[""abs_corr"", ""ebm""]",mean_rank_score,classifier,"{""learning_rate"": 0.035, ""max_depth"": 3, ""min_child_weight"": 3.0, ""n_estimators"": 260, ""scale_pos_weight_multiplier"": 1.0}",1400.0,5315.0,686.4,309.8,2200.0,2000.0,9865.0,9665.0,1.0,1.0,0.0,0.0,47
1,round1_prescreen_feature_screen,ps_mean_0018,3904.0,998.6,0.4681611098355307,0.6584165829358044,4000,0.24965,"var_10,var_175,var_190,var_254,var_308,var_31,var_328,var_389",8,pair__abs_corr+lightgbm_gain,xgboost_classifier,xgboost_classifier_deep03,5,4000,0,5,0,True,ps_mean_0018__k_008,ps_mean_0018__k_008__xgboost_classifier_deep03,"[""abs_corr"", ""lightgbm_gain""]",mean_rank_score,classifier,"{""learning_rate"": 0.035, ""max_depth"": 3, ""min_child_weight"": 3.0, ""n_estimators"": 260, ""scale_pos_weight_multiplier"": 1.0}",1600.0,5504.0,699.8,298.8,2200.0,2000.0,9865.0,9665.0,1.0,1.0,0.0,0.0,48
1,round1_prescreen_feature_screen,ps_mean_0003,3883.0,994.2,0.4312798779831467,0.6150760302896133,4000,0.24855,"var_198,var_328,var_344,var_389",4,single__logistic_l1,extra_trees_small,extra_trees_small_deep02,5,4000,0,5,0,True,ps_mean_0003__k_004,ps_mean_0003__k_004__extra_trees_small_deep02,"[""logistic_l1""]",mean_rank_score,classifier,"{""class_weight"": ""balanced"", ""max_depth"": 4, ""min_samples_leaf"": 12, ""n_estimators"": 320}",800.0,4683.0,643.6,350.6,2200.0,2000.0,9865.0,9665.0,1.0,1.0,0.0,0.0,49
1,round1_prescreen_feature_screen,ps_mean_0020,3861.0,997.2,0.4751917737605235,0.6691936761719425,4000,0.2493,"var_175,var_190,var_223,var_254,var_308,var_328,var_341,var_389,var_45",9,pair__abs_corr+sparse_gam_spam,xgboost_classifier,xgboost_classifier_deep03,5,4000,0,5,0,True,ps_mean_0020__k_009,ps_mean_0020__k_009__xgboost_classifier_deep03,"[""abs_corr"", ""sparse_gam_spam""]",mean_rank_score,classifier,"{""learning_rate"": 0.035, ""max_depth"": 3, ""min_child_weight"": 3.0, ""n_estimators"": 260, ""scale_pos_weight_multiplier"": 1.0}",1800.0,5661.0,709.8,287.4,2200.0,2000.0,9865.0,9665.0,1.0,1.0,0.0,0.0,50
1,round1_prescreen_feature_screen,ps_mean_0007,3859.0,996.8,0.4124682223139171,0.5835831425586367,4000,0.2492,"var_190,var_214",2,single__sparse_gam_spam,extra_trees_small,extra_trees_small_deep02,5,4000,0,5,0,True,ps_mean_0007__k_002,ps_mean_0007__k_002__extra_trees_small_deep02,"[""sparse_gam_spam""]",mean_rank_score,classifier,"{""class_weight"": ""balanced"", ""max_depth"": 4, ""min_samples_leaf"": 12, ""n_estimators"": 320}",400.0,4259.0,616.2,380.6,2200.0,2000.0,9865.0,9665.0,1.0,1.0,0.0,0.0,51
1,round1_prescreen_feature_screen,ps_mean_0005,3838.0,998.2,0.42065321941297695,0.5993355615451212,4000,0.24955,"var_214,var_254,var_341",3,single__lightgbm_gain,extra_trees_small,extra_trees_small_deep02,5,4000,0,5,0,True,ps_mean_0005__k_003,ps_mean_0005__k_003__extra_trees_small_deep02,"[""lightgbm_gain""]",mean_rank_score,classifier,"{""class_weight"": ""balanced"", ""max_depth"": 4, ""min_samples_leaf"": 12, ""n_estimators"": 320}",600.0,4438.0,628.6,369.6,2200.0,2000.0,9865.0,9665.0,1.0,1.0,0.0,0.0,52
1,round1_prescreen_feature_screen,ps_mean_0006,3807.0,999.6,0.4995671518457267,0.714554769734087,4000,0.2499,"var_116,var_159,var_175,var_190,var_214,var_226,var_254,var_341,var_379,var_389,var_415,var_482",12,single__ebm,extra_trees_small,extra_trees_small_deep02,5,4000,0,5,0,True,ps_mean_0006__k_012,ps_mean_0006__k_012__extra_trees_small_deep02,"[""ebm""]",mean_rank_score,classifier,"{""class_weight"": ""balanced"", ""max_depth"": 4, ""min_samples_leaf"": 12, ""n_estimators"": 320}",2400.0,6207.0,747.0,252.6,2200.0,2000.0,9865.0,9665.0,1.0,1.0,0.0,0.0,53
1,round1_prescreen_feature_screen,ps_mean_0019,3793.0,998.6,0.4632032267593263,0.6546470816034025,4000,0.24965,"var_175,var_190,var_198,var_254,var_308,var_328,var_344,var_389",8,pair__abs_corr+ebm,xgboost_classifier,xgboost_classifier_deep03,5,4000,0,5,0,True,ps_mean_0019__k_008,ps_mean_0019__k_008__xgboost_classifier_deep03,"[""abs_corr"", ""ebm""]",mean_rank_score,classifier,"{""learning_rate"": 0.035, ""max_depth"": 3, ""min_child_weight"": 3.0, ""n_estimators"": 260, ""scale_pos_weight_multiplier"": 1.0}",1600.0,5393.0,692.4,306.2,2200.0,2000.0,9865.0,9665.0,1.0,1.0,0.0,0.0,54
1,round1_prescreen_feature_screen,ps_mean_0012,3782.0,999.4,0.4806025210525669,0.6811907941135807,4000,0.24985,"var_10,var_159,var_175,var_190,var_214,var_254,var_264,var_31,var_328,var_54",10,pair__mutual_info+lightgbm_gain,xgboost_classifier,xgboost_classifier_deep03,5,4000,0,5,0,True,ps_mean_0012__k_010,ps_mean_0012__k_010__xgboost_classifier_deep03,"[""mutual_info"", ""lightgbm_gain""]",mean_rank_score,classifier,"{""learning_rate"": 0.035, ""max_depth"": 3, ""min_child_weight"": 3.0, ""n_estimators"": 260, ""scale_pos_weight_multiplier"": 1.0}",2000.0,5782.0,718.6,280.8,2200.0,2000.0,9865.0,9665.0,1.0,1.0,0.0,0.0,55
1,round1_prescreen_feature_screen,ps_mean_0005,3755.0,999.8,0.4972539021747517,0.7127787837703714,4000,0.24994999999999998,"var_116,var_159,var_175,var_190,var_214,var_226,var_254,var_261,var_341,var_379,var_389,var_482",12,single__lightgbm_gain,xgboost_classifier,xgboost_classifier_deep03,5,4000,0,5,0,True,ps_mean_0005__k_012,ps_mean_0005__k_012__xgboost_classifier_deep03,"[""lightgbm_gain""]",mean_rank_score,classifier,"{""learning_rate"": 0.035, ""max_depth"": 3, ""min_child_weight"": 3.0, ""n_estimators"": 260, ""scale_pos_weight_multiplier"": 1.0}",2400.0,6155.0,743.6,256.2,2200.0,2000.0,9865.0,9665.0,1.0,1.0,0.0,0.0,56
1,round1_prescreen_feature_screen,ps_mean_0018,3755.0,998.0,0.4704408646719358,0.6604401739135217,4000,0.2495,"var_10,var_175,var_190,var_254,var_264,var_308,var_31,var_328,var_389",9,pair__abs_corr+lightgbm_gain,xgboost_classifier,xgboost_classifier_deep03,5,4000,0,5,0,True,ps_mean_0018__k_009,ps_mean_0018__k_009__xgboost_classifier_deep03,"[""abs_corr"", ""lightgbm_gain""]",mean_rank_score,classifier,"{""learning_rate"": 0.035, ""max_depth"": 3, ""min_child_weight"": 3.0, ""n_estimators"": 260, ""scale_pos_weight_multiplier"": 1.0}",1800.0,5555.0,703.0,295.0,2200.0,2000.0,9865.0,9665.0,1.0,1.0,0.0,0.0,57
1,round1_prescreen_feature_screen,ps_mean_0014,3750.0,998.4,0.4166966574237943,0.5957473138831062,4000,0.2496,"var_190,var_214,var_328",3,pair__mutual_info+sparse_gam_spam,xgboost_classifier,xgboost_classifier_deep03,5,4000,0,5,0,True,ps_mean_0014__k_003,ps_mean_0014__k_003__xgboost_classifier_deep03,"[""mutual_info"", ""sparse_gam_spam""]",mean_rank_score,classifier,"{""learning_rate"": 0.035, ""max_depth"": 3, ""min_child_weight"": 3.0, ""n_estimators"": 260, ""scale_pos_weight_multiplier"": 1.0}",600.0,4350.0,622.8,375.6,2200.0,2000.0,9865.0,9665.0,1.0,1.0,0.0,0.0,58
1,round1_prescreen_feature_screen,ps_mean_0007,3735.0,999.0,0.4963155883228472,0.7131357409987552,4000,0.24975,"var_116,var_175,var_190,var_214,var_226,var_254,var_261,var_328,var_341,var_379,var_389,var_482",12,single__sparse_gam_spam,lightgbm_classifier,lightgbm_classifier_deep03,5,4000,0,5,0,True,ps_mean_0007__k_012,ps_mean_0007__k_012__lightgbm_classifier_deep03,"[""sparse_gam_spam""]",mean_rank_score,classifier,"{""learning_rate"": 0.035, ""min_child_samples"": 20, ""n_estimators"": 260, ""num_leaves"": 15, ""scale_pos_weight_multiplier"": 1.0}",2400.0,6135.0,742.0,257.0,2200.0,2000.0,9865.0,9665.0,1.0,1.0,0.0,0.0,59
1,round1_prescreen_feature_screen,ps_mean_0039,3734.0,995.2,0.45150695376417244,0.6336084055702129,4000,0.2488,"var_175,var_190,var_254,var_264,var_31,var_328,var_54",7,triple__mutual_info+abs_corr+lightgbm_gain,xgboost_classifier,xgboost_classifier_deep03,5,4000,0,5,0,True,ps_mean_0039__k_007,ps_mean_0039__k_007__xgboost_classifier_deep03,"[""mutual_info"", ""abs_corr"", ""lightgbm_gain""]",mean_rank_score,classifier,"{""learning_rate"": 0.035, ""max_depth"": 3, ""min_child_weight"": 3.0, ""n_estimators"": 260, ""scale_pos_weight_multiplier"": 1.0}",1400.0,5134.0,674.0,321.2,2200.0,2000.0,9865.0,9665.0,1.0,1.0,0.0,0.0,60
2,round1_prescreen_feature_screen,ps_mean_0052,4467.0,997.2,0.47535063740811856,0.6644598553120701,4000,0.2493,"var_159,var_175,var_190,var_308,var_379,var_389",6,triple__mutual_info+lightgbm_gain+ebm,xgboost_classifier,xgboost_classifier_deep03,5,4000,0,5,0,True,ps_mean_0052__k_006,ps_mean_0052__k_006__xgboost_classifier_deep03,"[""mutual_info"", ""lightgbm_gain"", ""ebm""]",mean_rank_score,classifier,"{""learning_rate"": 0.035, ""max_depth"": 3, ""min_child_weight"": 3.0, ""n_estimators"": 260, ""scale_pos_weight_multiplier"": 1.0}",1200.0,5667.0,710.2,287.0,2215.0,2015.0,9865.0,9665.0,1.0,1.0,0.0,0.0,1
2,round1_prescreen_feature_screen,ps_mean_0007,4435.0,999.8,0.4651579263990411,0.660243069922166,4000,0.24994999999999998,"var_175,var_190,var_214,var_254,var_379",5,single__sparse_gam_spam,extra_trees_small,extra_trees_small_deep02,5,4000,0,5,0,True,ps_mean_0007__k_005,ps_mean_0007__k_005__extra_trees_small_deep02,"[""sparse_gam_spam""]",mean_rank_score,classifier,"{""class_weight"": ""balanced"", ""max_depth"": 4, ""min_samples_leaf"": 12, ""n_estimators"": 320}",1000.0,5435.0,695.6,304.2,2215.0,2015.0,9865.0,9665.0,1.0,1.0,0.0,0.0,2
2,round1_prescreen_feature_screen,ps_mean_0012,4347.0,999.6,0.44338788642049715,0.6130020382912754,4000,0.2499,"var_159,var_190,var_379",3,pair__mutual_info+lightgbm_gain,random_forest_small,random_forest_small_deep02,5,4000,0,5,0,True,ps_mean_0012__k_003,ps_mean_0012__k_003__random_forest_small_deep02,"[""mutual_info"", ""lightgbm_gain""]",mean_rank_score,classifier,"{""class_weight"": ""balanced_subsample"", ""max_depth"": 5, ""min_samples_leaf"": 16, ""n_estimators"": 400}",600.0,4947.0,663.0,336.6,2215.0,2015.0,9865.0,9665.0,1.0,1.0,0.0,0.0,3
2,round1_prescreen_feature_screen,ps_mean_0007,4335.0,998.6,0.45169735180162185,0.6390432656261289,4000,0.24965,"var_175,var_214,var_254,var_379",4,single__sparse_gam_spam,extra_trees_small,extra_trees_small_deep02,5,4000,0,5,0,True,ps_mean_0007__k_004,ps_mean_0007__k_004__extra_trees_small_deep02,"[""sparse_gam_spam""]",mean_rank_score,classifier,"{""class_weight"": ""balanced"", ""max_depth"": 4, ""min_samples_leaf"": 12, ""n_estimators"": 320}",800.0,5135.0,675.2,323.4,2215.0,2015.0,9865.0,9665.0,1.0,1.0,0.0,0.0,4
2,round1_prescreen_feature_screen,ps_mean_0005,4330.0,997.6,0.46926985817023137,0.6653110225482066,4000,0.24939999999999998,"var_175,var_190,var_214,var_254,var_341,var_379",6,single__lightgbm_gain,extra_trees_small,extra_trees_small_deep02,5,4000,0,5,0,True,ps_mean_0005__k_006,ps_mean_0005__k_006__extra_trees_small_deep02,"[""lightgbm_gain""]",mean_rank_score,classifier,"{""class_weight"": ""balanced"", ""max_depth"": 4, ""min_samples_leaf"": 12, ""n_estimators"": 320}",1200.0,5530.0,701.2,296.4,2215.0,2015.0,9865.0,9665.0,1.0,1.0,0.0,0.0,5
2,round1_prescreen_feature_screen,ps_mean_0012,4241.0,997.6,0.44743171501095336,0.6263063327032372,4000,0.24939999999999998,"var_159,var_190,var_308,var_379",4,pair__mutual_info+lightgbm_gain,xgboost_classifier,xgboost_classifier_deep03,5,4000,0,5,0,True,ps_mean_0012__k_004,ps_mean_0012__k_004__xgboost_classifier_deep03,"[""mutual_info"", ""lightgbm_gain""]",mean_rank_score,classifier,"{""learning_rate"": 0.035, ""max_depth"": 3, ""min_child_weight"": 3.0, ""n_estimators"": 260, ""scale_pos_weight_multiplier"": 1.0}",800.0,5041.0,668.6,329.0,2215.0,2015.0,9865.0,9665.0,1.0,1.0,0.0,0.0,6
2,round1_prescreen_feature_screen,ps_mean_0012,4240.0,999.8,0.4564670600430053,0.6400440358917268,4000,0.24994999999999998,"var_159,var_175,var_190,var_308,var_379",5,pair__mutual_info+lightgbm_gain,extra_trees_small,extra_trees_small_deep02,5,4000,0,5,0,True,ps_mean_0012__k_005,ps_mean_0012__k_005__extra_trees_small_deep02,"[""mutual_info"", ""lightgbm_gain""]",mean_rank_score,classifier,"{""class_weight"": ""balanced"", ""max_depth"": 4, ""min_samples_leaf"": 12, ""n_estimators"": 320}",1000.0,5240.0,682.6,317.2,2215.0,2015.0,9865.0,9665.0,1.0,1.0,0.0,0.0,7
2,round1_prescreen_feature_screen,ps_mean_0007,4232.0,999.0,0.48280473182687,0.6870719132062424,4000,0.24975,"var_175,var_190,var_214,var_254,var_261,var_341,var_379,var_482",8,single__sparse_gam_spam,extra_trees_small,extra_trees_small_deep02,5,4000,0,5,0,True,ps_mean_0007__k_008,ps_mean_0007__k_008__extra_trees_small_deep02,"[""sparse_gam_spam""]",mean_rank_score,classifier,"{""class_weight"": ""balanced"", ""max_depth"": 4, ""min_samples_leaf"": 12, ""n_estimators"": 320}",1600.0,5832.0,721.8,277.2,2215.0,2015.0,9865.0,9665.0,1.0,1.0,0.0,0.0,8
2,round1_prescreen_feature_screen,ps_mean_0012,4217.0,996.2,0.4642847606364243,0.647720341336912,4000,0.24905,"var_159,var_175,var_190,var_308,var_379,var_415",6,pair__mutual_info+lightgbm_gain,xgboost_classifier,xgboost_classifier_deep03,5,4000,0,5,0,True,ps_mean_0012__k_006,ps_mean_0012__k_006__xgboost_classifier_deep03,"[""mutual_info"", ""lightgbm_gain""]",mean_rank_score,classifier,"{""learning_rate"": 0.035, ""max_depth"": 3, ""min_child_weight"": 3.0, ""n_estimators"": 260, ""scale_pos_weight_multiplier"": 1.0}",1200.0,5417.0,693.2,303.0,2215.0,2015.0,9865.0,9665.0,1.0,1.0,0.0,0.0,9
2,round1_prescreen_feature_screen,ps_mean_0005,4174.0,998.6,0.4802366719236028,0.6885465430674971,4000,0.24965,"var_116,var_175,var_190,var_214,var_254,var_341,var_379,var_482",8,single__lightgbm_gain,extra_trees_small,extra_trees_small_deep02,5,4000,0,5,0,True,ps_mean_0005__k_008,ps_mean_0005__k_008__extra_trees_small_deep02,"[""lightgbm_gain""]",mean_rank_score,classifier,"{""class_weight"": ""balanced"", ""max_depth"": 4, ""min_samples_leaf"": 12, ""n_estimators"": 320}",1600.0,5774.0,717.8,280.8,2215.0,2015.0,9865.0,9665.0,1.0,1.0,0.0,0.0,10
2,round1_prescreen_feature_screen,ps_mean_0006,4159.0,997.0,0.46168310952925673,0.6483356287964831,4000,0.24924999999999997,"var_116,var_190,var_214,var_254,var_341,var_379",6,single__ebm,extra_trees_small,extra_trees_small_deep02,5,4000,0,5,0,True,ps_mean_0006__k_006,ps_mean_0006__k_006__extra_trees_small_deep02,"[""ebm""]",mean_rank_score,classifier,"{""class_weight"": ""balanced"", ""max_depth"": 4, ""min_samples_leaf"": 12, ""n_estimators"": 320}",1200.0,5359.0,689.6,307.4,2215.0,2015.0,9865.0,9665.0,1.0,1.0,0.0,0.0,11
2,round1_prescreen_feature_screen,ps_mean_0012,4153.0,996.6,0.47029473635665087,0.6584676339695879,4000,0.24914999999999998,"var_159,var_175,var_190,var_308,var_379,var_389,var_415",7,pair__mutual_info+lightgbm_gain,xgboost_classifier,xgboost_classifier_deep03,5,4000,0,5,0,True,ps_mean_0012__k_007,ps_mean_0012__k_007__xgboost_classifier_deep03,"[""mutual_info"", ""lightgbm_gain""]",mean_rank_score,classifier,"{""learning_rate"": 0.035, ""max_depth"": 3, ""min_child_weight"": 3.0, ""n_estimators"": 260, ""scale_pos_weight_multiplier"": 1.0}",1400.0,5553.0,702.4,294.2,2215.0,2015.0,9865.0,9665.0,1.0,1.0,0.0,0.0,12
2,round1_prescreen_feature_screen,ps_mean_0039,4137.0,999.4,0.4518456305999659,0.6366200415558414,4000,0.24985,"var_175,var_190,var_254,var_308,var_389",5,triple__mutual_info+abs_corr+lightgbm_gain,xgboost_classifier,xgboost_classifier_deep03,5,4000,0,5,0,True,ps_mean_0039__k_005,ps_mean_0039__k_005__xgboost_classifier_deep03,"[""mutual_info"", ""abs_corr"", ""lightgbm_gain""]",mean_rank_score,classifier,"{""learning_rate"": 0.035, ""max_depth"": 3, ""min_child_weight"": 3.0, ""n_estimators"": 260, ""scale_pos_weight_multiplier"": 1.0}",1000.0,5137.0,675.6,323.8,2215.0,2015.0,9865.0,9665.0,1.0,1.0,0.0,0.0,13
2,round1_prescreen_feature_screen,ps_mean_0005,4134.0,999.8,0.4695748784815986,0.6730782798351667,4000,0.24995000000000003,"var_175,var_190,var_214,var_254,var_341,var_379,var_482",7,single__lightgbm_gain,extra_trees_small,extra_trees_small_deep02,5,4000,0,5,0,True,ps_mean_0005__k_007,ps_mean_0005__k_007__extra_trees_small_deep02,"[""lightgbm_gain""]",mean_rank_score,classifier,"{""class_weight"": ""balanced"", ""max_depth"": 4, ""min_samples_leaf"": 12, ""n_estimators"": 320}",1400.0,5534.0,702.2,297.6,2215.0,2015.0,9865.0,9665.0,1.0,1.0,0.0,0.0,14
2,round1_prescreen_feature_screen,ps_mean_0005,4127.0,999.0,0.45140811080503696,0.6438876387246841,4000,0.24975,"var_175,var_214,var_254,var_341,var_379",5,single__lightgbm_gain,extra_trees_small,extra_trees_small_deep02,5,4000,0,5,0,True,ps_mean_0005__k_005,ps_mean_0005__k_005__extra_trees_small_deep02,"[""lightgbm_gain""]",mean_rank_score,classifier,"{""class_weight"": ""balanced"", ""max_depth"": 4, ""min_samples_leaf"": 12, ""n_estimators"": 320}",1000.0,5127.0,674.8,324.2,2215.0,2015.0,9865.0,9665.0,1.0,1.0,0.0,0.0,15
2,round1_prescreen_feature_screen,ps_mean_0018,4126.0,993.8,0.4511539217825068,0.6322186774282179,4000,0.24845,"var_175,var_190,var_254,var_264,var_389",5,pair__abs_corr+lightgbm_gain,xgboost_classifier,xgboost_classifier_deep03,5,4000,0,5,0,True,ps_mean_0018__k_005,ps_mean_0018__k_005__xgboost_classifier_deep03,"[""abs_corr"", ""lightgbm_gain""]",mean_rank_score,classifier,"{""learning_rate"": 0.035, ""max_depth"": 3, ""min_child_weight"": 3.0, ""n_estimators"": 260, ""scale_pos_weight_multiplier"": 1.0}",1000.0,5126.0,673.0,320.8,2215.0,2015.0,9865.0,9665.0,1.0,1.0,0.0,0.0,16
2,round1_prescreen_feature_screen,ps_mean_0013,4074.0,997.6,0.4757842056338911,0.6666846253636637,4000,0.2494,"var_159,var_175,var_190,var_308,var_379,var_389,var_415,var_73",8,pair__mutual_info+ebm,xgboost_classifier,xgboost_classifier_deep03,5,4000,0,5,0,True,ps_mean_0013__k_008,ps_mean_0013__k_008__xgboost_classifier_deep03,"[""mutual_info"", ""ebm""]",mean_rank_score,classifier,"{""learning_rate"": 0.035, ""max_depth"": 3, ""min_child_weight"": 3.0, ""n_estimators"": 260, ""scale_pos_weight_multiplier"": 1.0}",1600.0,5674.0,710.8,286.8,2215.0,2015.0,9865.0,9665.0,1.0,1.0,0.0,0.0,17
2,round1_prescreen_feature_screen,ps_mean_0018,4071.0,998.4,0.4577548673633031,0.6422459054795859,4000,0.2496,"var_175,var_190,var_254,var_264,var_328,var_389",6,pair__abs_corr+lightgbm_gain,random_forest_small,random_forest_small_deep02,5,4000,0,5,0,True,ps_mean_0018__k_006,ps_mean_0018__k_006__random_forest_small_deep02,"[""abs_corr"", ""lightgbm_gain""]",mean_rank_score,classifier,"{""class_weight"": ""balanced_subsample"", ""max_depth"": 5, ""min_samples_leaf"": 16, ""n_estimators"": 400}",1200.0,5271.0,684.2,314.2,2215.0,2015.0,9865.0,9665.0,1.0,1.0,0.0,0.0,18
2,round1_prescreen_feature_screen,ps_mean_0018,4047.0,998.6,0.4388705022536953,0.6152215582365542,4000,0.24965,"var_175,var_190,var_254,var_389",4,pair__abs_corr+lightgbm_gain,extra_trees_small,extra_trees_small_deep02,5,4000,0,5,0,True,ps_mean_0018__k_004,ps_mean_0018__k_004__extra_trees_small_deep02,"[""abs_corr"", ""lightgbm_gain""]",mean_rank_score,classifier,"{""class_weight"": ""balanced"", ""max_depth"": 4, ""min_samples_leaf"": 12, ""n_estimators"": 320}",800.0,4847.0,656.0,342.6,2215.0,2015.0,9865.0,9665.0,1.0,1.0,0.0,0.0,19
2,round1_prescreen_feature_screen,ps_mean_0009,4042.0,998.6,0.4208443654812221,0.5876026739541477,4000,0.24965,"var_190,var_308",2,pair__mutual_info+abs_corr,extra_trees_small,extra_trees_small_deep02,5,4000,0,5,0,True,ps_mean_0009__k_002,ps_mean_0009__k_002__extra_trees_small_deep02,"[""mutual_info"", ""abs_corr""]",mean_rank_score,classifier,"{""class_weight"": ""balanced"", ""max_depth"": 4, ""min_samples_leaf"": 12, ""n_estimators"": 320}",400.0,4442.0,629.0,369.6,2215.0,2015.0,9865.0,9665.0,1.0,1.0,0.0,0.0,20
2,round1_prescreen_feature_screen,ps_mean_0005,4024.0,996.6,0.43780216150459417,0.625523966860329,4000,0.24914999999999998,"var_175,var_214,var_341,var_379",4,single__lightgbm_gain,extra_trees_small,extra_trees_small_deep02,5,4000,0,5,0,True,ps_mean_0005__k_004,ps_mean_0005__k_004__extra_trees_small_deep02,"[""lightgbm_gain""]",mean_rank_score,classifier,"{""class_weight"": ""balanced"", ""max_depth"": 4, ""min_samples_leaf"": 12, ""n_estimators"": 320}",800.0,4824.0,653.8,342.8,2215.0,2015.0,9865.0,9665.0,1.0,1.0,0.0,0.0,21
2,round1_prescreen_feature_screen,ps_mean_0006,4004.0,998.8,0.43699371887983335,0.6112741783021106,4000,0.24969999999999998,"var_190,var_214,var_341,var_379",4,single__ebm,extra_trees_small,extra_trees_small_deep02,5,4000,0,5,0,True,ps_mean_0006__k_004,ps_mean_0006__k_004__extra_trees_small_deep02,"[""ebm""]",mean_rank_score,classifier,"{""class_weight"": ""balanced"", ""max_depth"": 4, ""min_samples_leaf"": 12, ""n_estimators"": 320}",800.0,4804.0,653.2,345.6,2215.0,2015.0,9865.0,9665.0,1.0,1.0,0.0,0.0,22
2,round1_prescreen_feature_screen,ps_mean_0006,3993.0,999.8,0.4632881028816661,0.6650566423970086,4000,0.24994999999999998,"var_116,var_175,var_190,var_214,var_254,var_341,var_379",7,single__ebm,extra_trees_small,extra_trees_small_deep02,5,4000,0,5,0,True,ps_mean_0006__k_007,ps_mean_0006__k_007__extra_trees_small_deep02,"[""ebm""]",mean_rank_score,classifier,"{""class_weight"": ""balanced"", ""max_depth"": 4, ""min_samples_leaf"": 12, ""n_estimators"": 320}",1400.0,5393.0,692.8,307.0,2215.0,2015.0,9865.0,9665.0,1.0,1.0,0.0,0.0,23
2,round1_prescreen_feature_screen,ps_mean_0039,3992.0,995.6,0.45417083513475365,0.6397883807147096,4000,0.24889999999999998,"var_175,var_190,var_223,var_254,var_308,var_389",6,triple__mutual_info+abs_corr+lightgbm_gain,extra_trees_small,extra_trees_small_deep02,5,4000,0,5,0,True,ps_mean_0039__k_006,ps_mean_0039__k_006__extra_trees_small_deep02,"[""mutual_info"", ""abs_corr"", ""lightgbm_gain""]",mean_rank_score,classifier,"{""class_weight"": ""balanced"", ""max_depth"": 4, ""min_samples_leaf"": 12, ""n_estimators"": 320}",1200.0,5192.0,678.0,317.6,2215.0,2015.0,9865.0,9665.0,1.0,1.0,0.0,0.0,24
2,round1_prescreen_feature_screen,ps_mean_0005,3988.0,998.2,0.4807954351336369,0.6967944350873105,4000,0.24955,"var_116,var_175,var_190,var_214,var_226,var_254,var_341,var_379,var_482",9,single__lightgbm_gain,extra_trees_small,extra_trees_small_deep02,5,4000,0,5,0,True,ps_mean_0005__k_009,ps_mean_0005__k_009__extra_trees_small_deep02,"[""lightgbm_gain""]",mean_rank_score,classifier,"{""class_weight"": ""balanced"", ""max_depth"": 4, ""min_samples_leaf"": 12, ""n_estimators"": 320}",1800.0,5788.0,718.6,279.6,2215.0,2015.0,9865.0,9665.0,1.0,1.0,0.0,0.0,25
2,round1_prescreen_feature_screen,ps_mean_0012,3987.0,997.6,0.4719128840604846,0.6652244707955337,4000,0.24939999999999998,"var_159,var_175,var_190,var_308,var_379,var_389,var_415,var_482",8,pair__mutual_info+lightgbm_gain,xgboost_classifier,xgboost_classifier_deep03,5,4000,0,5,0,True,ps_mean_0012__k_008,ps_mean_0012__k_008__xgboost_classifier_deep03,"[""mutual_info"", ""lightgbm_gain""]",mean_rank_score,classifier,"{""learning_rate"": 0.035, ""max_depth"": 3, ""min_child_weight"": 3.0, ""n_estimators"": 260, ""scale_pos_weight_multiplier"": 1.0}",1600.0,5587.0,705.0,292.6,2215.0,2015.0,9865.0,9665.0,1.0,1.0,0.0,0.0,26
2,round1_prescreen_feature_screen,ps_mean_0005,3982.0,997.0,0.4269093389606985,0.6095219178188358,4000,0.24924999999999997,"var_175,var_214,var_341",3,single__lightgbm_gain,extra_trees_small,extra_trees_small_deep02,5,4000,0,5,0,True,ps_mean_0005__k_003,ps_mean_0005__k_003__extra_trees_small_deep02,"[""lightgbm_gain""]",mean_rank_score,classifier,"{""class_weight"": ""balanced"", ""max_depth"": 4, ""min_samples_leaf"": 12, ""n_estimators"": 320}",600.0,4582.0,637.8,359.2,2215.0,2015.0,9865.0,9665.0,1.0,1.0,0.0,0.0,27
2,round1_prescreen_feature_screen,ps_mean_0007,3980.0,999.2,0.4805019294226045,0.6933443402228895,4000,0.24980000000000002,"var_175,var_190,var_214,var_254,var_261,var_341,var_379,var_389,var_482",9,single__sparse_gam_spam,extra_trees_small,extra_trees_small_deep02,5,4000,0,5,0,True,ps_mean_0007__k_009,ps_mean_0007__k_009__extra_trees_small_deep02,"[""sparse_gam_spam""]",mean_rank_score,classifier,"{""class_weight"": ""balanced"", ""max_depth"": 4, ""min_samples_leaf"": 12, ""n_estimators"": 320}",1800.0,5780.0,718.4,280.8,2215.0,2015.0,9865.0,9665.0,1.0,1.0,0.0,0.0,28
2,round1_prescreen_feature_screen,ps_mean_0006,3937.0,999.2,0.4429108703864955,0.6306619709049108,4000,0.24980000000000002,"var_190,var_214,var_254,var_341,var_379",5,single__ebm,extra_trees_small,extra_trees_small_deep02,5,4000,0,5,0,True,ps_mean_0006__k_005,ps_mean_0006__k_005__extra_trees_small_deep02,"[""ebm""]",mean_rank_score,classifier,"{""class_weight"": ""balanced"", ""max_depth"": 4, ""min_samples_leaf"": 12, ""n_estimators"": 320}",1000.0,4937.0,662.2,337.0,2215.0,2015.0,9865.0,9665.0,1.0,1.0,0.0,0.0,29
2,round1_prescreen_feature_screen,ps_mean_0006,3936.0,997.2,0.42506695113210313,0.5978353061649498,4000,0.2493,"var_190,var_214,var_341",3,single__ebm,extra_trees_small,extra_trees_small_deep02,5,4000,0,5,0,True,ps_mean_0006__k_003,ps_mean_0006__k_003__extra_trees_small_deep02,"[""ebm""]",mean_rank_score,classifier,"{""class_weight"": ""balanced"", ""max_depth"": 4, ""min_samples_leaf"": 12, ""n_estimators"": 320}",600.0,4536.0,634.8,362.4,2215.0,2015.0,9865.0,9665.0,1.0,1.0,0.0,0.0,30
2,round1_prescreen_feature_screen,ps_mean_0009,3921.0,995.4,0.42416968693645324,0.5957244634203842,4000,0.24885000000000002,"var_190,var_308,var_389",3,pair__mutual_info+abs_corr,extra_trees_small,extra_trees_small_deep02,5,4000,0,5,0,True,ps_mean_0009__k_003,ps_mean_0009__k_003__extra_trees_small_deep02,"[""mutual_info"", ""abs_corr""]",mean_rank_score,classifier,"{""class_weight"": ""balanced"", ""max_depth"": 4, ""min_samples_leaf"": 12, ""n_estimators"": 320}",600.0,4521.0,633.2,362.2,2215.0,2015.0,9865.0,9665.0,1.0,1.0,0.0,0.0,31
2,round1_prescreen_feature_screen,ps_mean_0012,3893.0,995.6,0.4765920280275708,0.6753531009002932,4000,0.24889999999999998,"var_159,var_175,var_190,var_254,var_308,var_379,var_389,var_415,var_482",9,pair__mutual_info+lightgbm_gain,xgboost_classifier,xgboost_classifier_deep03,5,4000,0,5,0,True,ps_mean_0012__k_009,ps_mean_0012__k_009__xgboost_classifier_deep03,"[""mutual_info"", ""lightgbm_gain""]",mean_rank_score,classifier,"{""learning_rate"": 0.035, ""max_depth"": 3, ""min_child_weight"": 3.0, ""n_estimators"": 260, ""scale_pos_weight_multiplier"": 1.0}",1800.0,5693.0,711.4,284.2,2215.0,2015.0,9865.0,9665.0,1.0,1.0,0.0,0.0,32
2,round1_prescreen_feature_screen,ps_mean_0009,3874.0,999.0,0.43117265957016837,0.6065138819061086,4000,0.24975,"var_175,var_190,var_308,var_389",4,pair__mutual_info+abs_corr,extra_trees_small,extra_trees_small_deep02,5,4000,0,5,0,True,ps_mean_0009__k_004,ps_mean_0009__k_004__extra_trees_small_deep02,"[""mutual_info"", ""abs_corr""]",mean_rank_score,classifier,"{""class_weight"": ""balanced"", ""max_depth"": 4, ""min_samples_leaf"": 12, ""n_estimators"": 320}",800.0,4674.0,644.6,354.4,2215.0,2015.0,9865.0,9665.0,1.0,1.0,0.0,0.0,33
2,round1_prescreen_feature_screen,ps_mean_0019,3867.0,997.8,0.44867937144767633,0.6310361784826142,4000,0.24945,"var_175,var_190,var_198,var_254,var_328,var_389",6,pair__abs_corr+ebm,xgboost_classifier,xgboost_classifier_deep03,5,4000,0,5,0,True,ps_mean_0019__k_006,ps_mean_0019__k_006__xgboost_classifier_deep03,"[""abs_corr"", ""ebm""]",mean_rank_score,classifier,"{""learning_rate"": 0.035, ""max_depth"": 3, ""min_child_weight"": 3.0, ""n_estimators"": 260, ""scale_pos_weight_multiplier"": 1.0}",1200.0,5067.0,670.4,327.4,2215.0,2015.0,9865.0,9665.0,1.0,1.0,0.0,0.0,34
2,round1_prescreen_feature_screen,ps_mean_0014,3864.0,998.2,0.4663481761721478,0.6632472307564228,4000,0.24955,"var_175,var_190,var_254,var_308,var_379,var_389,var_482,var_59",8,pair__mutual_info+sparse_gam_spam,xgboost_classifier,xgboost_classifier_deep03,5,4000,0,5,0,True,ps_mean_0014__k_008,ps_mean_0014__k_008__xgboost_classifier_deep03,"[""mutual_info"", ""sparse_gam_spam""]",mean_rank_score,classifier,"{""learning_rate"": 0.035, ""max_depth"": 3, ""min_child_weight"": 3.0, ""n_estimators"": 260, ""scale_pos_weight_multiplier"": 1.0}",1600.0,5464.0,697.0,301.2,2215.0,2015.0,9865.0,9665.0,1.0,1.0,0.0,0.0,35
2,round1_prescreen_feature_screen,ps_mean_0039,3863.0,998.0,0.4217283588503394,0.5960795456107986,4000,0.2495,"var_175,var_190,var_308",3,triple__mutual_info+abs_corr+lightgbm_gain,extra_trees_small,extra_trees_small_deep02,5,4000,0,5,0,True,ps_mean_0039__k_003,ps_mean_0039__k_003__extra_trees_small_deep02,"[""mutual_info"", ""abs_corr"", ""lightgbm_gain""]",mean_rank_score,classifier,"{""class_weight"": ""balanced"", ""max_depth"": 4, ""min_samples_leaf"": 12, ""n_estimators"": 320}",600.0,4463.0,630.2,367.8,2215.0,2015.0,9865.0,9665.0,1.0,1.0,0.0,0.0,36
2,round1_prescreen_feature_screen,ps_mean_0018,3861.0,998.6,0.45730574206981983,0.6434058289680367,4000,0.24965,"var_175,var_190,var_254,var_264,var_308,var_328,var_389",7,pair__abs_corr+lightgbm_gain,xgboost_classifier,xgboost_classifier_deep03,5,4000,0,5,0,True,ps_mean_0018__k_007,ps_mean_0018__k_007__xgboost_classifier_deep03,"[""abs_corr"", ""lightgbm_gain""]",mean_rank_score,classifier,"{""learning_rate"": 0.035, ""max_depth"": 3, ""min_child_weight"": 3.0, ""n_estimators"": 260, ""scale_pos_weight_multiplier"": 1.0}",1400.0,5261.0,683.6,315.0,2215.0,2015.0,9865.0,9665.0,1.0,1.0,0.0,0.0,37
2,round1_prescreen_feature_screen,ps_mean_0007,3858.0,998.6,0.4839816443100218,0.7001109772472892,4000,0.24965,"var_175,var_190,var_214,var_254,var_261,var_308,var_341,var_379,var_389,var_482",10,single__sparse_gam_spam,extra_trees_small,extra_trees_small_deep02,5,4000,0,5,0,True,ps_mean_0007__k_010,ps_mean_0007__k_010__extra_trees_small_deep02,"[""sparse_gam_spam""]",mean_rank_score,classifier,"{""class_weight"": ""balanced"", ""max_depth"": 4, ""min_samples_leaf"": 12, ""n_estimators"": 320}",2000.0,5858.0,723.4,275.2,2215.0,2015.0,9865.0,9665.0,1.0,1.0,0.0,0.0,38
2,round1_prescreen_feature_screen,ps_mean_0006,3855.0,999.0,0.47492242445725397,0.691320149233022,4000,0.24975,"var_116,var_175,var_190,var_214,var_254,var_341,var_379,var_389,var_482",9,single__ebm,extra_trees_small,extra_trees_small_deep02,5,4000,0,5,0,True,ps_mean_0006__k_009,ps_mean_0006__k_009__extra_trees_small_deep02,"[""ebm""]",mean_rank_score,classifier,"{""class_weight"": ""balanced"", ""max_depth"": 4, ""min_samples_leaf"": 12, ""n_estimators"": 320}",1800.0,5655.0,710.0,289.0,2215.0,2015.0,9865.0,9665.0,1.0,1.0,0.0,0.0,39
2,round1_prescreen_feature_screen,ps_mean_0005,3844.0,996.2,0.4118884076318194,0.5816399782095587,4000,0.24905,"var_175,var_214",2,single__lightgbm_gain,extra_trees_small,extra_trees_small_deep02,5,4000,0,5,0,True,ps_mean_0005__k_002,ps_mean_0005__k_002__extra_trees_small_deep02,"[""lightgbm_gain""]",mean_rank_score,classifier,"{""class_weight"": ""balanced"", ""max_depth"": 4, ""min_samples_leaf"": 12, ""n_estimators"": 320}",400.0,4244.0,615.0,381.2,2215.0,2015.0,9865.0,9665.0,1.0,1.0,0.0,0.0,40
2,round1_prescreen_feature_screen,ps_mean_0007,3829.0,998.4,0.4023529393749115,0.55885996691433,4000,0.2496,var_175,1,single__sparse_gam_spam,extra_trees_small,extra_trees_small_deep02,5,4000,0,5,0,True,ps_mean_0007__k_001,ps_mean_0007__k_001__extra_trees_small_deep02,"[""sparse_gam_spam""]",mean_rank_score,classifier,"{""class_weight"": ""balanced"", ""max_depth"": 4, ""min_samples_leaf"": 12, ""n_estimators"": 320}",200.0,4029.0,601.4,397.0,2215.0,2015.0,9865.0,9665.0,1.0,1.0,0.0,0.0,41
2,round1_prescreen_feature_screen,ps_mean_0006,3801.0,999.2,0.4814784599059162,0.7002718055040614,4000,0.24980000000000002,"var_116,var_175,var_190,var_214,var_254,var_261,var_341,var_379,var_389,var_482",10,single__ebm,extra_trees_small,extra_trees_small_deep02,5,4000,0,5,0,True,ps_mean_0006__k_010,ps_mean_0006__k_010__extra_trees_small_deep02,"[""ebm""]",mean_rank_score,classifier,"{""class_weight"": ""balanced"", ""max_depth"": 4, ""min_samples_leaf"": 12, ""n_estimators"": 320}",2000.0,5801.0,719.8,279.4,2215.0,2015.0,9865.0,9665.0,1.0,1.0,0.0,0.0,42
2,round1_prescreen_feature_screen,ps_mean_0019,3800.0,998.2,0.454559615125273,0.6410681316296656,4000,0.24955,"var_175,var_190,var_198,var_254,var_264,var_328,var_389",7,pair__abs_corr+ebm,xgboost_classifier,xgboost_classifier_deep03,5,4000,0,5,0,True,ps_mean_0019__k_007,ps_mean_0019__k_007__xgboost_classifier_deep03,"[""abs_corr"", ""ebm""]",mean_rank_score,classifier,"{""learning_rate"": 0.035, ""max_depth"": 3, ""min_child_weight"": 3.0, ""n_estimators"": 260, ""scale_pos_weight_multiplier"": 1.0}",1400.0,5200.0,679.4,318.8,2215.0,2015.0,9865.0,9665.0,1.0,1.0,0.0,0.0,43
2,round1_prescreen_feature_screen,ps_mean_0005,3781.0,999.0,0.4805337965474357,0.7039013290019123,4000,0.24975,"var_116,var_159,var_175,var_190,var_214,var_226,var_254,var_341,var_379,var_482",10,single__lightgbm_gain,extra_trees_small,extra_trees_small_deep02,5,4000,0,5,0,True,ps_mean_0005__k_010,ps_mean_0005__k_010__extra_trees_small_deep02,"[""lightgbm_gain""]",mean_rank_score,classifier,"{""class_weight"": ""balanced"", ""max_depth"": 4, ""min_samples_leaf"": 12, ""n_estimators"": 320}",2000.0,5781.0,718.4,280.6,2215.0,2015.0,9865.0,9665.0,1.0,1.0,0.0,0.0,44
2,round1_prescreen_feature_screen,ps_mean_0003,3754.0,998.0,0.43472403503619034,0.6216402132143176,4000,0.2495,"var_174,var_198,var_308,var_344,var_389",5,single__logistic_l1,xgboost_classifier,xgboost_classifier_deep03,5,4000,0,5,0,True,ps_mean_0003__k_005,ps_mean_0003__k_005__xgboost_classifier_deep03,"[""logistic_l1""]",mean_rank_score,classifier,"{""learning_rate"": 0.035, ""max_depth"": 3, ""min_child_weight"": 3.0, ""n_estimators"": 260, ""scale_pos_weight_multiplier"": 1.0}",1000.0,4754.0,649.6,348.4,2215.0,2015.0,9865.0,9665.0,1.0,1.0,0.0,0.0,45
2,round1_prescreen_feature_screen,ps_mean_0009,3720.0,997.6,0.4331771566579118,0.6158947468686241,4000,0.24939999999999998,"var_175,var_190,var_223,var_308,var_389",5,pair__mutual_info+abs_corr,random_forest_small,random_forest_small_deep02,5,4000,0,5,0,True,ps_mean_0009__k_005,ps_mean_0009__k_005__random_forest_small_deep02,"[""mutual_info"", ""abs_corr""]",mean_rank_score,classifier,"{""class_weight"": ""balanced_subsample"", ""max_depth"": 5, ""min_samples_leaf"": 16, ""n_estimators"": 400}",1000.0,4720.0,647.2,350.4,2215.0,2015.0,9865.0,9665.0,1.0,1.0,0.0,0.0,46
2,round1_prescreen_feature_screen,ps_mean_0020,3713.0,996.6,0.45963618676319856,0.6487026612288899,4000,0.24915000000000004,"var_10,var_175,var_190,var_254,var_308,var_328,var_389,var_59",8,pair__abs_corr+sparse_gam_spam,lightgbm_classifier,lightgbm_classifier_deep03,5,4000,0,5,0,True,ps_mean_0020__k_008,ps_mean_0020__k_008__lightgbm_classifier_deep03,"[""abs_corr"", ""sparse_gam_spam""]",mean_rank_score,classifier,"{""learning_rate"": 0.035, ""min_child_samples"": 20, ""n_estimators"": 260, ""num_leaves"": 15, ""scale_pos_weight_multiplier"": 1.0}",1600.0,5313.0,686.4,310.2,2215.0,2015.0,9865.0,9665.0,1.0,1.0,0.0,0.0,47
2,round1_prescreen_feature_screen,ps_mean_0013,3710.0,997.6,0.477321683254717,0.6727099473764343,4000,0.2494,"var_159,var_175,var_190,var_254,var_308,var_379,var_389,var_415,var_482,var_73",10,pair__mutual_info+ebm,xgboost_classifier,xgboost_classifier_deep03,5,4000,0,5,0,True,ps_mean_0013__k_010,ps_mean_0013__k_010__xgboost_classifier_deep03,"[""mutual_info"", ""ebm""]",mean_rank_score,classifier,"{""learning_rate"": 0.035, ""max_depth"": 3, ""min_child_weight"": 3.0, ""n_estimators"": 260, ""scale_pos_weight_multiplier"": 1.0}",2000.0,5710.0,713.2,284.4,2215.0,2015.0,9865.0,9665.0,1.0,1.0,0.0,0.0,48
2,round1_prescreen_feature_screen,ps_mean_0012,3697.0,999.0,0.47682570565654603,0.6764014971303169,4000,0.24975,"var_159,var_175,var_190,var_254,var_308,var_341,var_379,var_389,var_415,var_482",10,pair__mutual_info+lightgbm_gain,xgboost_classifier,xgboost_classifier_deep03,5,4000,0,5,0,True,ps_mean_0012__k_010,ps_mean_0012__k_010__xgboost_classifier_deep03,"[""mutual_info"", ""lightgbm_gain""]",mean_rank_score,classifier,"{""learning_rate"": 0.035, ""max_depth"": 3, ""min_child_weight"": 3.0, ""n_estimators"": 260, ""scale_pos_weight_multiplier"": 1.0}",2000.0,5697.0,712.8,286.2,2215.0,2015.0,9865.0,9665.0,1.0,1.0,0.0,0.0,49
2,round1_prescreen_feature_screen,ps_mean_0018,3685.0,999.8,0.458470752279134,0.6462643618533275,4000,0.24994999999999998,"var_175,var_190,var_198,var_254,var_264,var_308,var_328,var_389",8,pair__abs_corr+lightgbm_gain,xgboost_classifier,xgboost_classifier_deep03,5,4000,0,5,0,True,ps_mean_0018__k_008,ps_mean_0018__k_008__xgboost_classifier_deep03,"[""abs_corr"", ""lightgbm_gain""]",mean_rank_score,classifier,"{""learning_rate"": 0.035, ""max_depth"": 3, ""min_child_weight"": 3.0, ""n_estimators"": 260, ""scale_pos_weight_multiplier"": 1.0}",1600.0,5285.0,685.6,314.2,2215.0,2015.0,9865.0,9665.0,1.0,1.0,0.0,0.0,50
2,round1_prescreen_feature_screen,ps_mean_0001,3655.0,992.0,0.4302921979496011,0.5998865227020848,4000,0.248,"var_134,var_159,var_190,var_379,var_415",5,single__mutual_info,extra_trees_small,extra_trees_small_deep02,5,4000,0,5,0,True,ps_mean_0001__k_005,ps_mean_0001__k_005__extra_trees_small_deep02,"[""mutual_info""]",mean_rank_score,classifier,"{""class_weight"": ""balanced"", ""max_depth"": 4, ""min_samples_leaf"": 12, ""n_estimators"": 320}",1000.0,4655.0,641.0,351.0,2215.0,2015.0,9865.0,9665.0,1.0,1.0,0.0,0.0,51
2,round1_prescreen_feature_screen,ps_mean_0003,3646.0,998.2,0.43887079022009934,0.6260409523292847,4000,0.24955,"var_174,var_198,var_308,var_31,var_344,var_389",6,single__logistic_l1,logistic_baseline,logistic_baseline_deep03,5,4000,0,5,0,True,ps_mean_0003__k_006,ps_mean_0003__k_006__logistic_baseline_deep03,"[""logistic_l1""]",mean_rank_score,classifier,"{""C"": 0.2, ""class_weight"": ""balanced"", ""l1_ratio"": 0.5, ""max_iter"": 2500, ""solver"": ""saga""}",1200.0,4846.0,655.8,342.4,2215.0,2015.0,9865.0,9665.0,1.0,1.0,0.0,0.0,52
2,round1_prescreen_feature_screen,ps_mean_0001,3625.0,991.6,0.4377729150426634,0.6069871914906277,4000,0.2479,"var_134,var_159,var_190,var_379,var_415,var_466",6,single__mutual_info,random_forest_small,random_forest_small_deep02,5,4000,0,5,0,True,ps_mean_0001__k_006,ps_mean_0001__k_006__random_forest_small_deep02,"[""mutual_info""]",mean_rank_score,classifier,"{""class_weight"": ""balanced_subsample"", ""max_depth"": 5, ""min_samples_leaf"": 16, ""n_estimators"": 400}",1200.0,4825.0,652.2,339.4,2215.0,2015.0,9865.0,9665.0,1.0,1.0,0.0,0.0,53
2,round1_prescreen_feature_screen,ps_mean_0003,3597.0,997.4,0.41870523597607434,0.6071721202354348,4000,0.24935000000000002,"var_198,var_308,var_344,var_389",4,single__logistic_l1,logistic_baseline,logistic_baseline_deep03,5,4000,0,5,0,True,ps_mean_0003__k_004,ps_mean_0003__k_004__logistic_baseline_deep03,"[""logistic_l1""]",mean_rank_score,classifier,"{""C"": 0.2, ""class_weight"": ""balanced"", ""l1_ratio"": 0.5, ""max_iter"": 2500, ""solver"": ""saga""}",800.0,4397.0,625.6,371.8,2215.0,2015.0,9865.0,9665.0,1.0,1.0,0.0,0.0,54
2,round1_prescreen_feature_screen,ps_mean_0009,3563.0,998.6,0.4351721832163157,0.6190786363423859,4000,0.24965,"var_175,var_190,var_223,var_308,var_386,var_389",6,pair__mutual_info+abs_corr,random_forest_small,random_forest_small_deep02,5,4000,0,5,0,True,ps_mean_0009__k_006,ps_mean_0009__k_006__random_forest_small_deep02,"[""mutual_info"", ""abs_corr""]",mean_rank_score,classifier,"{""class_weight"": ""balanced_subsample"", ""max_depth"": 5, ""min_samples_leaf"": 16, ""n_estimators"": 400}",1200.0,4763.0,650.4,348.2,2215.0,2015.0,9865.0,9665.0,1.0,1.0,0.0,0.0,55
2,round1_prescreen_feature_screen,ps_mean_0003,3557.0,999.4,0.4438198128522113,0.6278368636964898,4000,0.24985,"var_174,var_198,var_308,var_31,var_328,var_344,var_389",7,single__logistic_l1,xgboost_classifier,xgboost_classifier_deep03,5,4000,0,5,0,True,ps_mean_0003__k_007,ps_mean_0003__k_007__xgboost_classifier_deep03,"[""logistic_l1""]",mean_rank_score,classifier,"{""learning_rate"": 0.035, ""max_depth"": 3, ""min_child_weight"": 3.0, ""n_estimators"": 260, ""scale_pos_weight_multiplier"": 1.0}",1400.0,4957.0,663.6,335.8,2215.0,2015.0,9865.0,9665.0,1.0,1.0,0.0,0.0,56
2,round1_prescreen_feature_screen,ps_mean_0001,3554.0,991.4,0.4078958949980816,0.5723734655626777,4000,0.24785,"var_134,var_190,var_379",3,single__mutual_info,random_forest_small,random_forest_small_deep02,5,4000,0,5,0,True,ps_mean_0001__k_003,ps_mean_0001__k_003__random_forest_small_deep02,"[""mutual_info""]",mean_rank_score,classifier,"{""class_weight"": ""balanced_subsample"", ""max_depth"": 5, ""min_samples_leaf"": 16, ""n_estimators"": 400}",600.0,4154.0,607.4,384.0,2215.0,2015.0,9865.0,9665.0,1.0,1.0,0.0,0.0,57
2,round1_prescreen_feature_screen,ps_mean_0003,3544.0,997.6,0.4074140488660031,0.586436700343182,4000,0.2494,"var_198,var_344,var_389",3,single__logistic_l1,extra_trees_small,extra_trees_small_deep02,5,4000,0,5,0,True,ps_mean_0003__k_003,ps_mean_0003__k_003__extra_trees_small_deep02,"[""logistic_l1""]",mean_rank_score,classifier,"{""class_weight"": ""balanced"", ""max_depth"": 4, ""min_samples_leaf"": 12, ""n_estimators"": 320}",600.0,4144.0,608.8,388.8,2215.0,2015.0,9865.0,9665.0,1.0,1.0,0.0,0.0,58
2,round1_prescreen_feature_screen,ps_mean_0033,3541.0,997.8,0.4162167484133522,0.5813001213274569,4000,0.24945,"var_175,var_214,var_379,var_392",4,pair__lightgbm_gain+lambdamart,extra_trees_small,extra_trees_small_deep02,5,4000,0,5,0,True,ps_mean_0033__k_004,ps_mean_0033__k_004__extra_trees_small_deep02,"[""lightgbm_gain"", ""lambdamart""]",mean_rank_score,classifier,"{""class_weight"": ""balanced"", ""max_depth"": 4, ""min_samples_leaf"": 12, ""n_estimators"": 320}",800.0,4341.0,622.0,375.8,2215.0,2015.0,9865.0,9665.0,1.0,1.0,0.0,0.0,59
2,round1_prescreen_feature_screen,ps_mean_0001,3534.0,992.8,0.3979939819458375,0.5624468895495134,4000,0.24820000000000003,"var_190,var_379",2,single__mutual_info,extra_trees_small,extra_trees_small_deep02,5,4000,0,5,0,True,ps_mean_0001__k_002,ps_mean_0001__k_002__extra_trees_small_deep02,"[""mutual_info""]",mean_rank_score,classifier,"{""class_weight"": ""balanced"", ""max_depth"": 4, ""min_samples_leaf"": 12, ""n_estimators"": 320}",400.0,3934.0,593.2,399.6,2215.0,2015.0,9865.0,9665.0,1.0,1.0,0.0,0.0,60
3,round1_prescreen_feature_screen,ps_mean_0007,4548.0,999.6,0.4792622223515208,0.6639850996274907,4000,0.2499,"var_175,var_190,var_214,var_254,var_341,var_379",6,single__sparse_gam_spam,extra_trees_small,extra_trees_small_deep02,5,4000,0,5,0,True,ps_mean_0007__k_006,ps_mean_0007__k_006__extra_trees_small_deep02,"[""sparse_gam_spam""]",mean_rank_score,classifier,"{""class_weight"": ""balanced"", ""max_depth"": 4, ""min_samples_leaf"": 12, ""n_estimators"": 320}",1200.0,5748.0,716.4,283.2,2350.0,2150.0,9850.0,9650.0,1.0,1.0,0.0,0.0,1
3,round1_prescreen_feature_screen,ps_mean_0012,4434.0,998.4,0.44733542840095203,0.6215578139453486,4000,0.2496,"var_159,var_175,var_254",3,pair__mutual_info+lightgbm_gain,extra_trees_small,extra_trees_small_deep02,5,4000,0,5,0,True,ps_mean_0012__k_003,ps_mean_0012__k_003__extra_trees_small_deep02,"[""mutual_info"", ""lightgbm_gain""]",mean_rank_score,classifier,"{""class_weight"": ""balanced"", ""max_depth"": 4, ""min_samples_leaf"": 12, ""n_estimators"": 320}",600.0,5034.0,668.4,330.0,2350.0,2150.0,9850.0,9650.0,1.0,1.0,0.0,0.0,2
3,round1_prescreen_feature_screen,ps_mean_0007,4420.0,997.4,0.46447510440286893,0.6455317882947074,4000,0.24935000000000002,"var_175,var_214,var_254,var_341,var_379",5,single__sparse_gam_spam,extra_trees_small,extra_trees_small_deep02,5,4000,0,5,0,True,ps_mean_0007__k_005,ps_mean_0007__k_005__extra_trees_small_deep02,"[""sparse_gam_spam""]",mean_rank_score,classifier,"{""class_weight"": ""balanced"", ""max_depth"": 4, ""min_samples_leaf"": 12, ""n_estimators"": 320}",1000.0,5420.0,693.8,303.6,2350.0,2150.0,9850.0,9650.0,1.0,1.0,0.0,0.0,3
3,round1_prescreen_feature_screen,ps_mean_0012,4403.0,998.2,0.4549397288385172,0.632726243156079,4000,0.24955,"var_10,var_159,var_175,var_254",4,pair__mutual_info+lightgbm_gain,extra_trees_small,extra_trees_small_deep02,5,4000,0,5,0,True,ps_mean_0012__k_004,ps_mean_0012__k_004__extra_trees_small_deep02,"[""mutual_info"", ""lightgbm_gain""]",mean_rank_score,classifier,"{""class_weight"": ""balanced"", ""max_depth"": 4, ""min_samples_leaf"": 12, ""n_estimators"": 320}",800.0,5203.0,679.6,318.6,2350.0,2150.0,9850.0,9650.0,1.0,1.0,0.0,0.0,4
3,round1_prescreen_feature_screen,ps_mean_0007,4397.0,999.0,0.49031597910885993,0.6864343608590214,4000,0.24975,"var_175,var_190,var_214,var_254,var_261,var_341,var_379,var_482",8,single__sparse_gam_spam,extra_trees_small,extra_trees_small_deep02,5,4000,0,5,0,True,ps_mean_0007__k_008,ps_mean_0007__k_008__extra_trees_small_deep02,"[""sparse_gam_spam""]",mean_rank_score,classifier,"{""class_weight"": ""balanced"", ""max_depth"": 4, ""min_samples_leaf"": 12, ""n_estimators"": 320}",1600.0,5997.0,732.8,266.2,2350.0,2150.0,9850.0,9650.0,1.0,1.0,0.0,0.0,5
3,round1_prescreen_feature_screen,ps_mean_0007,4394.0,999.4,0.48133779264214044,0.6726914422860572,4000,0.24985,"var_175,var_190,var_214,var_254,var_261,var_341,var_379",7,single__sparse_gam_spam,extra_trees_small,extra_trees_small_deep02,5,4000,0,5,0,True,ps_mean_0007__k_007,ps_mean_0007__k_007__extra_trees_small_deep02,"[""sparse_gam_spam""]",mean_rank_score,classifier,"{""class_weight"": ""balanced"", ""max_depth"": 4, ""min_samples_leaf"": 12, ""n_estimators"": 320}",1400.0,5794.0,719.4,280.0,2350.0,2150.0,9850.0,9650.0,1.0,1.0,0.0,0.0,6
3,round1_prescreen_feature_screen,ps_mean_0005,4358.0,997.0,0.4796617643834279,0.6731435785894647,4000,0.24924999999999997,"var_175,var_190,var_214,var_226,var_254,var_341,var_379",7,single__lightgbm_gain,extra_trees_small,extra_trees_small_deep02,5,4000,0,5,0,True,ps_mean_0005__k_007,ps_mean_0005__k_007__extra_trees_small_deep02,"[""lightgbm_gain""]",mean_rank_score,classifier,"{""class_weight"": ""balanced"", ""max_depth"": 4, ""min_samples_leaf"": 12, ""n_estimators"": 320}",1400.0,5758.0,716.2,280.8,2350.0,2150.0,9850.0,9650.0,1.0,1.0,0.0,0.0,7
3,round1_prescreen_feature_screen,ps_mean_0005,4342.0,998.2,0.4699942598893826,0.6529634490862273,4000,0.24955,"var_175,var_190,var_214,var_226,var_254,var_379",6,single__lightgbm_gain,extra_trees_small,extra_trees_small_deep02,5,4000,0,5,0,True,ps_mean_0005__k_006,ps_mean_0005__k_006__extra_trees_small_deep02,"[""lightgbm_gain""]",mean_rank_score,classifier,"{""class_weight"": ""balanced"", ""max_depth"": 4, ""min_samples_leaf"": 12, ""n_estimators"": 320}",1200.0,5542.0,702.2,296.0,2350.0,2150.0,9850.0,9650.0,1.0,1.0,0.0,0.0,8
3,round1_prescreen_feature_screen,ps_mean_0005,4340.0,998.4,0.46099806136474547,0.6387533438335959,4000,0.2496,"var_175,var_190,var_214,var_254,var_379",5,single__lightgbm_gain,extra_trees_small,extra_trees_small_deep02,5,4000,0,5,0,True,ps_mean_0005__k_005,ps_mean_0005__k_005__extra_trees_small_deep02,"[""lightgbm_gain""]",mean_rank_score,classifier,"{""class_weight"": ""balanced"", ""max_depth"": 4, ""min_samples_leaf"": 12, ""n_estimators"": 320}",1000.0,5340.0,688.8,309.6,2350.0,2150.0,9850.0,9650.0,1.0,1.0,0.0,0.0,9
3,round1_prescreen_feature_screen,ps_mean_0013,4317.0,997.6,0.45995203339934987,0.6397383934598365,4000,0.24939999999999998,"var_159,var_175,var_226,var_254,var_415",5,pair__mutual_info+ebm,extra_trees_small,extra_trees_small_deep02,5,4000,0,5,0,True,ps_mean_0013__k_005,ps_mean_0013__k_005__extra_trees_small_deep02,"[""mutual_info"", ""ebm""]",mean_rank_score,classifier,"{""class_weight"": ""balanced"", ""max_depth"": 4, ""min_samples_leaf"": 12, ""n_estimators"": 320}",1000.0,5317.0,687.0,310.6,2350.0,2150.0,9850.0,9650.0,1.0,1.0,0.0,0.0,10
3,round1_prescreen_feature_screen,ps_mean_0012,4300.0,997.4,0.4590977202027136,0.6438908222705568,4000,0.24935000000000002,"var_10,var_159,var_175,var_223,var_254",5,pair__mutual_info+lightgbm_gain,extra_trees_small,extra_trees_small_deep02,5,4000,0,5,0,True,ps_mean_0012__k_005,ps_mean_0012__k_005__extra_trees_small_deep02,"[""mutual_info"", ""lightgbm_gain""]",mean_rank_score,classifier,"{""class_weight"": ""balanced"", ""max_depth"": 4, ""min_samples_leaf"": 12, ""n_estimators"": 320}",1000.0,5300.0,685.8,311.6,2350.0,2150.0,9850.0,9650.0,1.0,1.0,0.0,0.0,11
3,round1_prescreen_feature_screen,ps_mean_0013,4241.0,992.0,0.4653444346102935,0.6501875046876172,4000,0.248,"var_159,var_175,var_190,var_226,var_254,var_415",6,pair__mutual_info+ebm,extra_trees_small,extra_trees_small_deep02,5,4000,0,5,0,True,ps_mean_0013__k_006,ps_mean_0013__k_006__extra_trees_small_deep02,"[""mutual_info"", ""ebm""]",mean_rank_score,classifier,"{""class_weight"": ""balanced"", ""max_depth"": 4, ""min_samples_leaf"": 12, ""n_estimators"": 320}",1200.0,5441.0,693.4,298.6,2350.0,2150.0,9850.0,9650.0,1.0,1.0,0.0,0.0,12
3,round1_prescreen_feature_screen,ps_mean_0005,4234.0,999.2,0.4831099986460948,0.6856199904997625,4000,0.24980000000000002,"var_116,var_175,var_190,var_214,var_226,var_254,var_341,var_379",8,single__lightgbm_gain,extra_trees_small,extra_trees_small_deep02,5,4000,0,5,0,True,ps_mean_0005__k_008,ps_mean_0005__k_008__extra_trees_small_deep02,"[""lightgbm_gain""]",mean_rank_score,classifier,"{""class_weight"": ""balanced"", ""max_depth"": 4, ""min_samples_leaf"": 12, ""n_estimators"": 320}",1600.0,5834.0,722.0,277.2,2350.0,2150.0,9850.0,9650.0,1.0,1.0,0.0,0.0,13
3,round1_prescreen_feature_screen,ps_mean_0005,4220.0,998.8,0.4468227424749164,0.625356633915848,4000,0.24969999999999998,"var_175,var_214,var_254,var_379",4,single__lightgbm_gain,extra_trees_small,extra_trees_small_deep02,5,4000,0,5,0,True,ps_mean_0005__k_004,ps_mean_0005__k_004__extra_trees_small_deep02,"[""lightgbm_gain""]",mean_rank_score,classifier,"{""class_weight"": ""balanced"", ""max_depth"": 4, ""min_samples_leaf"": 12, ""n_estimators"": 320}",800.0,5020.0,667.6,331.2,2350.0,2150.0,9850.0,9650.0,1.0,1.0,0.0,0.0,14
3,round1_prescreen_feature_screen,ps_mean_0007,4206.0,999.0,0.43724928700308485,0.6168725968149203,4000,0.24975,"var_175,var_214,var_254",3,single__sparse_gam_spam,extra_trees_small,extra_trees_small_deep02,5,4000,0,5,0,True,ps_mean_0007__k_003,ps_mean_0007__k_003__extra_trees_small_deep02,"[""sparse_gam_spam""]",mean_rank_score,classifier,"{""class_weight"": ""balanced"", ""max_depth"": 4, ""min_samples_leaf"": 12, ""n_estimators"": 320}",600.0,4806.0,653.4,345.6,2350.0,2150.0,9850.0,9650.0,1.0,1.0,0.0,0.0,15
3,round1_prescreen_feature_screen,ps_mean_0007,4195.0,996.4,0.4901606873424579,0.6907389684742118,4000,0.24910000000000002,"var_175,var_190,var_214,var_254,var_261,var_341,var_379,var_389,var_482",9,single__sparse_gam_spam,extra_trees_small,extra_trees_small_deep02,5,4000,0,5,0,True,ps_mean_0007__k_009,ps_mean_0007__k_009__extra_trees_small_deep02,"[""sparse_gam_spam""]",mean_rank_score,classifier,"{""class_weight"": ""balanced"", ""max_depth"": 4, ""min_samples_leaf"": 12, ""n_estimators"": 320}",1800.0,5995.0,731.8,264.6,2350.0,2150.0,9850.0,9650.0,1.0,1.0,0.0,0.0,16
3,round1_prescreen_feature_screen,ps_mean_0067,4156.0,998.0,0.4528736470738304,0.6393174579364483,4000,0.2495,"var_175,var_190,var_254,var_328,var_389",5,triple__abs_corr+lightgbm_gain+ebm,extra_trees_small,extra_trees_small_deep02,5,4000,0,5,0,True,ps_mean_0067__k_005,ps_mean_0067__k_005__extra_trees_small_deep02,"[""abs_corr"", ""lightgbm_gain"", ""ebm""]",mean_rank_score,classifier,"{""class_weight"": ""balanced"", ""max_depth"": 4, ""min_samples_leaf"": 12, ""n_estimators"": 320}",1000.0,5156.0,676.4,321.6,2350.0,2150.0,9850.0,9650.0,1.0,1.0,0.0,0.0,17
3,round1_prescreen_feature_screen,ps_mean_0013,4153.0,997.8,0.4705333603368427,0.6560583514587865,4000,0.24945,"var_159,var_175,var_190,var_214,var_226,var_254,var_415",7,pair__mutual_info+ebm,xgboost_classifier,xgboost_classifier_deep03,5,4000,0,5,0,True,ps_mean_0013__k_007,ps_mean_0013__k_007__xgboost_classifier_deep03,"[""mutual_info"", ""ebm""]",mean_rank_score,classifier,"{""learning_rate"": 0.035, ""max_depth"": 3, ""min_child_weight"": 3.0, ""n_estimators"": 260, ""scale_pos_weight_multiplier"": 1.0}",1400.0,5553.0,702.8,295.0,2350.0,2150.0,9850.0,9650.0,1.0,1.0,0.0,0.0,18
3,round1_prescreen_feature_screen,ps_mean_0012,4143.0,996.6,0.46108360805905235,0.6505029375734394,4000,0.24914999999999998,"var_10,var_159,var_175,var_223,var_226,var_254",6,pair__mutual_info+lightgbm_gain,extra_trees_small,extra_trees_small_deep02,5,4000,0,5,0,True,ps_mean_0012__k_006,ps_mean_0012__k_006__extra_trees_small_deep02,"[""mutual_info"", ""lightgbm_gain""]",mean_rank_score,classifier,"{""class_weight"": ""balanced"", ""max_depth"": 4, ""min_samples_leaf"": 12, ""n_estimators"": 320}",1200.0,5343.0,688.4,308.2,2350.0,2150.0,9850.0,9650.0,1.0,1.0,0.0,0.0,19
3,round1_prescreen_feature_screen,ps_mean_0007,4132.0,998.6,0.4250458145865945,0.5963052826320657,4000,0.24965,"var_175,var_254",2,single__sparse_gam_spam,extra_trees_small,extra_trees_small_deep02,5,4000,0,5,0,True,ps_mean_0007__k_002,ps_mean_0007__k_002__extra_trees_small_deep02,"[""sparse_gam_spam""]",mean_rank_score,classifier,"{""class_weight"": ""balanced"", ""max_depth"": 4, ""min_samples_leaf"": 12, ""n_estimators"": 320}",400.0,4532.0,635.0,363.6,2350.0,2150.0,9850.0,9650.0,1.0,1.0,0.0,0.0,20
3,round1_prescreen_feature_screen,ps_mean_0005,4109.0,999.8,0.4864549725806217,0.6946476411910298,4000,0.24994999999999998,"var_116,var_159,var_175,var_190,var_214,var_226,var_254,var_341,var_379",9,single__lightgbm_gain,xgboost_classifier,xgboost_classifier_deep03,5,4000,0,5,0,True,ps_mean_0005__k_009,ps_mean_0005__k_009__xgboost_classifier_deep03,"[""lightgbm_gain""]",mean_rank_score,classifier,"{""learning_rate"": 0.035, ""max_depth"": 3, ""min_child_weight"": 3.0, ""n_estimators"": 260, ""scale_pos_weight_multiplier"": 1.0}",1800.0,5909.0,727.2,272.6,2350.0,2150.0,9850.0,9650.0,1.0,1.0,0.0,0.0,21
3,round1_prescreen_feature_screen,ps_mean_0067,4083.0,998.6,0.44065436597996677,0.6230766269156729,4000,0.24965,"var_175,var_190,var_254,var_389",4,triple__abs_corr+lightgbm_gain+ebm,extra_trees_small,extra_trees_small_deep02,5,4000,0,5,0,True,ps_mean_0067__k_004,ps_mean_0067__k_004__extra_trees_small_deep02,"[""abs_corr"", ""lightgbm_gain"", ""ebm""]",mean_rank_score,classifier,"{""class_weight"": ""balanced"", ""max_depth"": 4, ""min_samples_leaf"": 12, ""n_estimators"": 320}",800.0,4883.0,658.4,340.2,2350.0,2150.0,9850.0,9650.0,1.0,1.0,0.0,0.0,22
3,round1_prescreen_feature_screen,ps_mean_0014,4063.0,997.4,0.47534987318767696,0.6645686392159804,4000,0.24935000000000002,"var_175,var_190,var_214,var_223,var_226,var_254,var_308,var_379",8,pair__mutual_info+sparse_gam_spam,extra_trees_small,extra_trees_small_deep02,5,4000,0,5,0,True,ps_mean_0014__k_008,ps_mean_0014__k_008__extra_trees_small_deep02,"[""mutual_info"", ""sparse_gam_spam""]",mean_rank_score,classifier,"{""class_weight"": ""balanced"", ""max_depth"": 4, ""min_samples_leaf"": 12, ""n_estimators"": 320}",1600.0,5663.0,710.0,287.4,2350.0,2150.0,9850.0,9650.0,1.0,1.0,0.0,0.0,23
3,round1_prescreen_feature_screen,ps_mean_0005,4063.0,998.2,0.4308055137161477,0.601886347158679,4000,0.24955,"var_175,var_214,var_379",3,single__lightgbm_gain,extra_trees_small,extra_trees_small_deep02,5,4000,0,5,0,True,ps_mean_0005__k_003,ps_mean_0005__k_003__extra_trees_small_deep02,"[""lightgbm_gain""]",mean_rank_score,classifier,"{""class_weight"": ""balanced"", ""max_depth"": 4, ""min_samples_leaf"": 12, ""n_estimators"": 320}",600.0,4663.0,643.6,354.6,2350.0,2150.0,9850.0,9650.0,1.0,1.0,0.0,0.0,24
3,round1_prescreen_feature_screen,ps_mean_0006,4054.0,998.4,0.4660434749359653,0.6598756218905473,4000,0.2496,"var_116,var_190,var_214,var_226,var_254,var_341,var_379",7,single__ebm,extra_trees_small,extra_trees_small_deep02,5,4000,0,5,0,True,ps_mean_0006__k_007,ps_mean_0006__k_007__extra_trees_small_deep02,"[""ebm""]",mean_rank_score,classifier,"{""class_weight"": ""balanced"", ""max_depth"": 4, ""min_samples_leaf"": 12, ""n_estimators"": 320}",1400.0,5454.0,696.4,302.0,2350.0,2150.0,9850.0,9650.0,1.0,1.0,0.0,0.0,25
3,round1_prescreen_feature_screen,ps_mean_0041,4053.0,996.8,0.4391734421652179,0.6222364309107727,4000,0.2492,"var_175,var_223,var_254,var_308",4,triple__mutual_info+abs_corr+sparse_gam_spam,extra_trees_small,extra_trees_small_deep02,5,4000,0,5,0,True,ps_mean_0041__k_004,ps_mean_0041__k_004__extra_trees_small_deep02,"[""mutual_info"", ""abs_corr"", ""sparse_gam_spam""]",mean_rank_score,classifier,"{""class_weight"": ""balanced"", ""max_depth"": 4, ""min_samples_leaf"": 12, ""n_estimators"": 320}",800.0,4853.0,655.8,341.0,2350.0,2150.0,9850.0,9650.0,1.0,1.0,0.0,0.0,26
3,round1_prescreen_feature_screen,ps_mean_0007,4024.0,996.6,0.4915050167224081,0.7012585564639117,4000,0.24914999999999998,"var_175,var_190,var_214,var_226,var_254,var_261,var_341,var_379,var_389,var_482",10,single__sparse_gam_spam,xgboost_classifier,xgboost_classifier_deep03,5,4000,0,5,0,True,ps_mean_0007__k_010,ps_mean_0007__k_010__xgboost_classifier_deep03,"[""sparse_gam_spam""]",mean_rank_score,classifier,"{""learning_rate"": 0.035, ""max_depth"": 3, ""min_child_weight"": 3.0, ""n_estimators"": 260, ""scale_pos_weight_multiplier"": 1.0}",2000.0,6024.0,733.8,262.8,2350.0,2150.0,9850.0,9650.0,1.0,1.0,0.0,0.0,27
3,round1_prescreen_feature_screen,ps_mean_0052,4012.0,997.4,0.47321051212304643,0.6658202205055126,4000,0.24935000000000002,"var_159,var_175,var_190,var_214,var_223,var_226,var_254,var_379",8,triple__mutual_info+lightgbm_gain+ebm,xgboost_classifier,xgboost_classifier_deep03,5,4000,0,5,0,True,ps_mean_0052__k_008,ps_mean_0052__k_008__xgboost_classifier_deep03,"[""mutual_info"", ""lightgbm_gain"", ""ebm""]",mean_rank_score,classifier,"{""learning_rate"": 0.035, ""max_depth"": 3, ""min_child_weight"": 3.0, ""n_estimators"": 260, ""scale_pos_weight_multiplier"": 1.0}",1600.0,5612.0,706.6,290.8,2350.0,2150.0,9850.0,9650.0,1.0,1.0,0.0,0.0,28
3,round1_prescreen_feature_screen,ps_mean_0003,3977.0,996.6,0.4448011243499397,0.6225257881447035,4000,0.24914999999999998,"var_198,var_31,var_328,var_344,var_389",5,single__logistic_l1,extra_trees_small,extra_trees_small_deep02,5,4000,0,5,0,True,ps_mean_0003__k_005,ps_mean_0003__k_005__extra_trees_small_deep02,"[""logistic_l1""]",mean_rank_score,classifier,"{""class_weight"": ""balanced"", ""max_depth"": 4, ""min_samples_leaf"": 12, ""n_estimators"": 320}",1000.0,4977.0,664.0,332.6,2350.0,2150.0,9850.0,9650.0,1.0,1.0,0.0,0.0,29
3,round1_prescreen_feature_screen,ps_mean_0013,3957.0,997.6,0.47059377085716275,0.6636666166654166,4000,0.24939999999999998,"var_159,var_175,var_190,var_214,var_226,var_254,var_308,var_415",8,pair__mutual_info+ebm,xgboost_classifier,xgboost_classifier_deep03,5,4000,0,5,0,True,ps_mean_0013__k_008,ps_mean_0013__k_008__xgboost_classifier_deep03,"[""mutual_info"", ""ebm""]",mean_rank_score,classifier,"{""learning_rate"": 0.035, ""max_depth"": 3, ""min_child_weight"": 3.0, ""n_estimators"": 260, ""scale_pos_weight_multiplier"": 1.0}",1600.0,5557.0,703.0,294.6,2350.0,2150.0,9850.0,9650.0,1.0,1.0,0.0,0.0,30
3,round1_prescreen_feature_screen,ps_mean_0012,3943.0,997.2,0.4610234107954446,0.657329483237081,4000,0.2493,"var_10,var_159,var_175,var_190,var_223,var_226,var_254",7,pair__mutual_info+lightgbm_gain,xgboost_classifier,xgboost_classifier_deep03,5,4000,0,5,0,True,ps_mean_0012__k_007,ps_mean_0012__k_007__xgboost_classifier_deep03,"[""mutual_info"", ""lightgbm_gain""]",mean_rank_score,classifier,"{""learning_rate"": 0.035, ""max_depth"": 3, ""min_child_weight"": 3.0, ""n_estimators"": 260, ""scale_pos_weight_multiplier"": 1.0}",1400.0,5343.0,688.6,308.6,2350.0,2150.0,9850.0,9650.0,1.0,1.0,0.0,0.0,31
3,round1_prescreen_feature_screen,ps_mean_0005,3919.0,999.6,0.4868879307643059,0.696918347958699,4000,0.2499,"var_116,var_159,var_175,var_190,var_214,var_226,var_254,var_261,var_341,var_379",10,single__lightgbm_gain,xgboost_classifier,xgboost_classifier_deep03,5,4000,0,5,0,True,ps_mean_0005__k_010,ps_mean_0005__k_010__xgboost_classifier_deep03,"[""lightgbm_gain""]",mean_rank_score,classifier,"{""learning_rate"": 0.035, ""max_depth"": 3, ""min_child_weight"": 3.0, ""n_estimators"": 260, ""scale_pos_weight_multiplier"": 1.0}",2000.0,5919.0,727.8,271.8,2350.0,2150.0,9850.0,9650.0,1.0,1.0,0.0,0.0,32
3,round1_prescreen_feature_screen,ps_mean_0006,3909.0,998.0,0.43290969899665555,0.6144653616340409,4000,0.2495,"var_190,var_214,var_226,var_379",4,single__ebm,extra_trees_small,extra_trees_small_deep02,5,4000,0,5,0,True,ps_mean_0006__k_004,ps_mean_0006__k_004__extra_trees_small_deep02,"[""ebm""]",mean_rank_score,classifier,"{""class_weight"": ""balanced"", ""max_depth"": 4, ""min_samples_leaf"": 12, ""n_estimators"": 320}",800.0,4709.0,646.6,351.4,2350.0,2150.0,9850.0,9650.0,1.0,1.0,0.0,0.0,33
3,round1_prescreen_feature_screen,ps_mean_0019,3906.0,988.4,0.4593787536181547,0.6465235880897022,4000,0.24710000000000001,"var_175,var_190,var_198,var_254,var_328,var_344,var_389",7,pair__abs_corr+ebm,xgboost_classifier,xgboost_classifier_deep03,5,4000,0,5,0,True,ps_mean_0019__k_007,ps_mean_0019__k_007__xgboost_classifier_deep03,"[""abs_corr"", ""ebm""]",mean_rank_score,classifier,"{""learning_rate"": 0.035, ""max_depth"": 3, ""min_child_weight"": 3.0, ""n_estimators"": 260, ""scale_pos_weight_multiplier"": 1.0}",1400.0,5306.0,683.2,305.2,2350.0,2150.0,9850.0,9650.0,1.0,1.0,0.0,0.0,34
3,round1_prescreen_feature_screen,ps_mean_0005,3895.0,995.0,0.41410263496812727,0.581833545838646,4000,0.24874999999999997,"var_214,var_379",2,single__lightgbm_gain,extra_trees_small,extra_trees_small_deep02,5,4000,0,5,0,True,ps_mean_0005__k_002,ps_mean_0005__k_002__extra_trees_small_deep02,"[""lightgbm_gain""]",mean_rank_score,classifier,"{""class_weight"": ""balanced"", ""max_depth"": 4, ""min_samples_leaf"": 12, ""n_estimators"": 320}",400.0,4295.0,618.0,377.0,2350.0,2150.0,9850.0,9650.0,1.0,1.0,0.0,0.0,35
3,round1_prescreen_feature_screen,ps_mean_0015,3880.0,998.6,0.41380732697706524,0.5746824920623015,4000,0.24965,"var_190,var_254",2,pair__mutual_info+lambdamart,extra_trees_small,extra_trees_small_deep02,5,4000,0,5,0,True,ps_mean_0015__k_002,ps_mean_0015__k_002__extra_trees_small_deep02,"[""mutual_info"", ""lambdamart""]",mean_rank_score,classifier,"{""class_weight"": ""balanced"", ""max_depth"": 4, ""min_samples_leaf"": 12, ""n_estimators"": 320}",400.0,4280.0,618.2,380.4,2350.0,2150.0,9850.0,9650.0,1.0,1.0,0.0,0.0,36
3,round1_prescreen_feature_screen,ps_mean_0019,3873.0,996.4,0.44008781362207694,0.6216090152253806,4000,0.24910000000000002,"var_175,var_190,var_198,var_254,var_389",5,pair__abs_corr+ebm,extra_trees_small,extra_trees_small_deep02,5,4000,0,5,0,True,ps_mean_0019__k_005,ps_mean_0019__k_005__extra_trees_small_deep02,"[""abs_corr"", ""ebm""]",mean_rank_score,classifier,"{""class_weight"": ""balanced"", ""max_depth"": 4, ""min_samples_leaf"": 12, ""n_estimators"": 320}",1000.0,4873.0,657.0,339.4,2350.0,2150.0,9850.0,9650.0,1.0,1.0,0.0,0.0,37
3,round1_prescreen_feature_screen,ps_mean_0009,3872.0,997.6,0.4311761707086156,0.6130369759243981,4000,0.24939999999999998,"var_10,var_175,var_223,var_254",4,pair__mutual_info+abs_corr,extra_trees_small,extra_trees_small_deep02,5,4000,0,5,0,True,ps_mean_0009__k_004,ps_mean_0009__k_004__extra_trees_small_deep02,"[""mutual_info"", ""abs_corr""]",mean_rank_score,classifier,"{""class_weight"": ""balanced"", ""max_depth"": 4, ""min_samples_leaf"": 12, ""n_estimators"": 320}",800.0,4672.0,644.0,353.6,2350.0,2150.0,9850.0,9650.0,1.0,1.0,0.0,0.0,38
3,round1_prescreen_feature_screen,ps_mean_0009,3864.0,996.0,0.4218384194691088,0.5982142053551339,4000,0.24900000000000003,"var_10,var_223,var_254",3,pair__mutual_info+abs_corr,extra_trees_small,extra_trees_small_deep02,5,4000,0,5,0,True,ps_mean_0009__k_003,ps_mean_0009__k_003__extra_trees_small_deep02,"[""mutual_info"", ""abs_corr""]",mean_rank_score,classifier,"{""class_weight"": ""balanced"", ""max_depth"": 4, ""min_samples_leaf"": 12, ""n_estimators"": 320}",600.0,4464.0,629.6,366.4,2350.0,2150.0,9850.0,9650.0,1.0,1.0,0.0,0.0,39
3,round1_prescreen_feature_screen,ps_mean_0019,3854.0,996.2,0.4481315827628272,0.6335988399709993,4000,0.24905,"var_175,var_190,var_198,var_254,var_344,var_389",6,pair__abs_corr+ebm,xgboost_classifier,xgboost_classifier_deep03,5,4000,0,5,0,True,ps_mean_0019__k_006,ps_mean_0019__k_006__xgboost_classifier_deep03,"[""abs_corr"", ""ebm""]",mean_rank_score,classifier,"{""learning_rate"": 0.035, ""max_depth"": 3, ""min_child_weight"": 3.0, ""n_estimators"": 260, ""scale_pos_weight_multiplier"": 1.0}",1200.0,5054.0,669.0,327.2,2350.0,2150.0,9850.0,9650.0,1.0,1.0,0.0,0.0,40
3,round1_prescreen_feature_screen,ps_mean_0012,3852.0,997.0,0.4659042228919529,0.6642089302232556,4000,0.24925000000000003,"var_10,var_159,var_175,var_190,var_214,var_223,var_226,var_254",8,pair__mutual_info+lightgbm_gain,xgboost_classifier,xgboost_classifier_deep03,5,4000,0,5,0,True,ps_mean_0012__k_008,ps_mean_0012__k_008__xgboost_classifier_deep03,"[""mutual_info"", ""lightgbm_gain""]",mean_rank_score,classifier,"{""learning_rate"": 0.035, ""max_depth"": 3, ""min_child_weight"": 3.0, ""n_estimators"": 260, ""scale_pos_weight_multiplier"": 1.0}",1600.0,5452.0,695.8,301.2,2350.0,2150.0,9850.0,9650.0,1.0,1.0,0.0,0.0,41
3,round1_prescreen_feature_screen,ps_mean_0003,3847.0,997.2,0.4300203145759781,0.6030246506162654,4000,0.2493,"var_198,var_31,var_344,var_389",4,single__logistic_l1,extra_trees_small,extra_trees_small_deep02,5,4000,0,5,0,True,ps_mean_0003__k_004,ps_mean_0003__k_004__extra_trees_small_deep02,"[""logistic_l1""]",mean_rank_score,classifier,"{""class_weight"": ""balanced"", ""max_depth"": 4, ""min_samples_leaf"": 12, ""n_estimators"": 320}",800.0,4647.0,642.2,355.0,2350.0,2150.0,9850.0,9650.0,1.0,1.0,0.0,0.0,42
3,round1_prescreen_feature_screen,ps_mean_0006,3846.0,997.2,0.4746345663633173,0.6800404760119003,4000,0.2493,"var_116,var_175,var_190,var_214,var_226,var_254,var_261,var_341,var_379",9,single__ebm,extra_trees_small,extra_trees_small_deep02,5,4000,0,5,0,True,ps_mean_0006__k_009,ps_mean_0006__k_009__extra_trees_small_deep02,"[""ebm""]",mean_rank_score,classifier,"{""class_weight"": ""balanced"", ""max_depth"": 4, ""min_samples_leaf"": 12, ""n_estimators"": 320}",1800.0,5646.0,708.8,288.4,2350.0,2150.0,9850.0,9650.0,1.0,1.0,0.0,0.0,43
3,round1_prescreen_feature_screen,ps_mean_0009,3830.0,997.2,0.4381817037225019,0.6228626465661642,4000,0.2493,"var_10,var_175,var_223,var_254,var_308",5,pair__mutual_info+abs_corr,extra_trees_small,extra_trees_small_deep02,5,4000,0,5,0,True,ps_mean_0009__k_005,ps_mean_0009__k_005__extra_trees_small_deep02,"[""mutual_info"", ""abs_corr""]",mean_rank_score,classifier,"{""class_weight"": ""balanced"", ""max_depth"": 4, ""min_samples_leaf"": 12, ""n_estimators"": 320}",1000.0,4830.0,654.4,342.8,2350.0,2150.0,9850.0,9650.0,1.0,1.0,0.0,0.0,44
3,round1_prescreen_feature_screen,ps_mean_0018,3823.0,998.4,0.45580455230444306,0.6440786269656742,4000,0.2496,"var_10,var_175,var_190,var_223,var_254,var_328,var_389",7,pair__abs_corr+lightgbm_gain,xgboost_classifier,xgboost_classifier_deep03,5,4000,0,5,0,True,ps_mean_0018__k_007,ps_mean_0018__k_007__xgboost_classifier_deep03,"[""abs_corr"", ""lightgbm_gain""]",mean_rank_score,classifier,"{""learning_rate"": 0.035, ""max_depth"": 3, ""min_child_weight"": 3.0, ""n_estimators"": 260, ""scale_pos_weight_multiplier"": 1.0}",1400.0,5223.0,681.0,317.4,2350.0,2150.0,9850.0,9650.0,1.0,1.0,0.0,0.0,45
3,round1_prescreen_feature_screen,ps_mean_0013,3815.0,998.6,0.4733048582289022,0.6661259531488287,4000,0.24965,"var_159,var_175,var_190,var_214,var_223,var_226,var_254,var_308,var_415",9,pair__mutual_info+ebm,xgboost_classifier,xgboost_classifier_deep03,5,4000,0,5,0,True,ps_mean_0013__k_009,ps_mean_0013__k_009__xgboost_classifier_deep03,"[""mutual_info"", ""ebm""]",mean_rank_score,classifier,"{""learning_rate"": 0.035, ""max_depth"": 3, ""min_child_weight"": 3.0, ""n_estimators"": 260, ""scale_pos_weight_multiplier"": 1.0}",1800.0,5615.0,707.2,291.4,2350.0,2150.0,9850.0,9650.0,1.0,1.0,0.0,0.0,46
3,round1_prescreen_feature_screen,ps_mean_0006,3784.0,998.4,0.4808353940861485,0.6883646591164779,4000,0.2496,"var_116,var_175,var_190,var_214,var_226,var_254,var_261,var_341,var_379,var_482",10,single__ebm,extra_trees_small,extra_trees_small_deep02,5,4000,0,5,0,True,ps_mean_0006__k_010,ps_mean_0006__k_010__extra_trees_small_deep02,"[""ebm""]",mean_rank_score,classifier,"{""class_weight"": ""balanced"", ""max_depth"": 4, ""min_samples_leaf"": 12, ""n_estimators"": 320}",2000.0,5784.0,718.4,280.0,2350.0,2150.0,9850.0,9650.0,1.0,1.0,0.0,0.0,47
3,round1_prescreen_feature_screen,ps_mean_0018,3775.0,997.6,0.44468673714948226,0.636803070076752,4000,0.24939999999999998,"var_10,var_175,var_223,var_254,var_328,var_389",6,pair__abs_corr+lightgbm_gain,extra_trees_small,extra_trees_small_deep02,5,4000,0,5,0,True,ps_mean_0018__k_006,ps_mean_0018__k_006__extra_trees_small_deep02,"[""abs_corr"", ""lightgbm_gain""]",mean_rank_score,classifier,"{""class_weight"": ""balanced"", ""max_depth"": 4, ""min_samples_leaf"": 12, ""n_estimators"": 320}",1200.0,4975.0,664.2,333.4,2350.0,2150.0,9850.0,9650.0,1.0,1.0,0.0,0.0,48
3,round1_prescreen_feature_screen,ps_mean_0018,3753.0,997.6,0.40805461346996397,0.5766936923423086,4000,0.24939999999999998,"var_223,var_254",2,pair__abs_corr+lightgbm_gain,extra_trees_small,extra_trees_small_deep02,5,4000,0,5,0,True,ps_mean_0018__k_002,ps_mean_0018__k_002__extra_trees_small_deep02,"[""abs_corr"", ""lightgbm_gain""]",mean_rank_score,classifier,"{""class_weight"": ""balanced"", ""max_depth"": 4, ""min_samples_leaf"": 12, ""n_estimators"": 320}",400.0,4153.0,609.4,388.2,2350.0,2150.0,9850.0,9650.0,1.0,1.0,0.0,0.0,49
3,round1_prescreen_feature_screen,ps_mean_0003,3717.0,997.8,0.4153084782232842,0.5868017950448762,4000,0.24945,"var_198,var_344,var_389",3,single__logistic_l1,extra_trees_small,extra_trees_small_deep02,5,4000,0,5,0,True,ps_mean_0003__k_003,ps_mean_0003__k_003__extra_trees_small_deep02,"[""logistic_l1""]",mean_rank_score,classifier,"{""class_weight"": ""balanced"", ""max_depth"": 4, ""min_samples_leaf"": 12, ""n_estimators"": 320}",600.0,4317.0,620.4,377.4,2350.0,2150.0,9850.0,9650.0,1.0,1.0,0.0,0.0,50
3,round1_prescreen_feature_screen,ps_mean_0013,3711.0,998.6,0.47754770419499126,0.6690680517012926,4000,0.24965,"var_159,var_175,var_190,var_214,var_223,var_226,var_254,var_308,var_379,var_415",10,pair__mutual_info+ebm,xgboost_classifier,xgboost_classifier_deep03,5,4000,0,5,0,True,ps_mean_0013__k_010,ps_mean_0013__k_010__xgboost_classifier_deep03,"[""mutual_info"", ""ebm""]",mean_rank_score,classifier,"{""learning_rate"": 0.035, ""max_depth"": 3, ""min_child_weight"": 3.0, ""n_estimators"": 260, ""scale_pos_weight_multiplier"": 1.0}",2000.0,5711.0,713.6,285.0,2350.0,2150.0,9850.0,9650.0,1.0,1.0,0.0,0.0,51
3,round1_prescreen_feature_screen,ps_mean_0018,3705.0,998.2,0.45944950164644194,0.6479436485912148,4000,0.24955,"var_10,var_175,var_190,var_223,var_254,var_328,var_344,var_389",8,pair__abs_corr+lightgbm_gain,xgboost_classifier,xgboost_classifier_deep03,5,4000,0,5,0,True,ps_mean_0018__k_008,ps_mean_0018__k_008__xgboost_classifier_deep03,"[""abs_corr"", ""lightgbm_gain""]",mean_rank_score,classifier,"{""learning_rate"": 0.035, ""max_depth"": 3, ""min_child_weight"": 3.0, ""n_estimators"": 260, ""scale_pos_weight_multiplier"": 1.0}",1600.0,5305.0,686.4,311.8,2350.0,2150.0,9850.0,9650.0,1.0,1.0,0.0,0.0,52
3,round1_prescreen_feature_screen,ps_mean_0021,3696.0,997.8,0.41439818531911576,0.5854533613340334,4000,0.24945,"var_190,var_254,var_81",3,pair__abs_corr+lambdamart,extra_trees_small,extra_trees_small_deep02,5,4000,0,5,0,True,ps_mean_0021__k_003,ps_mean_0021__k_003__extra_trees_small_deep02,"[""abs_corr"", ""lambdamart""]",mean_rank_score,classifier,"{""class_weight"": ""balanced"", ""max_depth"": 4, ""min_samples_leaf"": 12, ""n_estimators"": 320}",600.0,4296.0,619.0,378.8,2350.0,2150.0,9850.0,9650.0,1.0,1.0,0.0,0.0,53
3,round1_prescreen_feature_screen,ps_mean_0012,3675.0,998.0,0.47590524398069867,0.6728820470511763,4000,0.2495,"var_10,var_159,var_175,var_190,var_214,var_223,var_226,var_254,var_308,var_379",10,pair__mutual_info+lightgbm_gain,xgboost_classifier,xgboost_classifier_deep03,5,4000,0,5,0,True,ps_mean_0012__k_010,ps_mean_0012__k_010__xgboost_classifier_deep03,"[""mutual_info"", ""lightgbm_gain""]",mean_rank_score,classifier,"{""learning_rate"": 0.035, ""max_depth"": 3, ""min_child_weight"": 3.0, ""n_estimators"": 260, ""scale_pos_weight_multiplier"": 1.0}",2000.0,5675.0,711.0,287.0,2350.0,2150.0,9850.0,9650.0,1.0,1.0,0.0,0.0,54
3,round1_prescreen_feature_screen,ps_mean_0003,3674.0,998.6,0.4402057085949136,0.6182517062926574,4000,0.24965,"var_198,var_308,var_31,var_328,var_344,var_389",6,single__logistic_l1,logistic_baseline,logistic_baseline_deep03,5,4000,0,5,0,True,ps_mean_0003__k_006,ps_mean_0003__k_006__logistic_baseline_deep03,"[""logistic_l1""]",mean_rank_score,classifier,"{""C"": 0.2, ""class_weight"": ""balanced"", ""l1_ratio"": 0.5, ""max_iter"": 2500, ""solver"": ""saga""}",1200.0,4874.0,657.8,340.8,2350.0,2150.0,9850.0,9650.0,1.0,1.0,0.0,0.0,55
3,round1_prescreen_feature_screen,ps_mean_0009,3663.0,998.4,0.4396956544170261,0.6267576939423486,4000,0.2496,"var_10,var_175,var_190,var_223,var_254,var_308",6,pair__mutual_info+abs_corr,xgboost_classifier,xgboost_classifier_deep03,5,4000,0,5,0,True,ps_mean_0009__k_006,ps_mean_0009__k_006__xgboost_classifier_deep03,"[""mutual_info"", ""abs_corr""]",mean_rank_score,classifier,"{""learning_rate"": 0.035, ""max_depth"": 3, ""min_child_weight"": 3.0, ""n_estimators"": 260, ""scale_pos_weight_multiplier"": 1.0}",1200.0,4863.0,657.0,341.4,2350.0,2150.0,9850.0,9650.0,1.0,1.0,0.0,0.0,56
3,round1_prescreen_feature_screen,ps_mean_0039,3657.0,995.0,0.4482354084566212,0.637065626640666,4000,0.24874999999999997,"var_10,var_175,var_190,var_223,var_254,var_308,var_31",7,triple__mutual_info+abs_corr+lightgbm_gain,xgboost_classifier,xgboost_classifier_deep03,5,4000,0,5,0,True,ps_mean_0039__k_007,ps_mean_0039__k_007__xgboost_classifier_deep03,"[""mutual_info"", ""abs_corr"", ""lightgbm_gain""]",mean_rank_score,classifier,"{""learning_rate"": 0.035, ""max_depth"": 3, ""min_child_weight"": 3.0, ""n_estimators"": 260, ""scale_pos_weight_multiplier"": 1.0}",1400.0,5057.0,668.8,326.2,2350.0,2150.0,9850.0,9650.0,1.0,1.0,0.0,0.0,57
3,round1_prescreen_feature_screen,ps_mean_0020,3653.0,999.6,0.4571856897811485,0.6483351583789594,4000,0.2499,"var_175,var_190,var_223,var_254,var_308,var_328,var_344,var_389",8,pair__abs_corr+sparse_gam_spam,xgboost_classifier,xgboost_classifier_deep03,5,4000,0,5,0,True,ps_mean_0020__k_008,ps_mean_0020__k_008__xgboost_classifier_deep03,"[""abs_corr"", ""sparse_gam_spam""]",mean_rank_score,classifier,"{""learning_rate"": 0.035, ""max_depth"": 3, ""min_child_weight"": 3.0, ""n_estimators"": 260, ""scale_pos_weight_multiplier"": 1.0}",1600.0,5253.0,683.4,316.2,2350.0,2150.0,9850.0,9650.0,1.0,1.0,0.0,0.0,58
3,round1_prescreen_feature_screen,ps_mean_0040,3653.0,995.8,0.44811902941968135,0.6333126828170704,4000,0.24895,"var_10,var_175,var_190,var_198,var_223,var_254,var_308",7,triple__mutual_info+abs_corr+ebm,lightgbm_classifier,lightgbm_classifier_deep03,5,4000,0,5,0,True,ps_mean_0040__k_007,ps_mean_0040__k_007__lightgbm_classifier_deep03,"[""mutual_info"", ""abs_corr"", ""ebm""]",mean_rank_score,classifier,"{""learning_rate"": 0.035, ""min_child_samples"": 20, ""n_estimators"": 260, ""num_leaves"": 15, ""scale_pos_weight_multiplier"": 1.0}",1400.0,5053.0,668.8,327.0,2350.0,2150.0,9850.0,9650.0,1.0,1.0,0.0,0.0,59
3,round1_prescreen_feature_screen,ps_mean_0012,3643.0,1000.0,0.465685618729097,0.6681420285507137,4000,0.25,"var_10,var_159,var_175,var_190,var_214,var_223,var_226,var_254,var_308",9,pair__mutual_info+lightgbm_gain,xgboost_classifier,xgboost_classifier_deep03,5,4000,0,5,0,True,ps_mean_0012__k_009,ps_mean_0012__k_009__xgboost_classifier_deep03,"[""mutual_info"", ""lightgbm_gain""]",mean_rank_score,classifier,"{""learning_rate"": 0.035, ""max_depth"": 3, ""min_child_weight"": 3.0, ""n_estimators"": 260, ""scale_pos_weight_multiplier"": 1.0}",1800.0,5443.0,696.2,303.8,2350.0,2150.0,9850.0,9650.0,1.0,1.0,0.0,0.0,60
4,round1_prescreen_feature_screen,ps_mean_0007,4524.0,996.8,0.4602949906674743,0.6426306157653942,4000,0.2492,"var_175,var_190,var_254,var_482",4,single__sparse_gam_spam,extra_trees_small,extra_trees_small_deep02,5,4000,0,5,0,True,ps_mean_0007__k_004,ps_mean_0007__k_004__extra_trees_small_deep02,"[""sparse_gam_spam""]",mean_rank_score,classifier,"{""class_weight"": ""balanced"", ""max_depth"": 4, ""min_samples_leaf"": 12, ""n_estimators"": 320}",800.0,5324.0,687.2,309.6,2455.0,2255.0,9850.0,9650.0,1.0,1.0,0.0,0.0,1
4,round1_prescreen_feature_screen,ps_mean_0032,4516.0,999.8,0.4689290833390213,0.6573267831695793,4000,0.24995000000000003,"var_175,var_190,var_254,var_341,var_379",5,pair__lightgbm_gain+sparse_gam_spam,extra_trees_small,extra_trees_small_deep02,5,4000,0,5,0,True,ps_mean_0032__k_005,ps_mean_0032__k_005__extra_trees_small_deep02,"[""lightgbm_gain"", ""sparse_gam_spam""]",mean_rank_score,classifier,"{""class_weight"": ""balanced"", ""max_depth"": 4, ""min_samples_leaf"": 12, ""n_estimators"": 320}",1000.0,5516.0,701.0,298.8,2455.0,2255.0,9850.0,9650.0,1.0,1.0,0.0,0.0,2
4,round1_prescreen_feature_screen,ps_mean_0005,4501.0,998.4,0.48603634765393516,0.683764769119228,4000,0.2496,"var_159,var_175,var_190,var_214,var_254,var_341,var_379",7,single__lightgbm_gain,extra_trees_small,extra_trees_small_deep02,5,4000,0,5,0,True,ps_mean_0005__k_007,ps_mean_0005__k_007__extra_trees_small_deep02,"[""lightgbm_gain""]",mean_rank_score,classifier,"{""class_weight"": ""balanced"", ""max_depth"": 4, ""min_samples_leaf"": 12, ""n_estimators"": 320}",1400.0,5901.0,726.2,272.2,2455.0,2255.0,9850.0,9650.0,1.0,1.0,0.0,0.0,3
4,round1_prescreen_feature_screen,ps_mean_0005,4499.0,997.4,0.4769844837984539,0.6707485437135928,4000,0.24935000000000002,"var_159,var_175,var_190,var_254,var_341,var_379",6,single__lightgbm_gain,extra_trees_small,extra_trees_small_deep02,5,4000,0,5,0,True,ps_mean_0005__k_006,ps_mean_0005__k_006__extra_trees_small_deep02,"[""lightgbm_gain""]",mean_rank_score,classifier,"{""class_weight"": ""balanced"", ""max_depth"": 4, ""min_samples_leaf"": 12, ""n_estimators"": 320}",1200.0,5699.0,712.4,285.0,2455.0,2255.0,9850.0,9650.0,1.0,1.0,0.0,0.0,4
4,round1_prescreen_feature_screen,ps_mean_0005,4498.0,993.2,0.4677526403949376,0.6561222280557014,4000,0.24830000000000002,"var_159,var_190,var_254,var_341,var_379",5,single__lightgbm_gain,lightgbm_classifier,lightgbm_classifier_deep03,5,4000,0,5,0,True,ps_mean_0005__k_005,ps_mean_0005__k_005__lightgbm_classifier_deep03,"[""lightgbm_gain""]",mean_rank_score,classifier,"{""learning_rate"": 0.035, ""min_child_samples"": 20, ""n_estimators"": 260, ""num_leaves"": 15, ""scale_pos_weight_multiplier"": 1.0}",1000.0,5498.0,697.6,295.6,2455.0,2255.0,9850.0,9650.0,1.0,1.0,0.0,0.0,5
4,round1_prescreen_feature_screen,ps_mean_0007,4497.0,998.2,0.46796891545365976,0.6580298757468936,4000,0.24955,"var_175,var_190,var_254,var_341,var_482",5,single__sparse_gam_spam,extra_trees_small,extra_trees_small_deep02,5,4000,0,5,0,True,ps_mean_0007__k_005,ps_mean_0007__k_005__extra_trees_small_deep02,"[""sparse_gam_spam""]",mean_rank_score,classifier,"{""class_weight"": ""balanced"", ""max_depth"": 4, ""min_samples_leaf"": 12, ""n_estimators"": 320}",1000.0,5497.0,699.2,299.0,2455.0,2255.0,9850.0,9650.0,1.0,1.0,0.0,0.0,6
4,round1_prescreen_feature_screen,ps_mean_0007,4483.0,998.2,0.47626788617163457,0.6691704792619816,4000,0.24955,"var_175,var_190,var_254,var_341,var_389,var_482",6,single__sparse_gam_spam,extra_trees_small,extra_trees_small_deep02,5,4000,0,5,0,True,ps_mean_0007__k_006,ps_mean_0007__k_006__extra_trees_small_deep02,"[""sparse_gam_spam""]",mean_rank_score,classifier,"{""class_weight"": ""balanced"", ""max_depth"": 4, ""min_samples_leaf"": 12, ""n_estimators"": 320}",1200.0,5683.0,711.6,286.6,2455.0,2255.0,9850.0,9650.0,1.0,1.0,0.0,0.0,7
4,round1_prescreen_feature_screen,ps_mean_0007,4406.0,998.8,0.4818395430882075,0.6812626065651642,4000,0.24969999999999998,"var_175,var_190,var_214,var_254,var_341,var_389,var_482",7,single__sparse_gam_spam,extra_trees_small,extra_trees_small_deep02,5,4000,0,5,0,True,ps_mean_0007__k_007,ps_mean_0007__k_007__extra_trees_small_deep02,"[""sparse_gam_spam""]",mean_rank_score,classifier,"{""class_weight"": ""balanced"", ""max_depth"": 4, ""min_samples_leaf"": 12, ""n_estimators"": 320}",1400.0,5806.0,720.0,278.8,2455.0,2255.0,9850.0,9650.0,1.0,1.0,0.0,0.0,8
4,round1_prescreen_feature_screen,ps_mean_0007,4392.0,1000.0,0.4901672240802676,0.6909075726893172,4000,0.25,"var_175,var_190,var_214,var_254,var_341,var_379,var_389,var_482",8,single__sparse_gam_spam,extra_trees_small,extra_trees_small_deep02,5,4000,0,5,0,True,ps_mean_0007__k_008,ps_mean_0007__k_008__extra_trees_small_deep02,"[""sparse_gam_spam""]",mean_rank_score,classifier,"{""class_weight"": ""balanced"", ""max_depth"": 4, ""min_samples_leaf"": 12, ""n_estimators"": 320}",1600.0,5992.0,732.8,267.2,2455.0,2255.0,9850.0,9650.0,1.0,1.0,0.0,0.0,9
4,round1_prescreen_feature_screen,ps_mean_0018,4371.0,996.2,0.45333245967734825,0.6355010875271881,4000,0.24905,"var_175,var_190,var_254,var_389",4,pair__abs_corr+lightgbm_gain,extra_trees_small,extra_trees_small_deep02,5,4000,0,5,0,True,ps_mean_0018__k_004,ps_mean_0018__k_004__extra_trees_small_deep02,"[""abs_corr"", ""lightgbm_gain""]",mean_rank_score,classifier,"{""class_weight"": ""balanced"", ""max_depth"": 4, ""min_samples_leaf"": 12, ""n_estimators"": 320}",800.0,5171.0,676.8,319.4,2455.0,2255.0,9850.0,9650.0,1.0,1.0,0.0,0.0,10
4,round1_prescreen_feature_screen,ps_mean_0005,4360.0,997.8,0.4530374787891812,0.6344411360284007,4000,0.24945,"var_159,var_190,var_254,var_341",4,single__lightgbm_gain,xgboost_classifier,xgboost_classifier_deep03,5,4000,0,5,0,True,ps_mean_0005__k_004,ps_mean_0005__k_004__xgboost_classifier_deep03,"[""lightgbm_gain""]",mean_rank_score,classifier,"{""learning_rate"": 0.035, ""max_depth"": 3, ""min_child_weight"": 3.0, ""n_estimators"": 260, ""scale_pos_weight_multiplier"": 1.0}",800.0,5160.0,676.6,321.2,2455.0,2255.0,9850.0,9650.0,1.0,1.0,0.0,0.0,11
4,round1_prescreen_feature_screen,ps_mean_0005,4318.0,999.8,0.48685120805271503,0.6936828920723018,4000,0.24994999999999998,"var_116,var_159,var_175,var_190,var_214,var_254,var_341,var_379",8,single__lightgbm_gain,extra_trees_small,extra_trees_small_deep02,5,4000,0,5,0,True,ps_mean_0005__k_008,ps_mean_0005__k_008__extra_trees_small_deep02,"[""lightgbm_gain""]",mean_rank_score,classifier,"{""class_weight"": ""balanced"", ""max_depth"": 4, ""min_samples_leaf"": 12, ""n_estimators"": 320}",1600.0,5918.0,727.8,272.0,2455.0,2255.0,9850.0,9650.0,1.0,1.0,0.0,0.0,12
4,round1_prescreen_feature_screen,ps_mean_0012,4294.0,996.8,0.45887259003699626,0.6321959798994975,4000,0.2492,"var_159,var_190,var_254,var_312,var_376",5,pair__mutual_info+lightgbm_gain,xgboost_classifier,xgboost_classifier_deep03,5,4000,0,5,0,True,ps_mean_0012__k_005,ps_mean_0012__k_005__xgboost_classifier_deep03,"[""mutual_info"", ""lightgbm_gain""]",mean_rank_score,classifier,"{""learning_rate"": 0.035, ""max_depth"": 3, ""min_child_weight"": 3.0, ""n_estimators"": 260, ""scale_pos_weight_multiplier"": 1.0}",1000.0,5294.0,685.2,311.6,2455.0,2255.0,9850.0,9650.0,1.0,1.0,0.0,0.0,13
4,round1_prescreen_feature_screen,ps_mean_0012,4288.0,999.6,0.4498269798626178,0.627305507637691,4000,0.2499,"var_159,var_190,var_254,var_312",4,pair__mutual_info+lightgbm_gain,xgboost_classifier,xgboost_classifier_deep03,5,4000,0,5,0,True,ps_mean_0012__k_004,ps_mean_0012__k_004__xgboost_classifier_deep03,"[""mutual_info"", ""lightgbm_gain""]",mean_rank_score,classifier,"{""learning_rate"": 0.035, ""max_depth"": 3, ""min_child_weight"": 3.0, ""n_estimators"": 260, ""scale_pos_weight_multiplier"": 1.0}",800.0,5088.0,672.4,327.2,2455.0,2255.0,9850.0,9650.0,1.0,1.0,0.0,0.0,14
4,round1_prescreen_feature_screen,ps_mean_0005,4271.0,997.4,0.44009069401072426,0.6160676016900423,4000,0.24935000000000002,"var_159,var_190,var_254",3,single__lightgbm_gain,extra_trees_small,extra_trees_small_deep02,5,4000,0,5,0,True,ps_mean_0005__k_003,ps_mean_0005__k_003__extra_trees_small_deep02,"[""lightgbm_gain""]",mean_rank_score,classifier,"{""class_weight"": ""balanced"", ""max_depth"": 4, ""min_samples_leaf"": 12, ""n_estimators"": 320}",600.0,4871.0,657.2,340.2,2455.0,2255.0,9850.0,9650.0,1.0,1.0,0.0,0.0,15
4,round1_prescreen_feature_screen,ps_mean_0018,4267.0,995.6,0.4577004671514522,0.6431564539113477,4000,0.24889999999999998,"var_175,var_190,var_254,var_308,var_389",5,pair__abs_corr+lightgbm_gain,extra_trees_small,extra_trees_small_deep02,5,4000,0,5,0,True,ps_mean_0018__k_005,ps_mean_0018__k_005__extra_trees_small_deep02,"[""abs_corr"", ""lightgbm_gain""]",mean_rank_score,classifier,"{""class_weight"": ""balanced"", ""max_depth"": 4, ""min_samples_leaf"": 12, ""n_estimators"": 320}",1000.0,5267.0,683.0,312.6,2455.0,2255.0,9850.0,9650.0,1.0,1.0,0.0,0.0,16
4,round1_prescreen_feature_screen,ps_mean_0007,4213.0,998.8,0.49107241748804464,0.6970460511512788,4000,0.24969999999999998,"var_175,var_190,var_214,var_254,var_261,var_341,var_379,var_389,var_482",9,single__sparse_gam_spam,extra_trees_small,extra_trees_small_deep02,5,4000,0,5,0,True,ps_mean_0007__k_009,ps_mean_0007__k_009__extra_trees_small_deep02,"[""sparse_gam_spam""]",mean_rank_score,classifier,"{""class_weight"": ""balanced"", ""max_depth"": 4, ""min_samples_leaf"": 12, ""n_estimators"": 320}",1800.0,6013.0,733.8,265.0,2455.0,2255.0,9850.0,9650.0,1.0,1.0,0.0,0.0,17
4,round1_prescreen_feature_screen,ps_mean_0006,4208.0,996.8,0.4639071114367977,0.6549273981849546,4000,0.2492,"var_116,var_190,var_214,var_254,var_341,var_379",6,single__ebm,extra_trees_small,extra_trees_small_deep02,5,4000,0,5,0,True,ps_mean_0006__k_006,ps_mean_0006__k_006__extra_trees_small_deep02,"[""ebm""]",mean_rank_score,classifier,"{""class_weight"": ""balanced"", ""max_depth"": 4, ""min_samples_leaf"": 12, ""n_estimators"": 320}",1200.0,5408.0,692.8,304.0,2455.0,2255.0,9850.0,9650.0,1.0,1.0,0.0,0.0,18
4,round1_prescreen_feature_screen,ps_mean_0005,4201.0,998.8,0.4904943074277669,0.6939906247656191,4000,0.24969999999999998,"var_116,var_159,var_175,var_190,var_214,var_254,var_341,var_379,var_482",9,single__lightgbm_gain,extra_trees_small,extra_trees_small_deep02,5,4000,0,5,0,True,ps_mean_0005__k_009,ps_mean_0005__k_009__extra_trees_small_deep02,"[""lightgbm_gain""]",mean_rank_score,classifier,"{""class_weight"": ""balanced"", ""max_depth"": 4, ""min_samples_leaf"": 12, ""n_estimators"": 320}",1800.0,6001.0,733.0,265.8,2455.0,2255.0,9850.0,9650.0,1.0,1.0,0.0,0.0,19
4,round1_prescreen_feature_screen,ps_mean_0012,4186.0,998.2,0.46310151715711234,0.643398459961499,4000,0.24955,"var_159,var_190,var_254,var_312,var_376,var_52",6,pair__mutual_info+lightgbm_gain,lightgbm_classifier,lightgbm_classifier_deep03,5,4000,0,5,0,True,ps_mean_0012__k_006,ps_mean_0012__k_006__lightgbm_classifier_deep03,"[""mutual_info"", ""lightgbm_gain""]",mean_rank_score,classifier,"{""learning_rate"": 0.035, ""min_child_samples"": 20, ""n_estimators"": 260, ""num_leaves"": 15, ""scale_pos_weight_multiplier"": 1.0}",1200.0,5386.0,691.8,306.4,2455.0,2255.0,9850.0,9650.0,1.0,1.0,0.0,0.0,20
4,round1_prescreen_feature_screen,ps_mean_0006,4180.0,998.4,0.47177042618635073,0.6697619440486012,4000,0.2496,"var_116,var_190,var_214,var_254,var_341,var_379,var_389",7,single__ebm,extra_trees_small,extra_trees_small_deep02,5,4000,0,5,0,True,ps_mean_0006__k_007,ps_mean_0006__k_007__extra_trees_small_deep02,"[""ebm""]",mean_rank_score,classifier,"{""class_weight"": ""balanced"", ""max_depth"": 4, ""min_samples_leaf"": 12, ""n_estimators"": 320}",1400.0,5580.0,704.8,293.6,2455.0,2255.0,9850.0,9650.0,1.0,1.0,0.0,0.0,21
4,round1_prescreen_feature_screen,ps_mean_0018,4177.0,997.6,0.46262994551831166,0.6446122903072578,4000,0.24939999999999998,"var_175,var_190,var_254,var_308,var_328,var_389",6,pair__abs_corr+lightgbm_gain,xgboost_classifier,xgboost_classifier_deep03,5,4000,0,5,0,True,ps_mean_0018__k_006,ps_mean_0018__k_006__xgboost_classifier_deep03,"[""abs_corr"", ""lightgbm_gain""]",mean_rank_score,classifier,"{""learning_rate"": 0.035, ""max_depth"": 3, ""min_child_weight"": 3.0, ""n_estimators"": 260, ""scale_pos_weight_multiplier"": 1.0}",1200.0,5377.0,691.0,306.6,2455.0,2255.0,9850.0,9650.0,1.0,1.0,0.0,0.0,22
4,round1_prescreen_feature_screen,ps_mean_0006,4152.0,995.8,0.47939933647634014,0.6853303832595815,4000,0.24895,"var_116,var_190,var_214,var_254,var_341,var_379,var_389,var_482",8,single__ebm,extra_trees_small,extra_trees_small_deep02,5,4000,0,5,0,True,ps_mean_0006__k_008,ps_mean_0006__k_008__extra_trees_small_deep02,"[""ebm""]",mean_rank_score,classifier,"{""class_weight"": ""balanced"", ""max_depth"": 4, ""min_samples_leaf"": 12, ""n_estimators"": 320}",1600.0,5752.0,715.4,280.4,2455.0,2255.0,9850.0,9650.0,1.0,1.0,0.0,0.0,23
4,round1_prescreen_feature_screen,ps_mean_0005,4123.0,997.8,0.49595189150665925,0.7042316057901448,4000,0.24945,"var_116,var_159,var_175,var_190,var_214,var_254,var_341,var_379,var_389,var_482",10,single__lightgbm_gain,extra_trees_small,extra_trees_small_deep02,5,4000,0,5,0,True,ps_mean_0005__k_010,ps_mean_0005__k_010__extra_trees_small_deep02,"[""lightgbm_gain""]",mean_rank_score,classifier,"{""class_weight"": ""balanced"", ""max_depth"": 4, ""min_samples_leaf"": 12, ""n_estimators"": 320}",2000.0,6123.0,740.8,257.0,2455.0,2255.0,9850.0,9650.0,1.0,1.0,0.0,0.0,24
4,round1_prescreen_feature_screen,ps_mean_0013,4112.0,998.4,0.4508977269165849,0.630825520638016,4000,0.2496,"var_159,var_190,var_223,var_254,var_415",5,pair__mutual_info+ebm,extra_trees_small,extra_trees_small_deep02,5,4000,0,5,0,True,ps_mean_0013__k_005,ps_mean_0013__k_005__extra_trees_small_deep02,"[""mutual_info"", ""ebm""]",mean_rank_score,classifier,"{""class_weight"": ""balanced"", ""max_depth"": 4, ""min_samples_leaf"": 12, ""n_estimators"": 320}",1000.0,5112.0,673.6,324.8,2455.0,2255.0,9850.0,9650.0,1.0,1.0,0.0,0.0,25
4,round1_prescreen_feature_screen,ps_mean_0013,4063.0,996.4,0.4575166903792188,0.6361315782894572,4000,0.24910000000000002,"var_159,var_190,var_223,var_254,var_376,var_415",6,pair__mutual_info+ebm,xgboost_classifier,xgboost_classifier_deep03,5,4000,0,5,0,True,ps_mean_0013__k_006,ps_mean_0013__k_006__xgboost_classifier_deep03,"[""mutual_info"", ""ebm""]",mean_rank_score,classifier,"{""learning_rate"": 0.035, ""max_depth"": 3, ""min_child_weight"": 3.0, ""n_estimators"": 260, ""scale_pos_weight_multiplier"": 1.0}",1200.0,5263.0,683.0,313.4,2455.0,2255.0,9850.0,9650.0,1.0,1.0,0.0,0.0,26
4,round1_prescreen_feature_screen,ps_mean_0006,4045.0,996.4,0.483575405318854,0.6908823720593016,4000,0.24910000000000002,"var_116,var_175,var_190,var_214,var_254,var_341,var_379,var_389,var_482",9,single__ebm,extra_trees_small,extra_trees_small_deep02,5,4000,0,5,0,True,ps_mean_0006__k_009,ps_mean_0006__k_009__extra_trees_small_deep02,"[""ebm""]",mean_rank_score,classifier,"{""class_weight"": ""balanced"", ""max_depth"": 4, ""min_samples_leaf"": 12, ""n_estimators"": 320}",1800.0,5845.0,721.8,274.6,2455.0,2255.0,9850.0,9650.0,1.0,1.0,0.0,0.0,27
4,round1_prescreen_feature_screen,ps_mean_0020,4032.0,998.0,0.46514315903524917,0.6564174604365108,4000,0.2495,"var_175,var_190,var_223,var_254,var_308,var_328,var_389",7,pair__abs_corr+sparse_gam_spam,xgboost_classifier,xgboost_classifier_deep03,5,4000,0,5,0,True,ps_mean_0020__k_007,ps_mean_0020__k_007__xgboost_classifier_deep03,"[""abs_corr"", ""sparse_gam_spam""]",mean_rank_score,classifier,"{""learning_rate"": 0.035, ""max_depth"": 3, ""min_child_weight"": 3.0, ""n_estimators"": 260, ""scale_pos_weight_multiplier"": 1.0}",1400.0,5432.0,694.8,303.2,2455.0,2255.0,9850.0,9650.0,1.0,1.0,0.0,0.0,28
4,round1_prescreen_feature_screen,ps_mean_0018,4027.0,998.8,0.4292496086257917,0.6096940923523089,4000,0.24969999999999998,"var_175,var_190,var_389",3,pair__abs_corr+lightgbm_gain,extra_trees_small,extra_trees_small_deep02,5,4000,0,5,0,True,ps_mean_0018__k_003,ps_mean_0018__k_003__extra_trees_small_deep02,"[""abs_corr"", ""lightgbm_gain""]",mean_rank_score,classifier,"{""class_weight"": ""balanced"", ""max_depth"": 4, ""min_samples_leaf"": 12, ""n_estimators"": 320}",600.0,4627.0,641.4,357.4,2455.0,2255.0,9850.0,9650.0,1.0,1.0,0.0,0.0,29
4,round1_prescreen_feature_screen,ps_mean_0020,4024.0,998.8,0.4558290257950969,0.6452913822845571,4000,0.24969999999999998,"var_175,var_190,var_223,var_254,var_308,var_389",6,pair__abs_corr+sparse_gam_spam,xgboost_classifier,xgboost_classifier_deep03,5,4000,0,5,0,True,ps_mean_0020__k_006,ps_mean_0020__k_006__xgboost_classifier_deep03,"[""abs_corr"", ""sparse_gam_spam""]",mean_rank_score,classifier,"{""learning_rate"": 0.035, ""max_depth"": 3, ""min_child_weight"": 3.0, ""n_estimators"": 260, ""scale_pos_weight_multiplier"": 1.0}",1200.0,5224.0,681.2,317.6,2455.0,2255.0,9850.0,9650.0,1.0,1.0,0.0,0.0,30
4,round1_prescreen_feature_screen,ps_mean_0018,4011.0,999.8,0.4642452873468045,0.649166329158229,4000,0.24994999999999998,"var_175,var_190,var_198,var_254,var_308,var_328,var_389",7,pair__abs_corr+lightgbm_gain,xgboost_classifier,xgboost_classifier_deep03,5,4000,0,5,0,True,ps_mean_0018__k_007,ps_mean_0018__k_007__xgboost_classifier_deep03,"[""abs_corr"", ""lightgbm_gain""]",mean_rank_score,classifier,"{""learning_rate"": 0.035, ""max_depth"": 3, ""min_child_weight"": 3.0, ""n_estimators"": 260, ""scale_pos_weight_multiplier"": 1.0}",1400.0,5411.0,694.0,305.8,2455.0,2255.0,9850.0,9650.0,1.0,1.0,0.0,0.0,31
4,round1_prescreen_feature_screen,ps_mean_0007,4010.0,999.4,0.4909290111193581,0.6951736793419835,4000,0.24985,"var_175,var_190,var_214,var_254,var_261,var_308,var_341,var_379,var_389,var_482",10,single__sparse_gam_spam,extra_trees_small,extra_trees_small_deep02,5,4000,0,5,0,True,ps_mean_0007__k_010,ps_mean_0007__k_010__extra_trees_small_deep02,"[""sparse_gam_spam""]",mean_rank_score,classifier,"{""class_weight"": ""balanced"", ""max_depth"": 4, ""min_samples_leaf"": 12, ""n_estimators"": 320}",2000.0,6010.0,733.8,265.6,2455.0,2255.0,9850.0,9650.0,1.0,1.0,0.0,0.0,32
4,round1_prescreen_feature_screen,ps_mean_0003,4003.0,994.4,0.4459279721703643,0.6249170729268232,4000,0.2486,"var_174,var_198,var_308,var_344,var_389",5,single__logistic_l1,logistic_baseline,logistic_baseline_deep03,5,4000,0,5,0,True,ps_mean_0003__k_005,ps_mean_0003__k_005__logistic_baseline_deep03,"[""logistic_l1""]",mean_rank_score,classifier,"{""C"": 0.2, ""class_weight"": ""balanced"", ""l1_ratio"": 0.5, ""max_iter"": 2500, ""solver"": ""saga""}",1000.0,5003.0,665.0,329.4,2455.0,2255.0,9850.0,9650.0,1.0,1.0,0.0,0.0,33
4,round1_prescreen_feature_screen,ps_mean_0012,3982.0,997.2,0.4627531270995141,0.645252731318283,4000,0.2493,"var_10,var_159,var_190,var_254,var_312,var_376,var_52",7,pair__mutual_info+lightgbm_gain,xgboost_classifier,xgboost_classifier_deep03,5,4000,0,5,0,True,ps_mean_0012__k_007,ps_mean_0012__k_007__xgboost_classifier_deep03,"[""mutual_info"", ""lightgbm_gain""]",mean_rank_score,classifier,"{""learning_rate"": 0.035, ""max_depth"": 3, ""min_child_weight"": 3.0, ""n_estimators"": 260, ""scale_pos_weight_multiplier"": 1.0}",1400.0,5382.0,691.2,306.0,2455.0,2255.0,9850.0,9650.0,1.0,1.0,0.0,0.0,34
4,round1_prescreen_feature_screen,ps_mean_0013,3971.0,994.6,0.4622769401218482,0.642622365559139,4000,0.24864999999999998,"var_10,var_159,var_190,var_223,var_254,var_376,var_415",7,pair__mutual_info+ebm,xgboost_classifier,xgboost_classifier_deep03,5,4000,0,5,0,True,ps_mean_0013__k_007,ps_mean_0013__k_007__xgboost_classifier_deep03,"[""mutual_info"", ""ebm""]",mean_rank_score,classifier,"{""learning_rate"": 0.035, ""max_depth"": 3, ""min_child_weight"": 3.0, ""n_estimators"": 260, ""scale_pos_weight_multiplier"": 1.0}",1400.0,5371.0,689.6,305.0,2455.0,2255.0,9850.0,9650.0,1.0,1.0,0.0,0.0,35
4,round1_prescreen_feature_screen,ps_mean_0014,3968.0,993.6,0.4442548666991112,0.6302481812045302,4000,0.2484,"var_190,var_223,var_254,var_328,var_389",5,pair__mutual_info+sparse_gam_spam,xgboost_classifier,xgboost_classifier_deep03,5,4000,0,5,0,True,ps_mean_0014__k_005,ps_mean_0014__k_005__xgboost_classifier_deep03,"[""mutual_info"", ""sparse_gam_spam""]",mean_rank_score,classifier,"{""learning_rate"": 0.035, ""max_depth"": 3, ""min_child_weight"": 3.0, ""n_estimators"": 260, ""scale_pos_weight_multiplier"": 1.0}",1000.0,4968.0,662.4,331.2,2455.0,2255.0,9850.0,9650.0,1.0,1.0,0.0,0.0,36
4,round1_prescreen_feature_screen,ps_mean_0005,3927.0,998.2,0.4157689152892739,0.5837065926648165,4000,0.24955,"var_159,var_190",2,single__lightgbm_gain,extra_trees_small,extra_trees_small_deep02,5,4000,0,5,0,True,ps_mean_0005__k_002,ps_mean_0005__k_002__extra_trees_small_deep02,"[""lightgbm_gain""]",mean_rank_score,classifier,"{""class_weight"": ""balanced"", ""max_depth"": 4, ""min_samples_leaf"": 12, ""n_estimators"": 320}",400.0,4327.0,621.2,377.0,2455.0,2255.0,9850.0,9650.0,1.0,1.0,0.0,0.0,37
4,round1_prescreen_feature_screen,ps_mean_0019,3876.0,992.4,0.44914321980797434,0.637673541838546,4000,0.2481,"var_175,var_190,var_198,var_254,var_308,var_389",6,pair__abs_corr+ebm,xgboost_classifier,xgboost_classifier_deep03,5,4000,0,5,0,True,ps_mean_0019__k_006,ps_mean_0019__k_006__xgboost_classifier_deep03,"[""abs_corr"", ""ebm""]",mean_rank_score,classifier,"{""learning_rate"": 0.035, ""max_depth"": 3, ""min_child_weight"": 3.0, ""n_estimators"": 260, ""scale_pos_weight_multiplier"": 1.0}",1200.0,5076.0,669.2,323.2,2455.0,2255.0,9850.0,9650.0,1.0,1.0,0.0,0.0,38
4,round1_prescreen_feature_screen,ps_mean_0003,3838.0,997.6,0.4475799643097897,0.6266509162729068,4000,0.24939999999999998,"var_174,var_198,var_308,var_31,var_344,var_389",6,single__logistic_l1,extra_trees_small,extra_trees_small_deep02,5,4000,0,5,0,True,ps_mean_0003__k_006,ps_mean_0003__k_006__extra_trees_small_deep02,"[""logistic_l1""]",mean_rank_score,classifier,"{""class_weight"": ""balanced"", ""max_depth"": 4, ""min_samples_leaf"": 12, ""n_estimators"": 320}",1200.0,5038.0,668.4,329.2,2455.0,2255.0,9850.0,9650.0,1.0,1.0,0.0,0.0,39
4,round1_prescreen_feature_screen,ps_mean_0018,3824.0,993.0,0.4647402989885965,0.6512188554713868,4000,0.24825,"var_175,var_190,var_198,var_254,var_264,var_308,var_328,var_389",8,pair__abs_corr+lightgbm_gain,xgboost_classifier,xgboost_classifier_deep03,5,4000,0,5,0,True,ps_mean_0018__k_008,ps_mean_0018__k_008__xgboost_classifier_deep03,"[""abs_corr"", ""lightgbm_gain""]",mean_rank_score,classifier,"{""learning_rate"": 0.035, ""max_depth"": 3, ""min_child_weight"": 3.0, ""n_estimators"": 260, ""scale_pos_weight_multiplier"": 1.0}",1600.0,5424.0,692.6,300.4,2455.0,2255.0,9850.0,9650.0,1.0,1.0,0.0,0.0,40
4,round1_prescreen_feature_screen,ps_mean_0009,3802.0,998.2,0.41926421404682274,0.5893216080402011,4000,0.24955,"var_10,var_190,var_223",3,pair__mutual_info+abs_corr,xgboost_classifier,xgboost_classifier_deep03,5,4000,0,5,0,True,ps_mean_0009__k_003,ps_mean_0009__k_003__xgboost_classifier_deep03,"[""mutual_info"", ""abs_corr""]",mean_rank_score,classifier,"{""learning_rate"": 0.035, ""max_depth"": 3, ""min_child_weight"": 3.0, ""n_estimators"": 260, ""scale_pos_weight_multiplier"": 1.0}",600.0,4402.0,626.2,372.0,2455.0,2255.0,9850.0,9650.0,1.0,1.0,0.0,0.0,41
4,round1_prescreen_feature_screen,ps_mean_0019,3773.0,997.2,0.46245358371144885,0.6487186179654492,4000,0.2493,"var_175,var_190,var_198,var_223,var_254,var_308,var_328,var_389",8,pair__abs_corr+ebm,xgboost_classifier,xgboost_classifier_deep03,5,4000,0,5,0,True,ps_mean_0019__k_008,ps_mean_0019__k_008__xgboost_classifier_deep03,"[""abs_corr"", ""ebm""]",mean_rank_score,classifier,"{""learning_rate"": 0.035, ""max_depth"": 3, ""min_child_weight"": 3.0, ""n_estimators"": 260, ""scale_pos_weight_multiplier"": 1.0}",1600.0,5373.0,690.6,306.6,2455.0,2255.0,9850.0,9650.0,1.0,1.0,0.0,0.0,42
4,round1_prescreen_feature_screen,ps_mean_0012,3772.0,999.2,0.4625064254552087,0.644089552238806,4000,0.24980000000000002,"var_10,var_159,var_190,var_254,var_312,var_328,var_376,var_52",8,pair__mutual_info+lightgbm_gain,xgboost_classifier,xgboost_classifier_deep03,5,4000,0,5,0,True,ps_mean_0012__k_008,ps_mean_0012__k_008__xgboost_classifier_deep03,"[""mutual_info"", ""lightgbm_gain""]",mean_rank_score,classifier,"{""learning_rate"": 0.035, ""max_depth"": 3, ""min_child_weight"": 3.0, ""n_estimators"": 260, ""scale_pos_weight_multiplier"": 1.0}",1600.0,5372.0,691.2,308.0,2455.0,2255.0,9850.0,9650.0,1.0,1.0,0.0,0.0,43
4,round1_prescreen_feature_screen,ps_mean_0005,3731.0,998.6,0.49629079659309383,0.7096197904947623,4000,0.24965,"var_116,var_159,var_175,var_190,var_214,var_226,var_254,var_261,var_341,var_379,var_389,var_482",12,single__lightgbm_gain,extra_trees_small,extra_trees_small_deep02,5,4000,0,5,0,True,ps_mean_0005__k_012,ps_mean_0005__k_012__extra_trees_small_deep02,"[""lightgbm_gain""]",mean_rank_score,classifier,"{""class_weight"": ""balanced"", ""max_depth"": 4, ""min_samples_leaf"": 12, ""n_estimators"": 320}",2400.0,6131.0,741.6,257.0,2455.0,2255.0,9850.0,9650.0,0.8,1.0,0.0,0.0,44
4,round1_prescreen_feature_screen,ps_mean_0009,3726.0,997.4,0.4247012036362371,0.6018196704917622,4000,0.24935000000000002,"var_10,var_190,var_223,var_254",4,pair__mutual_info+abs_corr,xgboost_classifier,xgboost_classifier_deep03,5,4000,0,5,0,True,ps_mean_0009__k_004,ps_mean_0009__k_004__xgboost_classifier_deep03,"[""mutual_info"", ""abs_corr""]",mean_rank_score,classifier,"{""learning_rate"": 0.035, ""max_depth"": 3, ""min_child_weight"": 3.0, ""n_estimators"": 260, ""scale_pos_weight_multiplier"": 1.0}",800.0,4526.0,634.2,363.2,2455.0,2255.0,9850.0,9650.0,1.0,1.0,0.0,0.0,45
4,round1_prescreen_feature_screen,ps_mean_0003,3712.0,997.8,0.42404088045925886,0.605996699917498,4000,0.24945,"var_198,var_308,var_344,var_389",4,single__logistic_l1,random_forest_small,random_forest_small_deep02,5,4000,0,5,0,True,ps_mean_0003__k_004,ps_mean_0003__k_004__random_forest_small_deep02,"[""logistic_l1""]",mean_rank_score,classifier,"{""class_weight"": ""balanced_subsample"", ""max_depth"": 5, ""min_samples_leaf"": 16, ""n_estimators"": 400}",800.0,4512.0,633.4,364.4,2455.0,2255.0,9850.0,9650.0,1.0,1.0,0.0,0.0,46
4,round1_prescreen_feature_screen,ps_mean_0001,3675.0,994.2,0.44005670736960834,0.6101480037000926,4000,0.24855,"var_159,var_190,var_20,var_223,var_323,var_415",6,single__mutual_info,xgboost_classifier,xgboost_classifier_deep03,5,4000,0,5,0,True,ps_mean_0001__k_006,ps_mean_0001__k_006__xgboost_classifier_deep03,"[""mutual_info""]",mean_rank_score,classifier,"{""learning_rate"": 0.035, ""max_depth"": 3, ""min_child_weight"": 3.0, ""n_estimators"": 260, ""scale_pos_weight_multiplier"": 1.0}",1200.0,4875.0,656.4,337.8,2455.0,2255.0,9850.0,9650.0,1.0,1.0,0.0,0.0,47
4,round1_prescreen_feature_screen,ps_mean_0001,3652.0,998.0,0.4302600393919131,0.6006270406760169,4000,0.2495,"var_159,var_190,var_20,var_223,var_415",5,single__mutual_info,random_forest_small,random_forest_small_deep02,5,4000,0,5,0,True,ps_mean_0001__k_005,ps_mean_0001__k_005__random_forest_small_deep02,"[""mutual_info""]",mean_rank_score,classifier,"{""class_weight"": ""balanced_subsample"", ""max_depth"": 5, ""min_samples_leaf"": 16, ""n_estimators"": 400}",1000.0,4652.0,642.8,355.2,2455.0,2255.0,9850.0,9650.0,1.0,1.0,0.0,0.0,48
4,round1_prescreen_feature_screen,ps_mean_0018,3649.0,998.8,0.4658652491559824,0.6517595939898497,4000,0.24969999999999998,"var_175,var_190,var_198,var_254,var_264,var_308,var_312,var_328,var_389",9,pair__abs_corr+lightgbm_gain,xgboost_classifier,xgboost_classifier_deep03,5,4000,0,5,0,True,ps_mean_0018__k_009,ps_mean_0018__k_009__xgboost_classifier_deep03,"[""abs_corr"", ""lightgbm_gain""]",mean_rank_score,classifier,"{""learning_rate"": 0.035, ""max_depth"": 3, ""min_child_weight"": 3.0, ""n_estimators"": 260, ""scale_pos_weight_multiplier"": 1.0}",1800.0,5449.0,696.2,302.6,2455.0,2255.0,9850.0,9650.0,1.0,1.0,0.0,0.0,49
4,round1_prescreen_feature_screen,ps_mean_0007,3624.0,999.6,0.49157170494712493,0.7038915472886822,4000,0.2499,"var_175,var_190,var_214,var_226,var_254,var_261,var_308,var_328,var_341,var_379,var_389,var_482",12,single__sparse_gam_spam,lightgbm_classifier,lightgbm_classifier_deep03,5,4000,0,5,0,True,ps_mean_0007__k_012,ps_mean_0007__k_012__lightgbm_classifier_deep03,"[""sparse_gam_spam""]",mean_rank_score,classifier,"{""learning_rate"": 0.035, ""min_child_samples"": 20, ""n_estimators"": 260, ""num_leaves"": 15, ""scale_pos_weight_multiplier"": 1.0}",2400.0,6024.0,734.8,264.8,2455.0,2255.0,9850.0,9650.0,0.8,1.0,0.0,0.0,50
4,round1_prescreen_feature_screen,ps_mean_0033,3597.0,995.4,0.4099165224564455,0.5869976999424986,4000,0.24885000000000002,"var_116,var_328,var_384",3,pair__lightgbm_gain+lambdamart,extra_trees_small,extra_trees_small_deep02,5,4000,0,5,0,True,ps_mean_0033__k_003,ps_mean_0033__k_003__extra_trees_small_deep02,"[""lightgbm_gain"", ""lambdamart""]",mean_rank_score,classifier,"{""class_weight"": ""balanced"", ""max_depth"": 4, ""min_samples_leaf"": 12, ""n_estimators"": 320}",600.0,4197.0,611.6,383.8,2455.0,2255.0,9850.0,9650.0,1.0,1.0,0.0,0.0,51
4,round1_prescreen_feature_screen,ps_mean_0003,3595.0,997.0,0.4099551197199095,0.5896697167429187,4000,0.24924999999999997,"var_198,var_308,var_389",3,single__logistic_l1,extra_trees_small,extra_trees_small_deep02,5,4000,0,5,0,True,ps_mean_0003__k_003,ps_mean_0003__k_003__extra_trees_small_deep02,"[""logistic_l1""]",mean_rank_score,classifier,"{""class_weight"": ""balanced"", ""max_depth"": 4, ""min_samples_leaf"": 12, ""n_estimators"": 320}",600.0,4195.0,612.0,385.0,2455.0,2255.0,9850.0,9650.0,1.0,1.0,0.0,0.0,52
4,round1_prescreen_feature_screen,ps_mean_0023,3568.0,999.0,0.4176636619806481,0.5973240331008276,4000,0.24975,"var_198,var_308,var_389,var_463",4,pair__logistic_l1+lightgbm_gain,extra_trees_small,extra_trees_small_deep02,5,4000,0,5,0,True,ps_mean_0023__k_004,ps_mean_0023__k_004__extra_trees_small_deep02,"[""logistic_l1"", ""lightgbm_gain""]",mean_rank_score,classifier,"{""class_weight"": ""balanced"", ""max_depth"": 4, ""min_samples_leaf"": 12, ""n_estimators"": 320}",800.0,4368.0,624.2,374.8,2455.0,2255.0,9850.0,9650.0,1.0,1.0,0.0,0.0,53
4,round1_prescreen_feature_screen,ps_mean_0009,3553.0,1000.0,0.4349163879598662,0.6133076826920674,4000,0.25,"var_10,var_190,var_223,var_254,var_312,var_442",6,pair__mutual_info+abs_corr,random_forest_small,random_forest_small_deep02,5,4000,0,5,0,True,ps_mean_0009__k_006,ps_mean_0009__k_006__random_forest_small_deep02,"[""mutual_info"", ""abs_corr""]",mean_rank_score,classifier,"{""class_weight"": ""balanced_subsample"", ""max_depth"": 5, ""min_samples_leaf"": 16, ""n_estimators"": 400}",1200.0,4753.0,650.2,349.8,2455.0,2255.0,9850.0,9650.0,1.0,1.0,0.0,0.0,54
4,round1_prescreen_feature_screen,ps_mean_0019,3550.0,994.0,0.4614182647355098,0.6496728418210455,4000,0.2485,"var_175,var_190,var_198,var_223,var_254,var_308,var_328,var_344,var_389",9,pair__abs_corr+ebm,xgboost_classifier,xgboost_classifier_deep03,5,4000,0,5,0,True,ps_mean_0019__k_009,ps_mean_0019__k_009__xgboost_classifier_deep03,"[""abs_corr"", ""ebm""]",mean_rank_score,classifier,"{""learning_rate"": 0.035, ""max_depth"": 3, ""min_child_weight"": 3.0, ""n_estimators"": 260, ""scale_pos_weight_multiplier"": 1.0}",1800.0,5350.0,688.0,306.0,2455.0,2255.0,9850.0,9650.0,1.0,1.0,0.0,0.0,55
4,round1_prescreen_feature_screen,ps_mean_0003,3539.0,998.8,0.44316690517624585,0.6268613465336633,4000,0.24969999999999998,"var_174,var_198,var_308,var_31,var_344,var_389,var_463",7,single__logistic_l1,xgboost_classifier,xgboost_classifier_deep03,5,4000,0,5,0,True,ps_mean_0003__k_007,ps_mean_0003__k_007__xgboost_classifier_deep03,"[""logistic_l1""]",mean_rank_score,classifier,"{""learning_rate"": 0.035, ""max_depth"": 3, ""min_child_weight"": 3.0, ""n_estimators"": 260, ""scale_pos_weight_multiplier"": 1.0}",1400.0,4939.0,662.2,336.6,2455.0,2255.0,9850.0,9650.0,1.0,1.0,0.0,0.0,56
4,round1_prescreen_feature_screen,ps_mean_0001,3526.0,993.0,0.38878457787595516,0.552340808520213,4000,0.24825,var_159,1,single__mutual_info,xgboost_classifier,xgboost_classifier_deep03,5,4000,0,5,0,True,ps_mean_0001__k_001,ps_mean_0001__k_001__xgboost_classifier_deep03,"[""mutual_info""]",mean_rank_score,classifier,"{""learning_rate"": 0.035, ""max_depth"": 3, ""min_child_weight"": 3.0, ""n_estimators"": 260, ""scale_pos_weight_multiplier"": 1.0}",200.0,3726.0,579.4,413.6,2455.0,2255.0,9850.0,9650.0,1.0,1.0,0.0,0.0,57
4,round1_prescreen_feature_screen,ps_mean_0033,3517.0,991.0,0.4332588225750039,0.6110179254481362,4000,0.24775,"var_116,var_328,var_33,var_379,var_384,var_72",6,pair__lightgbm_gain+lambdamart,extra_trees_small,extra_trees_small_deep02,5,4000,0,5,0,True,ps_mean_0033__k_006,ps_mean_0033__k_006__extra_trees_small_deep02,"[""lightgbm_gain"", ""lambdamart""]",mean_rank_score,classifier,"{""class_weight"": ""balanced"", ""max_depth"": 4, ""min_samples_leaf"": 12, ""n_estimators"": 320}",1200.0,4717.0,644.8,346.2,2455.0,2255.0,9850.0,9650.0,1.0,1.0,0.0,0.0,58
4,round1_prescreen_feature_screen,ps_mean_0033,3487.0,999.0,0.4140521165135481,0.5965823395584889,4000,0.24975,"var_116,var_328,var_33,var_384",4,pair__lightgbm_gain+lambdamart,random_forest_small,random_forest_small_deep02,5,4000,0,5,0,True,ps_mean_0033__k_004,ps_mean_0033__k_004__random_forest_small_deep02,"[""lightgbm_gain"", ""lambdamart""]",mean_rank_score,classifier,"{""class_weight"": ""balanced_subsample"", ""max_depth"": 5, ""min_samples_leaf"": 16, ""n_estimators"": 400}",800.0,4287.0,618.8,380.2,2455.0,2255.0,9850.0,9650.0,1.0,1.0,0.0,0.0,59
4,round1_prescreen_feature_screen,ps_mean_0001,3483.0,996.8,0.44056510437937996,0.6099692742318558,4000,0.2492,"var_10,var_159,var_190,var_20,var_223,var_323,var_415",7,single__mutual_info,xgboost_classifier,xgboost_classifier_deep03,5,4000,0,5,0,True,ps_mean_0001__k_007,ps_mean_0001__k_007__xgboost_classifier_deep03,"[""mutual_info""]",mean_rank_score,classifier,"{""learning_rate"": 0.035, ""max_depth"": 3, ""min_child_weight"": 3.0, ""n_estimators"": 260, ""scale_pos_weight_multiplier"": 1.0}",1400.0,4883.0,657.8,339.0,2455.0,2255.0,9850.0,9650.0,0.8,1.0,0.0,0.0,60
5,round1_prescreen_feature_screen,ps_mean_0007,4342.0,997.6,0.4700233451430256,0.6640099252481313,4000,0.24939999999999998,"var_175,var_190,var_214,var_254,var_389,var_482",6,single__sparse_gam_spam,extra_trees_small,extra_trees_small_deep02,5,4000,0,5,0,True,ps_mean_0007__k_006,ps_mean_0007__k_006__extra_trees_small_deep02,"[""sparse_gam_spam""]",mean_rank_score,classifier,"{""class_weight"": ""balanced"", ""max_depth"": 4, ""min_samples_leaf"": 12, ""n_estimators"": 320}",1200.0,5542.0,702.0,295.6,2305.0,2105.0,9850.0,9650.0,1.0,1.0,0.0,0.0,1
5,round1_prescreen_feature_screen,ps_mean_0007,4298.0,999.4,0.4770098744503775,0.6767683192079802,4000,0.24985,"var_175,var_190,var_214,var_254,var_379,var_389,var_482",7,single__sparse_gam_spam,extra_trees_small,extra_trees_small_deep02,5,4000,0,5,0,True,ps_mean_0007__k_007,ps_mean_0007__k_007__extra_trees_small_deep02,"[""sparse_gam_spam""]",mean_rank_score,classifier,"{""class_weight"": ""balanced"", ""max_depth"": 4, ""min_samples_leaf"": 12, ""n_estimators"": 320}",1400.0,5698.0,713.0,286.4,2305.0,2105.0,9850.0,9650.0,1.0,1.0,0.0,0.0,2
5,round1_prescreen_feature_screen,ps_mean_0005,4279.0,997.4,0.45835993962254024,0.648451136278407,4000,0.24935000000000002,"var_159,var_190,var_214,var_254,var_379",5,single__lightgbm_gain,extra_trees_small,extra_trees_small_deep02,5,4000,0,5,0,True,ps_mean_0005__k_005,ps_mean_0005__k_005__extra_trees_small_deep02,"[""lightgbm_gain""]",mean_rank_score,classifier,"{""class_weight"": ""balanced"", ""max_depth"": 4, ""min_samples_leaf"": 12, ""n_estimators"": 320}",1000.0,5279.0,684.4,313.0,2305.0,2105.0,9850.0,9650.0,1.0,1.0,0.0,0.0,3
5,round1_prescreen_feature_screen,ps_mean_0007,4271.0,998.2,0.4490224890643958,0.6349255481387035,4000,0.24955,"var_175,var_190,var_214,var_482",4,single__sparse_gam_spam,extra_trees_small,extra_trees_small_deep02,5,4000,0,5,0,True,ps_mean_0007__k_004,ps_mean_0007__k_004__extra_trees_small_deep02,"[""sparse_gam_spam""]",mean_rank_score,classifier,"{""class_weight"": ""balanced"", ""max_depth"": 4, ""min_samples_leaf"": 12, ""n_estimators"": 320}",800.0,5071.0,670.8,327.4,2305.0,2105.0,9850.0,9650.0,1.0,1.0,0.0,0.0,4
5,round1_prescreen_feature_screen,ps_mean_0007,4249.0,998.8,0.43910382042722007,0.6176034150853772,4000,0.24969999999999998,"var_175,var_190,var_482",3,single__sparse_gam_spam,extra_trees_small,extra_trees_small_deep02,5,4000,0,5,0,True,ps_mean_0007__k_003,ps_mean_0007__k_003__extra_trees_small_deep02,"[""sparse_gam_spam""]",mean_rank_score,classifier,"{""class_weight"": ""balanced"", ""max_depth"": 4, ""min_samples_leaf"": 12, ""n_estimators"": 320}",600.0,4849.0,656.2,342.6,2305.0,2105.0,9850.0,9650.0,1.0,1.0,0.0,0.0,5
5,round1_prescreen_feature_screen,ps_mean_0005,4233.0,999.0,0.46521452588503404,0.6632922573064326,4000,0.24975,"var_116,var_159,var_190,var_214,var_254,var_379",6,single__lightgbm_gain,extra_trees_small,extra_trees_small_deep02,5,4000,0,5,0,True,ps_mean_0005__k_006,ps_mean_0005__k_006__extra_trees_small_deep02,"[""lightgbm_gain""]",mean_rank_score,classifier,"{""class_weight"": ""balanced"", ""max_depth"": 4, ""min_samples_leaf"": 12, ""n_estimators"": 320}",1200.0,5433.0,695.2,303.8,2305.0,2105.0,9850.0,9650.0,1.0,1.0,0.0,0.0,6
5,round1_prescreen_feature_screen,ps_mean_0018,4219.0,999.0,0.4467472818394313,0.6310934773369334,4000,0.24975,"var_190,var_254,var_328,var_389",4,pair__abs_corr+lightgbm_gain,extra_trees_small,extra_trees_small_deep02,5,4000,0,5,0,True,ps_mean_0018__k_004,ps_mean_0018__k_004__extra_trees_small_deep02,"[""abs_corr"", ""lightgbm_gain""]",mean_rank_score,classifier,"{""class_weight"": ""balanced"", ""max_depth"": 4, ""min_samples_leaf"": 12, ""n_estimators"": 320}",800.0,5019.0,667.6,331.4,2305.0,2105.0,9850.0,9650.0,1.0,1.0,0.0,0.0,7
5,round1_prescreen_feature_screen,ps_mean_0007,4201.0,998.6,0.48160161073048524,0.6852938323458087,4000,0.24965,"var_175,var_190,var_214,var_254,var_341,var_379,var_389,var_482",8,single__sparse_gam_spam,extra_trees_small,extra_trees_small_deep02,5,4000,0,5,0,True,ps_mean_0007__k_008,ps_mean_0007__k_008__extra_trees_small_deep02,"[""sparse_gam_spam""]",mean_rank_score,classifier,"{""class_weight"": ""balanced"", ""max_depth"": 4, ""min_samples_leaf"": 12, ""n_estimators"": 320}",1600.0,5801.0,719.6,279.0,2305.0,2105.0,9850.0,9650.0,1.0,1.0,0.0,0.0,8
5,round1_prescreen_feature_screen,ps_mean_0018,4195.0,998.2,0.4367002909810099,0.6154501612540313,4000,0.24955,"var_190,var_254,var_389",3,pair__abs_corr+lightgbm_gain,extra_trees_small,extra_trees_small_deep02,5,4000,0,5,0,True,ps_mean_0018__k_003,ps_mean_0018__k_003__extra_trees_small_deep02,"[""abs_corr"", ""lightgbm_gain""]",mean_rank_score,classifier,"{""class_weight"": ""balanced"", ""max_depth"": 4, ""min_samples_leaf"": 12, ""n_estimators"": 320}",600.0,4795.0,652.4,345.8,2305.0,2105.0,9850.0,9650.0,1.0,1.0,0.0,0.0,9
5,round1_prescreen_feature_screen,ps_mean_0006,4190.0,998.8,0.4721620931888088,0.6691571289282232,4000,0.24969999999999998,"var_116,var_190,var_214,var_254,var_341,var_379,var_389",7,single__ebm,extra_trees_small,extra_trees_small_deep02,5,4000,0,5,0,True,ps_mean_0006__k_007,ps_mean_0006__k_007__extra_trees_small_deep02,"[""ebm""]",mean_rank_score,classifier,"{""class_weight"": ""balanced"", ""max_depth"": 4, ""min_samples_leaf"": 12, ""n_estimators"": 320}",1400.0,5590.0,705.6,293.2,2305.0,2105.0,9850.0,9650.0,1.0,1.0,0.0,0.0,10
5,round1_prescreen_feature_screen,ps_mean_0006,4173.0,998.2,0.4535440203824278,0.6399162729068226,4000,0.24955,"var_116,var_190,var_214,var_254,var_389",5,single__ebm,extra_trees_small,extra_trees_small_deep02,5,4000,0,5,0,True,ps_mean_0006__k_005,ps_mean_0006__k_005__extra_trees_small_deep02,"[""ebm""]",mean_rank_score,classifier,"{""class_weight"": ""balanced"", ""max_depth"": 4, ""min_samples_leaf"": 12, ""n_estimators"": 320}",1000.0,5173.0,677.6,320.6,2305.0,2105.0,9850.0,9650.0,1.0,1.0,0.0,0.0,11
5,round1_prescreen_feature_screen,ps_mean_0005,4143.0,999.2,0.44337469271386387,0.6237647441186029,4000,0.24980000000000002,"var_159,var_190,var_214,var_379",4,single__lightgbm_gain,extra_trees_small,extra_trees_small_deep02,5,4000,0,5,0,True,ps_mean_0005__k_004,ps_mean_0005__k_004__extra_trees_small_deep02,"[""lightgbm_gain""]",mean_rank_score,classifier,"{""class_weight"": ""balanced"", ""max_depth"": 4, ""min_samples_leaf"": 12, ""n_estimators"": 320}",800.0,4943.0,662.6,336.6,2305.0,2105.0,9850.0,9650.0,1.0,1.0,0.0,0.0,12
5,round1_prescreen_feature_screen,ps_mean_0006,4124.0,996.8,0.4602630813107503,0.6552403310082753,4000,0.2492,"var_116,var_190,var_214,var_254,var_379,var_389",6,single__ebm,extra_trees_small,extra_trees_small_deep02,5,4000,0,5,0,True,ps_mean_0006__k_006,ps_mean_0006__k_006__extra_trees_small_deep02,"[""ebm""]",mean_rank_score,classifier,"{""class_weight"": ""balanced"", ""max_depth"": 4, ""min_samples_leaf"": 12, ""n_estimators"": 320}",1200.0,5324.0,687.2,309.6,2305.0,2105.0,9850.0,9650.0,1.0,1.0,0.0,0.0,13
5,round1_prescreen_feature_screen,ps_mean_0018,4122.0,999.4,0.4513246641187629,0.6386919922998074,4000,0.24985,"var_175,var_190,var_254,var_328,var_389",5,pair__abs_corr+lightgbm_gain,extra_trees_small,extra_trees_small_deep02,5,4000,0,5,0,True,ps_mean_0018__k_005,ps_mean_0018__k_005__extra_trees_small_deep02,"[""abs_corr"", ""lightgbm_gain""]",mean_rank_score,classifier,"{""class_weight"": ""balanced"", ""max_depth"": 4, ""min_samples_leaf"": 12, ""n_estimators"": 320}",1000.0,5122.0,674.6,324.8,2305.0,2105.0,9850.0,9650.0,1.0,1.0,0.0,0.0,14
5,round1_prescreen_feature_screen,ps_mean_0012,4108.0,999.0,0.4417498208742199,0.6213863096577414,4000,0.24975,"var_190,var_214,var_254,var_308",4,pair__mutual_info+lightgbm_gain,extra_trees_small,extra_trees_small_deep02,5,4000,0,5,0,True,ps_mean_0012__k_004,ps_mean_0012__k_004__extra_trees_small_deep02,"[""mutual_info"", ""lightgbm_gain""]",mean_rank_score,classifier,"{""class_weight"": ""balanced"", ""max_depth"": 4, ""min_samples_leaf"": 12, ""n_estimators"": 320}",800.0,4908.0,660.2,338.8,2305.0,2105.0,9850.0,9650.0,1.0,1.0,0.0,0.0,15
5,round1_prescreen_feature_screen,ps_mean_0012,4090.0,996.2,0.44977074238141224,0.6314105352633815,4000,0.24905,"var_190,var_214,var_254,var_308,var_393",5,pair__mutual_info+lightgbm_gain,xgboost_classifier,xgboost_classifier_deep03,5,4000,0,5,0,True,ps_mean_0012__k_005,ps_mean_0012__k_005__xgboost_classifier_deep03,"[""mutual_info"", ""lightgbm_gain""]",mean_rank_score,classifier,"{""learning_rate"": 0.035, ""max_depth"": 3, ""min_child_weight"": 3.0, ""n_estimators"": 260, ""scale_pos_weight_multiplier"": 1.0}",1000.0,5090.0,671.4,324.8,2305.0,2105.0,9850.0,9650.0,1.0,1.0,0.0,0.0,16
5,round1_prescreen_feature_screen,ps_mean_0005,4087.0,995.8,0.4316942001409451,0.6078794969874247,4000,0.24895,"var_190,var_214,var_379",3,single__lightgbm_gain,random_forest_small,random_forest_small_deep02,5,4000,0,5,0,True,ps_mean_0005__k_003,ps_mean_0005__k_003__random_forest_small_deep02,"[""lightgbm_gain""]",mean_rank_score,classifier,"{""class_weight"": ""balanced_subsample"", ""max_depth"": 5, ""min_samples_leaf"": 16, ""n_estimators"": 400}",600.0,4687.0,644.4,351.4,2305.0,2105.0,9850.0,9650.0,1.0,1.0,0.0,0.0,17
5,round1_prescreen_feature_screen,ps_mean_0005,4071.0,999.2,0.4668831161812529,0.669612815320383,4000,0.24980000000000002,"var_116,var_159,var_190,var_214,var_254,var_341,var_379",7,single__lightgbm_gain,extra_trees_small,extra_trees_small_deep02,5,4000,0,5,0,True,ps_mean_0005__k_007,ps_mean_0005__k_007__extra_trees_small_deep02,"[""lightgbm_gain""]",mean_rank_score,classifier,"{""class_weight"": ""balanced"", ""max_depth"": 4, ""min_samples_leaf"": 12, ""n_estimators"": 320}",1400.0,5471.0,697.8,301.4,2305.0,2105.0,9850.0,9650.0,1.0,1.0,0.0,0.0,18
5,round1_prescreen_feature_screen,ps_mean_0006,4066.0,999.2,0.4756177780065368,0.6809260231505787,4000,0.24980000000000002,"var_116,var_190,var_214,var_254,var_341,var_379,var_389,var_482",8,single__ebm,extra_trees_small,extra_trees_small_deep02,5,4000,0,5,0,True,ps_mean_0006__k_008,ps_mean_0006__k_008__extra_trees_small_deep02,"[""ebm""]",mean_rank_score,classifier,"{""class_weight"": ""balanced"", ""max_depth"": 4, ""min_samples_leaf"": 12, ""n_estimators"": 320}",1600.0,5666.0,710.8,288.4,2305.0,2105.0,9850.0,9650.0,1.0,1.0,0.0,0.0,19
5,round1_prescreen_feature_screen,ps_mean_0005,4040.0,998.4,0.4209262278298018,0.5904113602840071,4000,0.2496,"var_190,var_214",2,single__lightgbm_gain,extra_trees_small,extra_trees_small_deep02,5,4000,0,5,0,True,ps_mean_0005__k_002,ps_mean_0005__k_002__extra_trees_small_deep02,"[""lightgbm_gain""]",mean_rank_score,classifier,"{""class_weight"": ""balanced"", ""max_depth"": 4, ""min_samples_leaf"": 12, ""n_estimators"": 320}",400.0,4440.0,628.8,369.6,2305.0,2105.0,9850.0,9650.0,1.0,1.0,0.0,0.0,20
5,round1_prescreen_feature_screen,ps_mean_0005,4024.0,999.8,0.47374553966550714,0.6788705967649191,4000,0.24995000000000003,"var_116,var_159,var_190,var_214,var_254,var_341,var_379,var_389",8,single__lightgbm_gain,extra_trees_small,extra_trees_small_deep02,5,4000,0,5,0,True,ps_mean_0005__k_008,ps_mean_0005__k_008__extra_trees_small_deep02,"[""lightgbm_gain""]",mean_rank_score,classifier,"{""class_weight"": ""balanced"", ""max_depth"": 4, ""min_samples_leaf"": 12, ""n_estimators"": 320}",1600.0,5624.0,708.2,291.6,2305.0,2105.0,9850.0,9650.0,1.0,1.0,0.0,0.0,21
5,round1_prescreen_feature_screen,ps_mean_0007,4011.0,996.6,0.4820738247599056,0.6889046226155654,4000,0.24914999999999998,"var_116,var_175,var_190,var_214,var_254,var_341,var_379,var_389,var_482",9,single__sparse_gam_spam,extra_trees_small,extra_trees_small_deep02,5,4000,0,5,0,True,ps_mean_0007__k_009,ps_mean_0007__k_009__extra_trees_small_deep02,"[""sparse_gam_spam""]",mean_rank_score,classifier,"{""class_weight"": ""balanced"", ""max_depth"": 4, ""min_samples_leaf"": 12, ""n_estimators"": 320}",1800.0,5811.0,719.6,277.0,2305.0,2105.0,9850.0,9650.0,1.0,1.0,0.0,0.0,22
5,round1_prescreen_feature_screen,ps_mean_0039,3963.0,992.6,0.43509118031027266,0.6110388009700243,4000,0.24815,"var_190,var_254,var_308,var_393",4,triple__mutual_info+abs_corr+lightgbm_gain,extra_trees_small,extra_trees_small_deep02,5,4000,0,5,0,True,ps_mean_0039__k_004,ps_mean_0039__k_004__extra_trees_small_deep02,"[""mutual_info"", ""abs_corr"", ""lightgbm_gain""]",mean_rank_score,classifier,"{""class_weight"": ""balanced"", ""max_depth"": 4, ""min_samples_leaf"": 12, ""n_estimators"": 320}",800.0,4763.0,648.4,344.2,2305.0,2105.0,9850.0,9650.0,1.0,1.0,0.0,0.0,23
5,round1_prescreen_feature_screen,ps_mean_0003,3957.0,993.8,0.4348419766020604,0.6098827720693017,4000,0.24845,"var_198,var_31,var_344,var_389",4,single__logistic_l1,extra_trees_small,extra_trees_small_deep02,5,4000,0,5,0,True,ps_mean_0003__k_004,ps_mean_0003__k_004__extra_trees_small_deep02,"[""logistic_l1""]",mean_rank_score,classifier,"{""class_weight"": ""balanced"", ""max_depth"": 4, ""min_samples_leaf"": 12, ""n_estimators"": 320}",800.0,4757.0,648.4,345.4,2305.0,2105.0,9850.0,9650.0,1.0,1.0,0.0,0.0,24
5,round1_prescreen_feature_screen,ps_mean_0003,3916.0,997.0,0.4242220771447913,0.5951048276206905,4000,0.24925000000000003,"var_198,var_31,var_389",3,single__logistic_l1,random_forest_small,random_forest_small_deep02,5,4000,0,5,0,True,ps_mean_0003__k_003,ps_mean_0003__k_003__random_forest_small_deep02,"[""logistic_l1""]",mean_rank_score,classifier,"{""class_weight"": ""balanced_subsample"", ""max_depth"": 5, ""min_samples_leaf"": 16, ""n_estimators"": 400}",600.0,4516.0,633.4,363.6,2305.0,2105.0,9850.0,9650.0,1.0,1.0,0.0,0.0,25
5,round1_prescreen_feature_screen,ps_mean_0005,3902.0,998.6,0.47717538503946166,0.6824518112952824,4000,0.24965,"var_116,var_159,var_190,var_214,var_254,var_341,var_379,var_389,var_482",9,single__lightgbm_gain,extra_trees_small,extra_trees_small_deep02,5,4000,0,5,0,True,ps_mean_0005__k_009,ps_mean_0005__k_009__extra_trees_small_deep02,"[""lightgbm_gain""]",mean_rank_score,classifier,"{""class_weight"": ""balanced"", ""max_depth"": 4, ""min_samples_leaf"": 12, ""n_estimators"": 320}",1800.0,5702.0,713.0,285.6,2305.0,2105.0,9850.0,9650.0,1.0,1.0,0.0,0.0,26
5,round1_prescreen_feature_screen,ps_mean_0006,3869.0,999.2,0.47571906354515053,0.6840434010850271,4000,0.24980000000000002,"var_116,var_190,var_214,var_226,var_254,var_341,var_379,var_389,var_482",9,single__ebm,extra_trees_small,extra_trees_small_deep02,5,4000,0,5,0,True,ps_mean_0006__k_009,ps_mean_0006__k_009__extra_trees_small_deep02,"[""ebm""]",mean_rank_score,classifier,"{""class_weight"": ""balanced"", ""max_depth"": 4, ""min_samples_leaf"": 12, ""n_estimators"": 320}",1800.0,5669.0,711.0,288.2,2305.0,2105.0,9850.0,9650.0,1.0,1.0,0.0,0.0,27
5,round1_prescreen_feature_screen,ps_mean_0012,3865.0,998.2,0.4486941912201198,0.6350327758193954,4000,0.24955,"var_116,var_190,var_214,var_254,var_308,var_393",6,pair__mutual_info+lightgbm_gain,xgboost_classifier,xgboost_classifier_deep03,5,4000,0,5,0,True,ps_mean_0012__k_006,ps_mean_0012__k_006__xgboost_classifier_deep03,"[""mutual_info"", ""lightgbm_gain""]",mean_rank_score,classifier,"{""learning_rate"": 0.035, ""max_depth"": 3, ""min_child_weight"": 3.0, ""n_estimators"": 260, ""scale_pos_weight_multiplier"": 1.0}",1200.0,5065.0,670.4,327.8,2305.0,2105.0,9850.0,9650.0,1.0,1.0,0.0,0.0,28
5,round1_prescreen_feature_screen,ps_mean_0005,3848.0,998.8,0.4837101246340116,0.6944190604765119,4000,0.24969999999999998,"var_116,var_159,var_175,var_190,var_214,var_254,var_341,var_379,var_389,var_482",10,single__lightgbm_gain,xgboost_classifier,xgboost_classifier_deep03,5,4000,0,5,0,True,ps_mean_0005__k_010,ps_mean_0005__k_010__xgboost_classifier_deep03,"[""lightgbm_gain""]",mean_rank_score,classifier,"{""learning_rate"": 0.035, ""max_depth"": 3, ""min_child_weight"": 3.0, ""n_estimators"": 260, ""scale_pos_weight_multiplier"": 1.0}",2000.0,5848.0,722.8,276.0,2305.0,2105.0,9850.0,9650.0,1.0,1.0,0.0,0.0,29
5,round1_prescreen_feature_screen,ps_mean_0018,3846.0,998.4,0.4479023551851281,0.6345370884272107,4000,0.2496,"var_175,var_190,var_254,var_308,var_328,var_389",6,pair__abs_corr+lightgbm_gain,extra_trees_small,extra_trees_small_deep02,5,4000,0,5,0,True,ps_mean_0018__k_006,ps_mean_0018__k_006__extra_trees_small_deep02,"[""abs_corr"", ""lightgbm_gain""]",mean_rank_score,classifier,"{""class_weight"": ""balanced"", ""max_depth"": 4, ""min_samples_leaf"": 12, ""n_estimators"": 320}",1200.0,5046.0,669.2,329.2,2305.0,2105.0,9850.0,9650.0,1.0,1.0,0.0,0.0,30
5,round1_prescreen_feature_screen,ps_mean_0007,3839.0,998.8,0.483308652599734,0.6967282682067052,4000,0.24969999999999998,"var_116,var_175,var_190,var_214,var_254,var_261,var_341,var_379,var_389,var_482",10,single__sparse_gam_spam,xgboost_classifier,xgboost_classifier_deep03,5,4000,0,5,0,True,ps_mean_0007__k_010,ps_mean_0007__k_010__xgboost_classifier_deep03,"[""sparse_gam_spam""]",mean_rank_score,classifier,"{""learning_rate"": 0.035, ""max_depth"": 3, ""min_child_weight"": 3.0, ""n_estimators"": 260, ""scale_pos_weight_multiplier"": 1.0}",2000.0,5839.0,722.2,276.6,2305.0,2105.0,9850.0,9650.0,1.0,1.0,0.0,0.0,31
5,round1_prescreen_feature_screen,ps_mean_0020,3838.0,997.8,0.45647099452576223,0.6538746468661716,4000,0.24945,"var_175,var_190,var_254,var_308,var_328,var_376,var_389",7,pair__abs_corr+sparse_gam_spam,xgboost_classifier,xgboost_classifier_deep03,5,4000,0,5,0,True,ps_mean_0020__k_007,ps_mean_0020__k_007__xgboost_classifier_deep03,"[""abs_corr"", ""sparse_gam_spam""]",mean_rank_score,classifier,"{""learning_rate"": 0.035, ""max_depth"": 3, ""min_child_weight"": 3.0, ""n_estimators"": 260, ""scale_pos_weight_multiplier"": 1.0}",1400.0,5238.0,681.8,316.0,2305.0,2105.0,9850.0,9650.0,1.0,1.0,0.0,0.0,32
5,round1_prescreen_feature_screen,ps_mean_0006,3785.0,999.4,0.4809364548494983,0.6884193104827621,4000,0.24985,"var_116,var_190,var_214,var_226,var_254,var_341,var_379,var_389,var_468,var_482",10,single__ebm,extra_trees_small,extra_trees_small_deep02,5,4000,0,5,0,True,ps_mean_0006__k_010,ps_mean_0006__k_010__extra_trees_small_deep02,"[""ebm""]",mean_rank_score,classifier,"{""class_weight"": ""balanced"", ""max_depth"": 4, ""min_samples_leaf"": 12, ""n_estimators"": 320}",2000.0,5785.0,718.8,280.6,2305.0,2105.0,9850.0,9650.0,1.0,1.0,0.0,0.0,33
5,round1_prescreen_feature_screen,ps_mean_0039,3782.0,997.8,0.4361499858455362,0.6154612365309132,4000,0.24945,"var_190,var_254,var_308,var_393,var_463",5,triple__mutual_info+abs_corr+lightgbm_gain,extra_trees_small,extra_trees_small_deep02,5,4000,0,5,0,True,ps_mean_0039__k_005,ps_mean_0039__k_005__extra_trees_small_deep02,"[""mutual_info"", ""abs_corr"", ""lightgbm_gain""]",mean_rank_score,classifier,"{""class_weight"": ""balanced"", ""max_depth"": 4, ""min_samples_leaf"": 12, ""n_estimators"": 320}",1000.0,4782.0,651.4,346.4,2305.0,2105.0,9850.0,9650.0,1.0,1.0,0.0,0.0,34
5,round1_prescreen_feature_screen,ps_mean_0003,3774.0,992.8,0.43553846825204123,0.6130270756768919,4000,0.24820000000000003,"var_198,var_31,var_328,var_344,var_389",5,single__logistic_l1,xgboost_classifier,xgboost_classifier_deep03,5,4000,0,5,0,True,ps_mean_0003__k_005,ps_mean_0003__k_005__xgboost_classifier_deep03,"[""logistic_l1""]",mean_rank_score,classifier,"{""learning_rate"": 0.035, ""max_depth"": 3, ""min_child_weight"": 3.0, ""n_estimators"": 260, ""scale_pos_weight_multiplier"": 1.0}",1000.0,4774.0,649.2,343.6,2305.0,2105.0,9850.0,9650.0,1.0,1.0,0.0,0.0,35
5,round1_prescreen_feature_screen,ps_mean_0019,3721.0,994.8,0.4511399003743068,0.636806620165504,4000,0.2487,"var_175,var_190,var_198,var_254,var_308,var_328,var_389",7,pair__abs_corr+ebm,extra_trees_small,extra_trees_small_deep02,5,4000,0,5,0,True,ps_mean_0019__k_007,ps_mean_0019__k_007__extra_trees_small_deep02,"[""abs_corr"", ""ebm""]",mean_rank_score,classifier,"{""class_weight"": ""balanced"", ""max_depth"": 4, ""min_samples_leaf"": 12, ""n_estimators"": 320}",1400.0,5121.0,673.0,321.8,2305.0,2105.0,9850.0,9650.0,1.0,1.0,0.0,0.0,36
5,round1_prescreen_feature_screen,ps_mean_0012,3695.0,999.4,0.45016722408026755,0.6394480612015301,4000,0.24985,"var_116,var_159,var_190,var_214,var_254,var_308,var_393",7,pair__mutual_info+lightgbm_gain,extra_trees_small,extra_trees_small_deep02,5,4000,0,5,0,True,ps_mean_0012__k_007,ps_mean_0012__k_007__extra_trees_small_deep02,"[""mutual_info"", ""lightgbm_gain""]",mean_rank_score,classifier,"{""class_weight"": ""balanced"", ""max_depth"": 4, ""min_samples_leaf"": 12, ""n_estimators"": 320}",1400.0,5095.0,672.8,326.6,2305.0,2105.0,9850.0,9650.0,1.0,1.0,0.0,0.0,37
5,round1_prescreen_feature_screen,ps_mean_0018,3658.0,999.6,0.4484893662492685,0.6336257656441411,4000,0.2499,"var_175,var_190,var_254,var_264,var_308,var_328,var_389",7,pair__abs_corr+lightgbm_gain,extra_trees_small,extra_trees_small_deep02,5,4000,0,5,0,True,ps_mean_0018__k_007,ps_mean_0018__k_007__extra_trees_small_deep02,"[""abs_corr"", ""lightgbm_gain""]",mean_rank_score,classifier,"{""class_weight"": ""balanced"", ""max_depth"": 4, ""min_samples_leaf"": 12, ""n_estimators"": 320}",1400.0,5058.0,670.4,329.2,2305.0,2105.0,9850.0,9650.0,1.0,1.0,0.0,0.0,38
5,round1_prescreen_feature_screen,ps_mean_0012,3652.0,995.6,0.4570644713315589,0.6448638715967899,4000,0.24889999999999998,"var_116,var_159,var_190,var_214,var_254,var_308,var_393,var_456",8,pair__mutual_info+lightgbm_gain,extra_trees_small,extra_trees_small_deep02,5,4000,0,5,0,True,ps_mean_0012__k_008,ps_mean_0012__k_008__extra_trees_small_deep02,"[""mutual_info"", ""lightgbm_gain""]",mean_rank_score,classifier,"{""class_weight"": ""balanced"", ""max_depth"": 4, ""min_samples_leaf"": 12, ""n_estimators"": 320}",1600.0,5252.0,682.0,313.6,2305.0,2105.0,9850.0,9650.0,1.0,1.0,0.0,0.0,39
5,round1_prescreen_feature_screen,ps_mean_0009,3644.0,992.2,0.4208217134882835,0.5940771019275483,4000,0.24805000000000002,"var_190,var_254,var_308,var_59",4,pair__mutual_info+abs_corr,extra_trees_small,extra_trees_small_deep02,5,4000,0,5,0,True,ps_mean_0009__k_004,ps_mean_0009__k_004__extra_trees_small_deep02,"[""mutual_info"", ""abs_corr""]",mean_rank_score,classifier,"{""class_weight"": ""balanced"", ""max_depth"": 4, ""min_samples_leaf"": 12, ""n_estimators"": 320}",800.0,4444.0,627.0,365.2,2305.0,2105.0,9850.0,9650.0,1.0,1.0,0.0,0.0,40
5,round1_prescreen_feature_screen,ps_mean_0009,3606.0,996.6,0.41038646784790994,0.5806690917272931,4000,0.24915000000000004,"var_254,var_308,var_59",3,pair__mutual_info+abs_corr,random_forest_small,random_forest_small_deep02,5,4000,0,5,0,True,ps_mean_0009__k_003,ps_mean_0009__k_003__random_forest_small_deep02,"[""mutual_info"", ""abs_corr""]",mean_rank_score,classifier,"{""class_weight"": ""balanced_subsample"", ""max_depth"": 5, ""min_samples_leaf"": 16, ""n_estimators"": 400}",600.0,4206.0,612.6,384.0,2305.0,2105.0,9850.0,9650.0,1.0,1.0,0.0,0.0,41
5,round1_prescreen_feature_screen,ps_mean_0039,3604.0,997.6,0.4370685718983099,0.624054476361909,4000,0.24939999999999998,"var_190,var_198,var_254,var_308,var_393,var_463",6,triple__mutual_info+abs_corr+lightgbm_gain,extra_trees_small,extra_trees_small_deep02,5,4000,0,5,0,True,ps_mean_0039__k_006,ps_mean_0039__k_006__extra_trees_small_deep02,"[""mutual_info"", ""abs_corr"", ""lightgbm_gain""]",mean_rank_score,classifier,"{""class_weight"": ""balanced"", ""max_depth"": 4, ""min_samples_leaf"": 12, ""n_estimators"": 320}",1200.0,4804.0,652.8,344.8,2305.0,2105.0,9850.0,9650.0,1.0,1.0,0.0,0.0,42
5,round1_prescreen_feature_screen,ps_mean_0005,3581.0,999.2,0.48963477058596566,0.705873646841171,4000,0.24980000000000002,"var_116,var_159,var_175,var_190,var_214,var_226,var_254,var_341,var_379,var_389,var_45,var_482",12,single__lightgbm_gain,extra_trees_small,extra_trees_small_deep02,5,4000,0,5,0,True,ps_mean_0005__k_012,ps_mean_0005__k_012__extra_trees_small_deep02,"[""lightgbm_gain""]",mean_rank_score,classifier,"{""class_weight"": ""balanced"", ""max_depth"": 4, ""min_samples_leaf"": 12, ""n_estimators"": 320}",2400.0,5981.0,731.8,267.4,2305.0,2105.0,9850.0,9650.0,0.8,1.0,0.0,0.0,43
5,round1_prescreen_feature_screen,ps_mean_0009,3579.0,992.2,0.4270590464973438,0.6036476411910299,4000,0.24805000000000002,"var_190,var_254,var_308,var_312,var_59",5,pair__mutual_info+abs_corr,extra_trees_small,extra_trees_small_deep02,5,4000,0,5,0,True,ps_mean_0009__k_005,ps_mean_0009__k_005__extra_trees_small_deep02,"[""mutual_info"", ""abs_corr""]",mean_rank_score,classifier,"{""class_weight"": ""balanced"", ""max_depth"": 4, ""min_samples_leaf"": 12, ""n_estimators"": 320}",1000.0,4579.0,636.0,356.2,2305.0,2105.0,9850.0,9650.0,1.0,1.0,0.0,0.0,44
5,round1_prescreen_feature_screen,ps_mean_0052,3570.0,998.6,0.471304347826087,0.6713853846346158,4000,0.24965,"var_116,var_159,var_175,var_190,var_214,var_254,var_308,var_379,var_393,var_463",10,triple__mutual_info+lightgbm_gain+ebm,xgboost_classifier,xgboost_classifier_deep03,5,4000,0,5,0,True,ps_mean_0052__k_010,ps_mean_0052__k_010__xgboost_classifier_deep03,"[""mutual_info"", ""lightgbm_gain"", ""ebm""]",mean_rank_score,classifier,"{""learning_rate"": 0.035, ""max_depth"": 3, ""min_child_weight"": 3.0, ""n_estimators"": 260, ""scale_pos_weight_multiplier"": 1.0}",2000.0,5570.0,704.2,294.4,2305.0,2105.0,9850.0,9650.0,1.0,1.0,0.0,0.0,45
5,round1_prescreen_feature_screen,ps_mean_0002,3559.0,992.8,0.40814266449572445,0.5782147053676342,4000,0.24820000000000003,"var_160,var_198,var_389",3,single__abs_corr,xgboost_classifier,xgboost_classifier_deep03,5,4000,0,5,0,True,ps_mean_0002__k_003,ps_mean_0002__k_003__xgboost_classifier_deep03,"[""abs_corr""]",mean_rank_score,classifier,"{""learning_rate"": 0.035, ""max_depth"": 3, ""min_child_weight"": 3.0, ""n_estimators"": 260, ""scale_pos_weight_multiplier"": 1.0}",600.0,4159.0,608.2,384.6,2305.0,2105.0,9850.0,9650.0,1.0,1.0,0.0,0.0,46
5,round1_prescreen_feature_screen,ps_mean_0019,3551.0,999.0,0.452604387771886,0.6386227155678892,4000,0.24975,"var_175,var_190,var_198,var_254,var_308,var_328,var_389,var_463",8,pair__abs_corr+ebm,xgboost_classifier,xgboost_classifier_deep03,5,4000,0,5,0,True,ps_mean_0019__k_008,ps_mean_0019__k_008__xgboost_classifier_deep03,"[""abs_corr"", ""ebm""]",mean_rank_score,classifier,"{""learning_rate"": 0.035, ""max_depth"": 3, ""min_child_weight"": 3.0, ""n_estimators"": 260, ""scale_pos_weight_multiplier"": 1.0}",1600.0,5151.0,676.4,322.6,2305.0,2105.0,9850.0,9650.0,1.0,1.0,0.0,0.0,47
5,round1_prescreen_feature_screen,ps_mean_0003,3547.0,1000.0,0.4346488294314382,0.6128093702342559,4000,0.25,"var_198,var_308,var_31,var_328,var_344,var_389",6,single__logistic_l1,xgboost_classifier,xgboost_classifier_deep03,5,4000,0,5,0,True,ps_mean_0003__k_006,ps_mean_0003__k_006__xgboost_classifier_deep03,"[""logistic_l1""]",mean_rank_score,classifier,"{""learning_rate"": 0.035, ""max_depth"": 3, ""min_child_weight"": 3.0, ""n_estimators"": 260, ""scale_pos_weight_multiplier"": 1.0}",1200.0,4747.0,649.8,350.2,2305.0,2105.0,9850.0,9650.0,1.0,1.0,0.0,0.0,48
5,round1_prescreen_feature_screen,ps_mean_0009,3535.0,992.8,0.4338148835833541,0.6087114927873196,4000,0.24820000000000003,"var_190,var_198,var_254,var_308,var_312,var_59",6,pair__mutual_info+abs_corr,random_forest_small,random_forest_small_deep02,5,4000,0,5,0,True,ps_mean_0009__k_006,ps_mean_0009__k_006__random_forest_small_deep02,"[""mutual_info"", ""abs_corr""]",mean_rank_score,classifier,"{""class_weight"": ""balanced_subsample"", ""max_depth"": 5, ""min_samples_leaf"": 16, ""n_estimators"": 400}",1200.0,4735.0,646.6,346.2,2305.0,2105.0,9850.0,9650.0,1.0,1.0,0.0,0.0,49
5,round1_prescreen_feature_screen,ps_mean_0018,3514.0,999.2,0.4509554184951753,0.6373331333283332,4000,0.24980000000000002,"var_175,var_190,var_254,var_264,var_308,var_328,var_389,var_463",8,pair__abs_corr+lightgbm_gain,xgboost_classifier,xgboost_classifier_deep03,5,4000,0,5,0,True,ps_mean_0018__k_008,ps_mean_0018__k_008__xgboost_classifier_deep03,"[""abs_corr"", ""lightgbm_gain""]",mean_rank_score,classifier,"{""learning_rate"": 0.035, ""max_depth"": 3, ""min_child_weight"": 3.0, ""n_estimators"": 260, ""scale_pos_weight_multiplier"": 1.0}",1600.0,5114.0,674.0,325.2,2305.0,2105.0,9850.0,9650.0,1.0,1.0,0.0,0.0,50
5,round1_prescreen_feature_screen,ps_mean_0007,3497.0,999.8,0.4859188261082162,0.7030393259831497,4000,0.24994999999999998,"var_116,var_175,var_190,var_214,var_254,var_261,var_328,var_341,var_376,var_379,var_389,var_482",12,single__sparse_gam_spam,extra_trees_small,extra_trees_small_deep02,5,4000,0,5,0,True,ps_mean_0007__k_012,ps_mean_0007__k_012__extra_trees_small_deep02,"[""sparse_gam_spam""]",mean_rank_score,classifier,"{""class_weight"": ""balanced"", ""max_depth"": 4, ""min_samples_leaf"": 12, ""n_estimators"": 320}",2400.0,5897.0,726.4,273.4,2305.0,2105.0,9850.0,9650.0,0.8,1.0,0.0,0.0,51
5,round1_prescreen_feature_screen,ps_mean_0012,3497.0,998.6,0.45909064563376745,0.6487956198904972,4000,0.24965,"var_116,var_159,var_190,var_214,var_254,var_308,var_393,var_456,var_463",9,pair__mutual_info+lightgbm_gain,xgboost_classifier,xgboost_classifier_deep03,5,4000,0,5,0,True,ps_mean_0012__k_009,ps_mean_0012__k_009__xgboost_classifier_deep03,"[""mutual_info"", ""lightgbm_gain""]",mean_rank_score,classifier,"{""learning_rate"": 0.035, ""max_depth"": 3, ""min_child_weight"": 3.0, ""n_estimators"": 260, ""scale_pos_weight_multiplier"": 1.0}",1800.0,5297.0,686.0,312.6,2305.0,2105.0,9850.0,9650.0,1.0,1.0,0.0,0.0,52
5,round1_prescreen_feature_screen,ps_mean_0013,3452.0,999.0,0.44817997701744866,0.6422808570214256,4000,0.24975,"var_116,var_177,var_190,var_214,var_254,var_308,var_34,var_393",8,pair__mutual_info+ebm,xgboost_classifier,xgboost_classifier_deep03,5,4000,0,5,0,True,ps_mean_0013__k_008,ps_mean_0013__k_008__xgboost_classifier_deep03,"[""mutual_info"", ""ebm""]",mean_rank_score,classifier,"{""learning_rate"": 0.035, ""max_depth"": 3, ""min_child_weight"": 3.0, ""n_estimators"": 260, ""scale_pos_weight_multiplier"": 1.0}",1600.0,5052.0,669.8,329.2,2305.0,2105.0,9850.0,9650.0,1.0,1.0,0.0,0.0,53
5,round1_prescreen_feature_screen,ps_mean_0002,3440.0,997.2,0.3941137123745819,0.563423860596515,4000,0.2493,"var_160,var_389",2,single__abs_corr,logistic_baseline,logistic_baseline_deep03,5,4000,0,5,0,True,ps_mean_0002__k_002,ps_mean_0002__k_002__logistic_baseline_deep03,"[""abs_corr""]",mean_rank_score,classifier,"{""C"": 0.2, ""class_weight"": ""balanced"", ""l1_ratio"": 0.5, ""max_iter"": 2500, ""solver"": ""saga""}",400.0,3840.0,588.4,408.8,2305.0,2105.0,9850.0,9650.0,1.0,1.0,0.0,0.0,54
5,round1_prescreen_feature_screen,ps_mean_0009,3417.0,997.4,0.43764957575771135,0.6142857321433036,4000,0.24935000000000002,"var_10,var_190,var_198,var_254,var_308,var_312,var_59",7,pair__mutual_info+abs_corr,extra_trees_small,extra_trees_small_deep02,5,4000,0,5,0,True,ps_mean_0009__k_007,ps_mean_0009__k_007__extra_trees_small_deep02,"[""mutual_info"", ""abs_corr""]",mean_rank_score,classifier,"{""class_weight"": ""balanced"", ""max_depth"": 4, ""min_samples_leaf"": 12, ""n_estimators"": 320}",1400.0,4817.0,653.6,343.8,2305.0,2105.0,9850.0,9650.0,1.0,1.0,0.0,0.0,55
5,round1_prescreen_feature_screen,ps_mean_0006,3413.0,999.2,0.4821357687216562,0.6936644666116653,4000,0.24979999999999997,"var_116,var_190,var_214,var_226,var_254,var_341,var_376,var_379,var_389,var_463,var_468,var_482",12,single__ebm,xgboost_classifier,xgboost_classifier_deep03,5,4000,0,5,0,True,ps_mean_0006__k_012,ps_mean_0006__k_012__xgboost_classifier_deep03,"[""ebm""]",mean_rank_score,classifier,"{""learning_rate"": 0.035, ""max_depth"": 3, ""min_child_weight"": 3.0, ""n_estimators"": 260, ""scale_pos_weight_multiplier"": 1.0}",2400.0,5813.0,720.6,278.6,2305.0,2105.0,9850.0,9650.0,0.8,0.8,0.0,0.0,56
5,round1_prescreen_feature_screen,ps_mean_0009,3406.0,999.2,0.3926105313114219,0.555355308882722,4000,0.24980000000000002,"var_308,var_59",2,pair__mutual_info+abs_corr,extra_trees_small,extra_trees_small_deep02,5,4000,0,5,0,True,ps_mean_0009__k_002,ps_mean_0009__k_002__extra_trees_small_deep02,"[""mutual_info"", ""abs_corr""]",mean_rank_score,classifier,"{""class_weight"": ""balanced"", ""max_depth"": 4, ""min_samples_leaf"": 12, ""n_estimators"": 320}",400.0,3806.0,586.8,412.4,2305.0,2105.0,9850.0,9650.0,1.0,1.0,0.0,0.0,57
5,round1_prescreen_feature_screen,ps_mean_0002,3395.0,996.4,0.4098005073459511,0.5833901097527439,4000,0.24910000000000002,"var_160,var_198,var_308,var_389",4,single__abs_corr,xgboost_classifier,xgboost_classifier_deep03,5,4000,0,5,0,True,ps_mean_0002__k_004,ps_mean_0002__k_004__xgboost_classifier_deep03,"[""abs_corr""]",mean_rank_score,classifier,"{""learning_rate"": 0.035, ""max_depth"": 3, ""min_child_weight"": 3.0, ""n_estimators"": 260, ""scale_pos_weight_multiplier"": 1.0}",800.0,4195.0,611.8,384.6,2305.0,2105.0,9850.0,9650.0,1.0,1.0,0.0,0.0,58
5,round1_prescreen_feature_screen,ps_mean_0019,3393.0,999.0,0.4545093883817028,0.6412133303332583,4000,0.24975,"var_175,var_190,var_198,var_254,var_308,var_328,var_389,var_463,var_468",9,pair__abs_corr+ebm,xgboost_classifier,xgboost_classifier_deep03,5,4000,0,5,0,True,ps_mean_0019__k_009,ps_mean_0019__k_009__xgboost_classifier_deep03,"[""abs_corr"", ""ebm""]",mean_rank_score,classifier,"{""learning_rate"": 0.035, ""max_depth"": 3, ""min_child_weight"": 3.0, ""n_estimators"": 260, ""scale_pos_weight_multiplier"": 1.0}",1800.0,5193.0,679.2,319.8,2305.0,2105.0,9850.0,9650.0,1.0,1.0,0.0,0.0,59
5,round1_prescreen_feature_screen,ps_mean_0067,3386.0,999.2,0.4541640098676555,0.6395281382034551,4000,0.24980000000000002,"var_175,var_190,var_254,var_308,var_328,var_376,var_389,var_463,var_468",9,triple__abs_corr+lightgbm_gain+ebm,xgboost_classifier,xgboost_classifier_deep03,5,4000,0,5,0,True,ps_mean_0067__k_009,ps_mean_0067__k_009__xgboost_classifier_deep03,"[""abs_corr"", ""lightgbm_gain"", ""ebm""]",mean_rank_score,classifier,"{""learning_rate"": 0.035, ""max_depth"": 3, ""min_child_weight"": 3.0, ""n_estimators"": 260, ""scale_pos_weight_multiplier"": 1.0}",1800.0,5186.0,678.8,320.4,2305.0,2105.0,9850.0,9650.0,1.0,1.0,0.0,0.0,60
