outer_fold,sample_index,inner_fold
1,0,5
1,1,1
1,3,4
1,4,1
1,5,4
1,6,5
1,7,5
1,9,3
1,10,5
1,11,4
1,12,2
1,13,1
1,14,4
1,15,3
1,17,5
1,19,1
1,20,2
1,21,5
1,22,4
1,24,3
1,25,4
1,28,3
1,30,1
1,32,3
1,33,1
1,34,3
1,35,1
1,36,4
1,37,2
1,38,3
1,40,2
1,41,1
1,43,2
1,44,4
1,45,4
1,48,5
1,49,4
1,50,4
1,51,1
1,52,4
1,53,1
1,55,3
1,56,4
1,59,5
1,60,3
1,61,3
1,62,1
1,63,2
1,64,1
1,65,4
1,66,3
1,67,4
1,68,1
1,69,5
1,70,4
1,72,5
1,73,2
1,74,1
1,75,2
1,76,3
1,77,2
1,79,2
1,81,2
1,82,3
1,84,5
1,85,4
1,87,3
1,88,2
1,89,2
1,90,4
1,93,5
1,94,1
1,95,4
1,96,1
1,97,4
1,98,2
1,99,2
1,100,1
1,101,2
1,102,4
1,104,1
1,105,3
1,106,4
1,108,4
1,110,1
1,111,4
1,112,5
1,113,1
1,114,2
1,116,4
1,117,4
1,118,5
1,119,5
1,120,2
1,121,1
1,122,4
1,123,1
1,124,1
1,125,4
1,126,1
1,127,1
1,128,4
1,130,3
1,132,3
1,133,3
1,134,3
1,135,5
1,136,1
1,137,5
1,138,3
1,139,3
1,140,1
1,142,4
1,143,1
1,144,3
1,145,3
1,146,5
1,149,2
1,150,3
1,151,4
1,152,5
1,153,1
1,154,1
1,156,1
1,157,5
1,158,1
1,159,1
1,160,2
1,161,4
1,162,1
1,164,4
1,165,4
1,166,1
1,168,4
1,169,3
1,170,3
1,171,5
1,172,4
1,173,5
1,176,4
1,177,2
1,178,2
1,180,4
1,182,4
1,183,2
1,184,5
1,185,2
1,186,3
1,187,4
1,188,3
1,189,5
1,191,3
1,194,4
1,195,1
1,196,5
1,197,4
1,198,2
1,199,5
1,200,3
1,201,3
1,202,1
1,203,4
1,204,2
1,205,1
1,207,5
1,208,1
1,210,4
1,211,1
1,213,4
1,214,2
1,216,5
1,218,3
1,219,5
1,220,5
1,222,1
1,223,5
1,225,3
1,226,4
1,227,5
1,228,3
1,229,1
1,230,4
1,232,4
1,233,3
1,234,1
1,235,3
1,236,5
1,237,1
1,238,3
1,239,1
1,240,5
1,241,4
1,242,3
1,243,1
1,244,5
1,245,2
1,246,1
1,247,1
1,249,1
1,251,3
1,252,1
1,253,3
1,254,5
1,256,3
1,257,5
1,258,2
1,259,4
1,260,1
1,261,5
1,263,3
1,265,1
1,267,2
1,268,3
1,269,1
1,271,2
1,272,4
1,273,3
1,274,1
1,277,5
1,278,2
1,279,1
1,280,4
1,281,3
1,283,2
1,284,4
1,285,3
1,286,3
1,287,5
1,289,4
1,291,2
1,292,2
1,293,1
1,294,3
1,295,4
1,296,2
1,297,4
1,298,5
1,299,4
1,300,4
1,301,4
1,302,4
1,303,5
1,304,1
1,307,1
1,308,2
1,309,4
1,310,5
1,311,4
1,312,4
1,313,5
1,317,4
1,318,3
1,319,1
1,320,4
1,321,3
1,323,4
1,325,1
1,326,2
1,327,1
1,328,2
1,329,2
1,330,4
1,331,1
1,333,2
1,334,2
1,335,2
1,336,1
1,337,4
1,338,4
1,340,5
1,341,2
1,342,3
1,343,2
1,344,2
1,345,5
1,346,1
1,347,2
1,348,1
1,349,5
1,350,3
1,351,4
1,352,4
1,353,1
1,354,1
1,355,5
1,356,3
1,357,5
1,359,5
1,360,5
1,361,1
1,363,5
1,364,5
1,365,3
1,366,1
1,367,4
1,369,4
1,370,1
1,372,4
1,373,4
1,374,4
1,375,3
1,376,2
1,378,2
1,379,4
1,381,2
1,382,3
1,383,2
1,384,3
1,387,4
1,388,3
1,389,1
1,390,3
1,392,1
1,395,5
1,396,3
1,397,4
1,400,2
1,402,2
1,403,5
1,404,1
1,405,2
1,406,3
1,408,4
1,409,4
1,410,1
1,411,3
1,412,2
1,415,2
1,416,5
1,417,4
1,418,4
1,419,3
1,421,5
1,422,1
1,423,5
1,424,1
1,425,2
1,427,3
1,428,3
1,429,4
1,432,3
1,433,1
1,434,2
1,435,2
1,436,5
1,437,5
1,440,4
1,441,4
1,442,5
1,444,5
1,445,2
1,446,2
1,447,3
1,448,1
1,449,5
1,450,1
1,451,1
1,454,1
1,455,4
1,457,4
1,458,4
1,460,4
1,461,5
1,462,3
1,464,3
1,465,5
1,466,4
1,467,4
1,468,3
1,469,3
1,471,2
1,472,4
1,473,1
1,474,5
1,476,2
1,477,1
1,478,2
1,480,2
1,481,5
1,482,3
1,483,4
1,484,1
1,485,4
1,486,2
1,487,3
1,488,4
1,489,3
1,490,2
1,491,4
1,492,2
1,493,4
1,494,2
1,496,1
1,497,1
1,498,3
1,499,5
1,500,5
1,501,4
1,502,1
1,503,4
1,507,3
1,510,1
1,514,5
1,515,5
1,516,2
1,517,1
1,518,5
1,519,1
1,520,4
1,522,5
1,523,3
1,524,1
1,525,2
1,526,2
1,527,2
1,529,1
1,530,5
1,531,5
1,532,4
1,533,5
1,536,1
1,537,1
1,538,1
1,539,4
1,540,4
1,541,2
1,542,1
1,543,1
1,544,4
1,545,3
1,546,2
1,547,1
1,548,1
1,549,5
1,550,4
1,551,2
1,552,4
1,553,2
1,554,5
1,555,2
1,556,3
1,557,3
1,559,4
1,560,4
1,561,5
1,562,2
1,565,4
1,566,5
1,567,5
1,568,4
1,570,1
1,572,3
1,573,2
1,574,1
1,575,4
1,578,4
1,579,3
1,580,5
1,581,4
1,582,5
1,583,5
1,585,5
1,586,3
1,587,2
1,588,2
1,589,2
1,590,3
1,591,3
1,592,3
1,595,5
1,596,4
1,597,4
1,598,1
1,599,2
1,600,2
1,601,5
1,602,3
1,603,3
1,604,4
1,605,5
1,606,1
1,607,5
1,609,4
1,610,4
1,611,4
1,612,3
1,613,5
1,616,1
1,617,1
1,618,1
1,619,1
1,620,1
1,621,3
1,622,4
1,623,2
1,624,1
1,625,4
1,628,1
1,629,4
1,631,3
1,632,2
1,634,5
1,635,3
1,636,2
1,637,5
1,638,3
1,639,3
1,640,1
1,641,4
1,642,1
1,644,2
1,646,3
1,649,3
1,650,2
1,652,2
1,653,3
1,655,2
1,656,3
1,657,2
1,658,2
1,660,4
1,661,2
1,662,5
1,663,5
1,664,3
1,665,3
1,666,4
1,667,1
1,668,5
1,669,1
1,670,3
1,671,1
1,672,2
1,675,4
1,677,5
1,678,5
1,679,2
1,680,1
1,681,5
1,682,5
1,683,3
1,684,5
1,685,3
1,686,4
1,687,1
1,688,5
1,689,3
1,690,4
1,691,5
1,692,2
1,693,3
1,694,4
1,695,4
1,698,2
1,699,3
1,700,5
1,701,4
1,702,3
1,703,1
1,704,3
1,705,4
1,706,1
1,707,2
1,708,1
1,709,5
1,710,1
1,711,4
1,713,2
1,716,1
1,717,5
1,718,5
1,719,2
1,721,3
1,722,5
1,723,5
1,724,1
1,725,5
1,726,3
1,727,3
1,728,4
1,730,1
1,732,5
1,733,2
1,734,3
1,735,5
1,736,1
1,737,4
1,738,3
1,739,3
1,741,5
1,743,1
1,744,3
1,746,2
1,747,3
1,748,4
1,751,4
1,752,2
1,753,1
1,754,4
1,755,3
1,756,3
1,758,3
1,759,3
1,760,2
1,761,5
1,764,5
1,765,1
1,766,1
1,768,3
1,769,5
1,770,1
1,771,3
1,773,1
1,775,4
1,776,1
1,777,2
1,778,1
1,779,5
1,780,2
1,781,4
1,782,5
1,784,3
1,785,5
1,786,5
1,787,1
1,788,1
1,789,3
1,791,2
1,792,5
1,793,4
1,794,3
1,795,1
1,796,5
1,797,2
1,799,5
1,800,5
1,801,4
1,802,2
1,803,5
1,804,2
1,805,1
1,806,1
1,807,4
1,808,3
1,810,4
1,812,2
1,813,2
1,814,1
1,815,3
1,817,3
1,818,5
1,819,1
1,820,3
1,821,4
1,823,3
1,824,4
1,825,1
1,826,5
1,827,4
1,829,3
1,830,5
1,833,5
1,834,1
1,835,4
1,836,1
1,837,4
1,838,4
1,839,3
1,840,3
1,842,1
1,843,2
1,844,4
1,845,3
1,846,4
1,848,3
1,849,2
1,851,3
1,852,5
1,853,3
1,858,3
1,859,4
1,860,4
1,861,2
1,862,2
1,863,3
1,864,2
1,865,4
1,868,1
1,869,2
1,870,2
1,871,1
1,872,1
1,873,2
1,876,1
1,877,5
1,878,2
1,879,1
1,880,4
1,883,2
1,884,2
1,885,4
1,886,1
1,887,3
1,888,4
1,890,3
1,891,5
1,892,4
1,893,3
1,894,4
1,895,3
1,897,5
1,898,5
1,900,2
1,902,2
1,903,3
1,905,4
1,906,4
1,907,5
1,908,1
1,909,3
1,910,3
1,913,1
1,914,1
1,915,2
1,916,1
1,917,2
1,919,2
1,920,5
1,922,1
1,923,3
1,925,2
1,926,2
1,927,5
1,928,1
1,929,2
1,930,4
1,931,4
1,933,1
1,934,5
1,935,2
1,937,5
1,938,5
1,939,4
1,940,3
1,942,2
1,943,5
1,945,2
1,946,1
1,947,1
1,948,2
1,951,1
1,952,2
1,953,3
1,955,3
1,956,5
1,958,1
1,959,4
1,961,2
1,963,1
1,964,5
1,965,2
1,966,1
1,967,1
1,968,3
1,971,2
1,972,5
1,973,2
1,975,5
1,976,1
1,977,3
1,979,4
1,980,3
1,981,4
1,982,3
1,984,2
1,985,2
1,986,4
1,988,4
1,991,5
1,992,2
1,993,2
1,996,4
1,997,4
1,998,2
1,999,2
1,1000,5
1,1001,4
1,1003,5
1,1004,5
1,1005,3
1,1006,4
1,1007,1
1,1008,1
1,1009,1
1,1010,4
1,1013,1
1,1014,5
1,1015,1
1,1016,3
1,1017,3
1,1019,5
1,1020,1
1,1021,2
1,1022,3
1,1024,3
1,1025,4
1,1026,2
1,1027,5
1,1028,5
1,1029,4
1,1030,3
1,1031,3
1,1033,3
1,1035,3
1,1037,5
1,1040,3
1,1041,1
1,1042,5
1,1043,4
1,1044,4
1,1045,3
1,1046,3
1,1047,4
1,1048,3
1,1050,2
1,1051,2
1,1052,5
1,1053,3
1,1055,5
1,1056,4
1,1057,3
1,1058,3
1,1059,3
1,1060,2
1,1062,5
1,1064,3
1,1065,4
1,1066,1
1,1068,2
1,1069,5
1,1072,2
1,1073,5
1,1075,1
1,1076,1
1,1077,3
1,1078,1
1,1080,4
1,1081,3
1,1082,3
1,1084,2
1,1085,5
1,1086,5
1,1088,5
1,1089,4
1,1090,2
1,1091,5
1,1092,5
1,1093,4
1,1097,5
1,1098,3
1,1099,4
1,1100,2
1,1101,4
1,1102,4
1,1103,4
1,1104,5
1,1106,3
1,1107,5
1,1108,4
1,1110,3
1,1111,3
1,1112,1
1,1113,4
1,1115,1
1,1117,1
1,1118,1
1,1119,4
1,1120,1
1,1121,5
1,1122,2
1,1123,2
1,1125,5
1,1127,3
1,1128,3
1,1130,3
1,1131,2
1,1132,3
1,1133,4
1,1134,5
1,1135,2
1,1136,1
1,1138,5
1,1139,5
1,1140,1
1,1141,2
1,1144,5
1,1145,3
1,1147,4
1,1148,1
1,1149,2
1,1150,5
1,1153,4
1,1154,5
1,1155,2
1,1158,3
1,1159,3
1,1160,5
1,1161,3
1,1162,1
1,1164,3
1,1166,3
1,1167,3
1,1168,3
1,1169,2
1,1170,5
1,1174,5
1,1175,4
1,1176,2
1,1177,5
1,1178,1
1,1179,2
1,1180,4
1,1181,5
1,1182,2
1,1184,3
1,1185,2
1,1186,3
1,1187,4
1,1188,5
1,1189,4
1,1190,3
1,1191,5
1,1192,5
1,1193,1
1,1195,2
1,1196,5
1,1198,5
1,1199,3
1,1200,1
1,1201,5
1,1202,2
1,1203,3
1,1204,3
1,1205,5
1,1206,3
1,1207,3
1,1208,1
1,1210,2
1,1211,1
1,1213,5
1,1214,3
1,1215,5
1,1217,1
1,1218,2
1,1219,2
1,1220,3
1,1221,1
1,1222,5
1,1223,4
1,1225,2
1,1227,1
1,1228,4
1,1230,4
1,1231,3
1,1232,3
1,1233,3
1,1234,3
1,1235,1
1,1236,4
1,1238,4
1,1240,1
1,1242,3
1,1243,2
1,1244,4
1,1245,5
1,1246,3
1,1247,3
1,1248,1
1,1250,3
1,1251,4
1,1254,2
1,1255,2
1,1256,1
1,1257,5
1,1258,5
1,1261,5
1,1262,5
1,1263,5
1,1264,1
1,1265,3
1,1266,4
1,1267,3
1,1268,4
1,1269,3
1,1271,3
1,1272,3
1,1273,5
1,1274,3
1,1275,5
1,1277,1
1,1278,3
1,1279,1
1,1280,2
1,1282,5
1,1283,1
1,1284,5
1,1285,1
1,1286,3
1,1288,3
1,1289,3
1,1290,5
1,1291,4
1,1292,4
1,1293,3
1,1294,4
1,1295,1
1,1296,3
1,1297,4
1,1299,1
1,1300,4
1,1301,2
1,1303,5
1,1304,5
1,1305,3
1,1306,1
1,1307,5
1,1308,2
1,1310,2
1,1311,5
1,1312,1
1,1313,5
1,1315,1
1,1316,1
1,1317,1
1,1318,3
1,1319,3
1,1320,5
1,1321,4
1,1322,2
1,1324,2
1,1325,2
1,1326,3
1,1327,1
1,1328,3
1,1329,5
1,1331,3
1,1332,5
1,1333,1
1,1334,1
1,1335,4
1,1336,4
1,1337,5
1,1338,2
1,1339,1
1,1340,5
1,1341,1
1,1342,2
1,1343,5
1,1344,5
1,1345,2
1,1346,4
1,1347,3
1,1348,3
1,1349,2
1,1350,2
1,1351,3
1,1353,4
1,1356,3
1,1357,1
1,1358,5
1,1360,4
1,1361,4
1,1362,1
1,1364,5
1,1365,4
1,1366,4
1,1367,4
1,1368,4
1,1369,5
1,1370,3
1,1371,4
1,1372,1
1,1373,4
1,1374,4
1,1375,5
1,1376,1
1,1378,3
1,1379,4
1,1380,4
1,1381,5
1,1382,2
1,1383,4
1,1384,2
1,1385,3
1,1387,3
1,1388,4
1,1389,4
1,1390,1
1,1391,2
1,1392,1
1,1393,3
1,1394,4
1,1396,3
1,1397,1
1,1398,4
1,1401,2
1,1402,1
1,1403,3
1,1404,4
1,1406,3
1,1407,2
1,1408,5
1,1409,3
1,1410,4
1,1411,1
1,1412,4
1,1413,4
1,1416,4
1,1417,2
1,1418,5
1,1419,2
1,1420,5
1,1424,3
1,1425,5
1,1426,3
1,1427,3
1,1428,4
1,1433,5
1,1434,5
1,1435,3
1,1436,5
1,1437,3
1,1438,5
1,1440,5
1,1441,5
1,1442,4
1,1443,3
1,1444,2
1,1445,1
1,1446,1
1,1447,4
1,1448,2
1,1449,1
1,1450,3
1,1451,2
1,1452,2
1,1454,4
1,1455,3
1,1457,1
1,1458,2
1,1459,2
1,1460,1
1,1462,2
1,1463,1
1,1465,2
1,1466,1
1,1467,4
1,1468,5
1,1469,1
1,1470,1
1,1471,3
1,1472,3
1,1473,3
1,1475,3
1,1476,5
1,1477,3
1,1479,1
1,1480,2
1,1481,1
1,1482,5
1,1483,3
1,1484,5
1,1485,2
1,1486,2
1,1487,3
1,1490,3
1,1491,3
1,1492,4
1,1493,5
1,1494,2
1,1495,4
1,1496,5
1,1498,2
1,1499,2
1,1501,4
1,1503,1
1,1506,3
1,1508,2
1,1509,5
1,1513,1
1,1515,2
1,1516,1
1,1518,4
1,1519,5
1,1520,4
1,1521,2
1,1522,4
1,1524,4
1,1525,2
1,1526,5
1,1529,3
1,1532,2
1,1533,1
1,1534,3
1,1535,3
1,1536,3
1,1538,5
1,1541,2
1,1542,2
1,1545,5
1,1546,2
1,1547,5
1,1549,4
1,1551,3
1,1552,2
1,1553,4
1,1554,1
1,1556,4
1,1557,1
1,1558,5
1,1559,3
1,1560,2
1,1562,4
1,1563,4
1,1565,3
1,1566,5
1,1568,2
1,1569,4
1,1572,3
1,1573,2
1,1574,5
1,1576,2
1,1577,5
1,1579,1
1,1580,5
1,1581,4
1,1582,2
1,1583,4
1,1584,5
1,1585,2
1,1586,1
1,1587,2
1,1588,2
1,1589,2
1,1590,4
1,1592,5
1,1593,1
1,1594,3
1,1596,2
1,1597,1
1,1598,4
1,1599,4
1,1600,3
1,1601,3
1,1602,1
1,1603,2
1,1604,3
1,1605,1
1,1606,4
1,1607,2
1,1608,3
1,1610,5
1,1611,5
1,1613,5
1,1614,4
1,1615,1
1,1616,5
1,1618,5
1,1620,4
1,1622,5
1,1625,4
1,1626,5
1,1628,1
1,1629,3
1,1630,4
1,1631,5
1,1632,3
1,1634,2
1,1635,1
1,1636,1
1,1637,3
1,1638,3
1,1639,3
1,1640,3
1,1641,2
1,1642,5
1,1643,5
1,1645,2
1,1646,3
1,1647,5
1,1649,2
1,1650,5
1,1651,4
1,1652,5
1,1654,4
1,1655,4
1,1657,3
1,1659,3
1,1661,4
1,1662,3
1,1663,3
1,1664,1
1,1665,1
1,1666,4
1,1668,4
1,1669,1
1,1672,3
1,1673,3
1,1675,5
1,1676,1
1,1678,4
1,1679,3
1,1681,2
1,1682,4
1,1683,1
1,1684,4
1,1686,5
1,1687,5
1,1689,3
1,1690,1
1,1691,1
1,1692,3
1,1693,2
1,1694,5
1,1695,4
1,1698,4
1,1699,5
1,1700,4
1,1701,5
1,1702,5
1,1703,1
1,1704,5
1,1705,3
1,1706,4
1,1708,3
1,1710,2
1,1711,2
1,1712,1
1,1713,2
1,1714,5
1,1715,2
1,1716,2
1,1718,3
1,1719,5
1,1720,2
1,1721,5
1,1722,5
1,1723,4
1,1725,1
1,1726,2
1,1727,5
1,1728,4
1,1729,2
1,1730,4
1,1731,1
1,1732,5
1,1733,4
1,1735,1
1,1736,2
1,1737,2
1,1739,3
1,1740,1
1,1741,5
1,1742,1
1,1744,1
1,1746,5
1,1748,1
1,1749,3
1,1750,5
1,1751,5
1,1753,5
1,1754,2
1,1755,4
1,1756,4
1,1757,5
1,1758,2
1,1759,4
1,1760,4
1,1761,5
1,1762,3
1,1763,4
1,1764,5
1,1766,2
1,1767,2
1,1768,1
1,1770,3
1,1772,3
1,1773,3
1,1774,5
1,1777,1
1,1778,5
1,1779,3
1,1780,5
1,1781,2
1,1782,2
1,1783,4
1,1784,4
1,1785,5
1,1786,3
1,1787,5
1,1788,1
1,1789,4
1,1790,5
1,1792,4
1,1793,2
1,1794,2
1,1796,3
1,1798,1
1,1799,3
1,1800,5
1,1801,1
1,1802,1
1,1803,5
1,1804,4
1,1805,5
1,1806,2
1,1807,4
1,1809,4
1,1811,4
1,1812,4
1,1813,2
1,1814,1
1,1815,1
1,1817,3
1,1818,4
1,1819,1
1,1820,5
1,1821,3
1,1822,4
1,1823,5
1,1825,3
1,1826,5
1,1829,3
1,1830,3
1,1833,5
1,1834,5
1,1835,4
1,1836,2
1,1838,1
1,1839,4
1,1840,2
1,1842,3
1,1843,5
1,1844,2
1,1845,3
1,1846,5
1,1847,3
1,1851,3
1,1852,3
1,1854,4
1,1855,2
1,1856,4
1,1857,3
1,1859,3
1,1861,1
1,1863,3
1,1864,2
1,1865,2
1,1866,3
1,1867,2
1,1868,3
1,1869,5
1,1870,4
1,1873,2
1,1875,4
1,1876,2
1,1877,5
1,1878,2
1,1879,2
1,1881,4
1,1882,5
1,1883,2
1,1884,2
1,1885,2
1,1886,1
1,1887,4
1,1888,1
1,1891,5
1,1892,4
1,1893,4
1,1894,4
1,1896,3
1,1897,4
1,1898,3
1,1899,2
1,1901,1
1,1902,4
1,1904,5
1,1906,3
1,1907,5
1,1908,5
1,1909,4
1,1910,4
1,1912,2
1,1914,5
1,1915,2
1,1916,2
1,1917,4
1,1919,5
1,1920,4
1,1921,5
1,1923,3
1,1924,4
1,1925,3
1,1926,1
1,1927,2
1,1928,3
1,1929,1
1,1930,5
1,1931,3
1,1932,5
1,1933,1
1,1934,2
1,1935,2
1,1936,5
1,1937,5
1,1938,2
1,1939,5
1,1940,3
1,1941,1
1,1942,4
1,1943,4
1,1945,4
1,1946,2
1,1947,2
1,1948,1
1,1951,3
1,1952,3
1,1953,1
1,1954,3
1,1955,5
1,1956,4
1,1957,3
1,1958,5
1,1960,3
1,1961,4
1,1962,2
1,1963,3
1,1965,5
1,1966,5
1,1967,1
1,1968,5
1,1969,1
1,1971,3
1,1973,1
1,1974,5
1,1975,5
1,1976,2
1,1977,4
1,1978,3
1,1979,2
1,1980,3
1,1981,4
1,1983,5
1,1985,1
1,1986,5
1,1988,2
1,1989,4
1,1991,4
1,1993,2
1,1994,5
1,1996,2
1,1997,5
1,1998,3
1,1999,1
1,2000,5
1,2001,2
1,2002,1
1,2003,1
1,2004,3
1,2005,3
1,2006,5
1,2007,4
1,2008,1
1,2009,3
1,2010,4
1,2011,1
1,2013,4
1,2014,4
1,2015,1
1,2016,2
1,2017,1
1,2018,3
1,2019,5
1,2020,4
1,2021,1
1,2022,5
1,2023,1
1,2024,2
1,2025,1
1,2026,3
1,2028,5
1,2029,3
1,2030,5
1,2032,1
1,2033,1
1,2034,1
1,2036,4
1,2037,1
1,2038,3
1,2039,4
1,2040,1
1,2041,3
1,2042,1
1,2043,3
1,2044,2
1,2046,1
1,2047,3
1,2048,2
1,2049,3
1,2051,5
1,2052,3
1,2053,2
1,2054,1
1,2055,2
1,2056,4
1,2057,4
1,2060,4
1,2061,1
1,2062,4
1,2063,2
1,2065,3
1,2066,2
1,2068,5
1,2069,2
1,2071,2
1,2072,4
1,2073,3
1,2074,4
1,2075,2
1,2076,3
1,2078,3
1,2079,4
1,2080,5
1,2081,3
1,2082,5
1,2083,3
1,2084,5
1,2086,4
1,2087,4
1,2088,1
1,2089,3
1,2090,2
1,2091,1
1,2092,1
1,2093,1
1,2094,4
1,2096,1
1,2098,1
1,2099,1
1,2100,1
1,2101,4
1,2103,4
1,2104,5
1,2105,5
1,2106,1
1,2107,2
1,2108,5
1,2109,5
1,2110,3
1,2111,3
1,2112,2
1,2113,2
1,2116,2
1,2117,2
1,2119,5
1,2120,2
1,2121,5
1,2122,1
1,2123,2
1,2124,1
1,2125,1
1,2126,1
1,2127,2
1,2128,5
1,2129,3
1,2130,5
1,2131,1
1,2133,5
1,2135,2
1,2136,1
1,2137,5
1,2138,1
1,2139,5
1,2140,1
1,2141,4
1,2142,5
1,2143,4
1,2144,3
1,2147,1
1,2148,5
1,2149,4
1,2150,1
1,2151,5
1,2152,5
1,2153,3
1,2154,2
1,2155,3
1,2156,3
1,2157,3
1,2158,5
1,2159,1
1,2160,1
1,2161,3
1,2164,1
1,2165,4
1,2166,4
1,2168,2
1,2170,4
1,2172,2
1,2173,3
1,2174,2
1,2175,3
1,2178,1
1,2179,4
1,2181,2
1,2182,3
1,2183,1
1,2184,1
1,2185,5
1,2186,4
1,2187,3
1,2189,5
1,2190,5
1,2191,3
1,2192,4
1,2193,2
1,2198,1
1,2199,4
1,2200,4
1,2201,3
1,2202,2
1,2204,1
1,2205,5
1,2207,1
1,2208,3
1,2209,4
1,2210,2
1,2211,5
1,2212,2
1,2213,5
1,2214,3
1,2215,1
1,2216,2
1,2218,1
1,2219,5
1,2221,5
1,2222,4
1,2224,1
1,2225,3
1,2226,2
1,2229,2
1,2230,2
1,2233,3
1,2234,1
1,2235,5
1,2236,5
1,2237,1
1,2238,3
1,2239,3
1,2240,5
1,2242,4
1,2245,2
1,2246,5
1,2247,3
1,2250,3
1,2251,5
1,2252,3
1,2253,5
1,2254,3
1,2255,4
1,2256,2
1,2257,4
1,2259,2
1,2261,4
1,2262,4
1,2263,5
1,2264,3
1,2265,2
1,2266,1
1,2268,4
1,2269,1
1,2271,2
1,2272,3
1,2273,1
1,2274,2
1,2276,5
1,2277,5
1,2278,4
1,2280,5
1,2281,3
1,2283,1
1,2284,3
1,2285,2
1,2286,5
1,2287,1
1,2288,4
1,2290,2
1,2291,4
1,2293,2
1,2294,2
1,2295,3
1,2296,5
1,2297,1
1,2298,1
1,2299,4
1,2301,2
1,2302,1
1,2304,3
1,2306,3
1,2307,3
1,2309,4
1,2310,1
1,2311,5
1,2312,3
1,2313,3
1,2314,3
1,2315,2
1,2316,5
1,2318,5
1,2319,2
1,2320,3
1,2321,4
1,2323,3
1,2324,5
1,2325,4
1,2326,1
1,2327,5
1,2328,1
1,2329,2
1,2331,3
1,2333,5
1,2334,3
1,2335,4
1,2338,5
1,2339,3
1,2342,4
1,2343,2
1,2344,3
1,2345,1
1,2346,2
1,2348,2
1,2349,4
1,2350,4
1,2351,3
1,2352,3
1,2353,3
1,2354,2
1,2355,2
1,2356,3
1,2357,2
1,2361,4
1,2362,4
1,2363,3
1,2364,5
1,2365,5
1,2367,1
1,2368,5
1,2370,5
1,2371,5
1,2374,4
1,2376,2
1,2377,2
1,2378,3
1,2379,2
1,2380,1
1,2381,5
1,2383,2
1,2384,2
1,2385,2
1,2386,3
1,2387,4
1,2388,5
1,2389,4
1,2390,1
1,2391,1
1,2392,1
1,2393,4
1,2394,4
1,2395,1
1,2396,3
1,2397,5
1,2398,2
1,2399,2
1,2401,2
1,2402,3
1,2404,3
1,2405,3
1,2406,2
1,2407,5
1,2408,1
1,2409,5
1,2410,3
1,2412,4
1,2414,3
1,2415,1
1,2416,5
1,2417,3
1,2418,4
1,2419,3
1,2420,4
1,2421,5
1,2422,5
1,2423,2
1,2424,1
1,2425,2
1,2426,3
1,2427,4
1,2428,4
1,2429,5
1,2431,2
1,2432,4
1,2433,2
1,2434,1
1,2437,4
1,2438,2
1,2440,2
1,2441,2
1,2442,4
1,2443,5
1,2445,3
1,2446,5
1,2447,4
1,2449,2
1,2450,3
1,2451,3
1,2453,4
1,2454,2
1,2455,3
1,2456,1
1,2457,1
1,2458,3
1,2459,2
1,2460,4
1,2461,5
1,2462,1
1,2463,1
1,2464,5
1,2465,1
1,2466,3
1,2467,2
1,2470,3
1,2471,1
1,2472,1
1,2474,4
1,2475,2
1,2476,4
1,2478,2
1,2479,1
1,2480,3
1,2483,1
1,2484,5
1,2485,3
1,2486,5
1,2487,1
1,2488,4
1,2489,4
1,2490,2
1,2491,1
1,2492,4
1,2493,5
1,2494,4
1,2495,5
1,2497,5
1,2498,1
1,2499,2
1,2501,2
1,2502,4
1,2503,4
1,2504,1
1,2505,1
1,2506,5
1,2508,5
1,2509,3
1,2510,5
1,2511,2
1,2512,3
1,2513,1
1,2514,5
1,2515,3
1,2516,1
1,2517,4
1,2519,5
1,2520,2
1,2521,3
1,2523,5
1,2525,1
1,2526,2
1,2527,5
1,2528,2
1,2529,5
1,2530,4
1,2531,3
1,2532,1
1,2533,3
1,2534,4
1,2535,1
1,2536,4
1,2537,3
1,2538,3
1,2539,3
1,2540,4
1,2541,5
1,2542,2
1,2543,1
1,2544,1
1,2546,4
1,2547,4
1,2548,4
1,2550,4
1,2551,5
1,2553,1
1,2554,3
1,2555,1
1,2556,1
1,2557,5
1,2558,1
1,2559,4
1,2560,5
1,2563,3
1,2564,4
1,2565,5
1,2566,4
1,2567,4
1,2568,4
1,2570,3
1,2571,5
1,2574,4
1,2577,5
1,2578,5
1,2579,2
1,2580,3
1,2581,1
1,2587,4
1,2588,2
1,2589,2
1,2590,1
1,2592,5
1,2593,2
1,2594,1
1,2595,5
1,2597,1
1,2598,2
1,2599,2
1,2600,2
1,2602,5
1,2604,3
1,2606,1
1,2609,1
1,2610,3
1,2611,1
1,2613,4
1,2614,2
1,2615,5
1,2618,1
1,2619,1
1,2620,1
1,2621,4
1,2622,2
1,2623,5
1,2625,2
1,2626,3
1,2628,3
1,2629,4
1,2631,3
1,2632,3
1,2633,1
1,2634,3
1,2635,2
1,2637,1
1,2638,1
1,2639,2
1,2641,3
1,2643,4
1,2644,2
1,2645,1
1,2646,4
1,2647,2
1,2648,3
1,2649,1
1,2650,2
1,2653,1
1,2654,4
1,2655,1
1,2656,3
1,2657,5
1,2658,1
1,2660,2
1,2661,3
1,2662,1
1,2663,4
1,2665,2
1,2666,4
1,2667,2
1,2668,5
1,2669,3
1,2670,1
1,2671,3
1,2672,5
1,2673,2
1,2674,5
1,2675,5
1,2677,3
1,2678,5
1,2679,5
1,2680,3
1,2681,2
1,2682,5
1,2683,3
1,2684,4
1,2687,2
1,2688,3
1,2689,5
1,2690,4
1,2691,4
1,2694,3
1,2695,4
1,2696,5
1,2697,1
1,2698,2
1,2699,5
1,2700,5
1,2702,1
1,2704,3
1,2707,2
1,2708,1
1,2709,2
1,2710,3
1,2711,1
1,2712,4
1,2713,1
1,2714,3
1,2718,3
1,2719,4
1,2720,2
1,2721,3
1,2724,5
1,2725,3
1,2726,5
1,2727,2
1,2730,5
1,2731,2
1,2734,5
1,2735,2
1,2736,1
1,2737,1
1,2738,2
1,2739,1
1,2740,1
1,2742,3
1,2743,1
1,2744,3
1,2745,3
1,2748,4
1,2749,1
1,2750,3
1,2751,4
1,2754,5
1,2755,5
1,2756,5
1,2759,2
1,2760,1
1,2761,1
1,2762,2
1,2763,1
1,2764,3
1,2765,2
1,2766,5
1,2767,3
1,2768,5
1,2769,2
1,2770,2
1,2771,1
1,2772,4
1,2773,2
1,2774,1
1,2775,4
1,2776,1
1,2777,3
1,2778,3
1,2781,1
1,2782,2
1,2783,2
1,2784,2
1,2785,3
1,2786,1
1,2787,2
1,2788,5
1,2789,5
1,2790,1
1,2791,3
1,2792,1
1,2793,2
1,2794,5
1,2795,5
1,2798,5
1,2799,3
1,2800,2
1,2801,4
1,2803,4
1,2804,4
1,2806,1
1,2807,4
1,2808,3
1,2810,3
1,2812,2
1,2813,5
1,2814,2
1,2815,4
1,2817,2
1,2818,5
1,2819,4
1,2821,2
1,2822,2
1,2823,5
1,2824,1
1,2825,2
1,2826,5
1,2827,5
1,2828,2
1,2829,3
1,2830,1
1,2831,1
1,2833,1
1,2834,2
1,2835,3
1,2836,5
1,2838,1
1,2839,2
1,2840,3
1,2841,3
1,2842,1
1,2843,5
1,2844,2
1,2845,2
1,2846,4
1,2847,1
1,2848,4
1,2849,2
1,2850,1
1,2851,2
1,2852,5
1,2853,4
1,2854,3
1,2855,5
1,2856,5
1,2857,2
1,2858,5
1,2859,4
1,2860,2
1,2861,4
1,2862,2
1,2863,2
1,2864,2
1,2865,2
1,2866,2
1,2867,5
1,2868,1
1,2869,4
1,2870,1
1,2871,1
1,2872,2
1,2873,4
1,2874,4
1,2875,2
1,2876,1
1,2877,4
1,2878,4
1,2879,2
1,2881,5
1,2882,2
1,2883,5
1,2884,5
1,2885,4
1,2886,3
1,2887,3
1,2889,3
1,2890,1
1,2891,2
1,2892,5
1,2893,4
1,2894,5
1,2895,2
1,2897,3
1,2898,2
1,2899,3
1,2900,1
1,2901,4
1,2903,1
1,2905,2
1,2908,1
1,2910,5
1,2911,5
1,2912,5
1,2913,2
1,2914,4
1,2915,3
1,2917,5
1,2918,5
1,2919,1
1,2920,2
1,2921,1
1,2922,2
1,2923,2
1,2924,3
1,2925,5
1,2926,2
1,2928,4
1,2930,3
1,2931,4
1,2933,3
1,2934,1
1,2935,2
1,2936,1
1,2937,5
1,2938,1
1,2939,1
1,2940,1
1,2941,4
1,2943,3
1,2945,4
1,2946,2
1,2947,1
1,2948,1
1,2949,4
1,2950,1
1,2951,3
1,2952,5
1,2953,5
1,2956,2
1,2958,5
1,2959,3
1,2960,4
1,2961,2
1,2962,3
1,2963,2
1,2964,4
1,2965,2
1,2966,5
1,2967,1
1,2968,3
1,2970,5
1,2973,5
1,2975,3
1,2976,4
1,2977,4
1,2978,5
1,2979,2
1,2980,2
1,2981,5
1,2982,4
1,2983,2
1,2984,2
1,2985,5
1,2986,5
1,2988,3
1,2990,3
1,2991,3
1,2992,4
1,2995,2
1,2996,4
1,2997,4
1,2998,2
1,2999,2
1,3000,2
1,3001,3
1,3002,3
1,3003,1
1,3005,3
1,3006,1
1,3007,4
1,3008,2
1,3009,4
1,3010,3
1,3011,1
1,3012,4
1,3013,2
1,3014,2
1,3016,4
1,3017,3
1,3018,1
1,3019,2
1,3020,5
1,3021,5
1,3022,1
1,3023,3
1,3025,4
1,3027,3
1,3029,3
1,3030,3
1,3031,2
1,3033,4
1,3034,2
1,3035,3
1,3036,5
1,3038,2
1,3041,5
1,3042,5
1,3044,2
1,3045,1
1,3046,5
1,3048,2
1,3049,5
1,3050,4
1,3051,2
1,3052,3
1,3053,1
1,3054,3
1,3055,5
1,3056,2
1,3057,2
1,3058,4
1,3059,3
1,3060,4
1,3061,1
1,3063,4
1,3064,2
1,3065,2
1,3066,5
1,3067,5
1,3068,2
1,3069,4
1,3071,5
1,3072,5
1,3073,3
1,3075,1
1,3076,1
1,3077,4
1,3078,3
1,3080,4
1,3081,2
1,3082,1
1,3083,3
1,3084,5
1,3085,2
1,3086,2
1,3087,1
1,3088,4
1,3089,5
1,3090,5
1,3091,5
1,3092,5
1,3093,3
1,3094,4
1,3096,4
1,3099,4
1,3100,4
1,3101,5
1,3103,4
1,3104,5
1,3105,5
1,3107,5
1,3108,4
1,3109,1
1,3110,4
1,3111,2
1,3114,4
1,3116,4
1,3118,3
1,3121,1
1,3122,2
1,3123,4
1,3124,3
1,3125,1
1,3126,2
1,3127,2
1,3128,5
1,3129,2
1,3131,1
1,3132,1
1,3133,5
1,3135,1
1,3137,5
1,3138,5
1,3139,1
1,3140,1
1,3141,1
1,3142,2
1,3145,4
1,3146,2
1,3147,1
1,3149,5
1,3150,2
1,3151,3
1,3152,4
1,3153,1
1,3154,1
1,3157,2
1,3158,5
1,3159,3
1,3160,4
1,3162,4
1,3163,4
1,3164,3
1,3165,4
1,3166,5
1,3168,3
1,3169,4
1,3170,4
1,3171,3
1,3172,1
1,3173,5
1,3175,1
1,3176,4
1,3177,5
1,3178,4
1,3179,2
1,3180,1
1,3182,3
1,3183,1
1,3184,5
1,3185,4
1,3186,4
1,3187,4
1,3189,1
1,3190,5
1,3191,1
1,3192,4
1,3193,3
1,3195,4
1,3196,3
1,3197,4
1,3198,5
1,3199,5
1,3200,1
1,3201,3
1,3202,1
1,3203,3
1,3204,5
1,3207,2
1,3209,3
1,3210,4
1,3212,2
1,3213,1
1,3215,1
1,3216,5
1,3217,5
1,3218,1
1,3219,1
1,3221,3
1,3223,3
1,3224,4
1,3225,4
1,3226,3
1,3227,5
1,3229,3
1,3230,4
1,3231,4
1,3232,1
1,3233,4
1,3235,1
1,3236,3
1,3237,2
1,3238,1
1,3239,3
1,3240,2
1,3241,2
1,3242,1
1,3243,2
1,3246,3
1,3247,1
1,3248,5
1,3249,1
1,3251,4
1,3252,5
1,3253,2
1,3254,5
1,3255,3
1,3256,2
1,3257,4
1,3258,5
1,3259,1
1,3261,4
1,3262,1
1,3263,2
1,3264,3
1,3265,5
1,3266,4
1,3267,3
1,3268,5
1,3269,1
1,3271,2
1,3273,4
1,3275,2
1,3276,3
1,3277,4
1,3278,1
1,3279,4
1,3280,3
1,3281,1
1,3282,2
1,3283,3
1,3284,3
1,3285,2
1,3286,1
1,3287,1
1,3288,1
1,3290,1
1,3292,5
1,3293,4
1,3294,5
1,3295,2
1,3296,2
1,3297,4
1,3298,4
1,3299,1
1,3300,1
1,3301,3
1,3303,3
1,3304,1
1,3305,1
1,3306,3
1,3307,3
1,3308,3
1,3309,3
1,3310,4
1,3311,2
1,3312,4
1,3313,3
1,3315,3
1,3316,3
1,3317,2
1,3318,1
1,3320,5
1,3322,3
1,3323,1
1,3324,1
1,3325,2
1,3326,1
1,3327,4
1,3330,1
1,3331,1
1,3333,5
1,3334,3
1,3335,5
1,3336,2
1,3337,2
1,3338,5
1,3339,4
1,3340,4
1,3341,1
1,3342,1
1,3344,2
1,3345,5
1,3346,1
1,3347,2
1,3348,2
1,3349,3
1,3350,1
1,3351,4
1,3352,3
1,3353,3
1,3354,2
1,3355,5
1,3357,3
1,3359,5
1,3360,2
1,3361,2
1,3362,5
1,3363,1
1,3364,1
1,3365,3
1,3367,3
1,3368,2
1,3369,1
1,3370,5
1,3371,1
1,3373,5
1,3375,4
1,3376,4
1,3377,3
1,3378,4
1,3380,1
1,3381,3
1,3382,1
1,3383,3
1,3384,3
1,3385,2
1,3386,4
1,3387,4
1,3388,2
1,3389,4
1,3391,5
1,3392,1
1,3393,4
1,3394,2
1,3395,5
1,3396,3
1,3399,1
1,3401,3
1,3402,5
1,3403,5
1,3405,2
1,3407,3
1,3409,1
1,3410,2
1,3412,2
1,3413,3
1,3415,2
1,3416,5
1,3417,2
1,3418,5
1,3419,3
1,3421,1
1,3423,3
1,3424,3
1,3426,1
1,3428,1
1,3431,4
1,3432,5
1,3433,2
1,3434,4
1,3435,3
1,3436,5
1,3437,4
1,3438,5
1,3439,4
1,3440,1
1,3441,5
1,3442,4
1,3443,3
1,3444,5
1,3445,5
1,3446,2
1,3447,4
1,3448,4
1,3450,5
1,3453,2
1,3454,5
1,3455,5
1,3456,4
1,3457,4
1,3458,3
1,3459,3
1,3460,3
1,3461,5
1,3462,2
1,3464,2
1,3465,2
1,3468,2
1,3469,5
1,3470,2
1,3472,2
1,3474,4
1,3475,3
1,3476,5
1,3477,4
1,3478,2
1,3479,5
1,3481,3
1,3482,1
1,3483,5
1,3484,5
1,3486,3
1,3487,1
1,3488,5
1,3489,4
1,3490,3
1,3491,2
1,3492,3
1,3493,5
1,3494,1
1,3495,5
1,3496,1
1,3497,3
1,3498,5
1,3499,1
1,3501,4
1,3503,2
1,3506,1
1,3508,2
1,3510,3
1,3512,2
1,3514,3
1,3515,2
1,3516,1
1,3517,5
1,3518,1
1,3519,4
1,3520,2
1,3521,5
1,3522,2
1,3524,3
1,3527,4
1,3528,4
1,3529,3
1,3531,1
1,3533,3
1,3534,2
1,3537,3
1,3538,5
1,3541,4
1,3542,5
1,3543,4
1,3544,3
1,3545,1
1,3546,5
1,3547,5
1,3548,3
1,3549,2
1,3551,2
1,3552,2
1,3553,3
1,3554,4
1,3556,2
1,3558,2
1,3560,1
1,3561,1
1,3564,5
1,3565,3
1,3566,2
1,3568,1
1,3569,3
1,3570,4
1,3572,2
1,3573,2
1,3574,4
1,3575,3
1,3576,2
1,3577,4
1,3580,2
1,3581,3
1,3582,1
1,3583,1
1,3584,4
1,3585,5
1,3586,1
1,3590,3
1,3591,5
1,3593,5
1,3594,2
1,3595,4
1,3596,5
1,3597,5
1,3598,5
1,3599,5
1,3600,1
1,3601,5
1,3602,1
1,3603,1
1,3604,3
1,3605,5
1,3606,5
1,3607,2
1,3608,2
1,3609,1
1,3610,1
1,3611,5
1,3613,5
1,3615,1
1,3617,3
1,3618,4
1,3619,2
1,3620,3
1,3623,4
1,3625,1
1,3626,5
1,3627,1
1,3628,3
1,3629,3
1,3630,1
1,3631,2
1,3633,1
1,3634,3
1,3637,4
1,3638,5
1,3639,1
1,3640,4
1,3641,1
1,3642,5
1,3645,1
1,3647,2
1,3648,1
1,3649,3
1,3650,2
1,3651,3
1,3652,2
1,3653,2
1,3654,2
1,3655,2
1,3656,5
1,3657,2
1,3659,4
1,3661,1
1,3662,4
1,3663,5
1,3664,4
1,3666,4
1,3667,4
1,3668,2
1,3669,5
1,3670,1
1,3671,1
1,3672,5
1,3673,4
1,3674,2
1,3675,5
1,3676,2
1,3677,2
1,3678,2
1,3679,5
1,3681,5
1,3682,5
1,3683,4
1,3685,3
1,3686,3
1,3687,2
1,3688,1
1,3690,5
1,3692,5
1,3693,3
1,3696,4
1,3697,2
1,3698,3
1,3699,3
1,3700,5
1,3701,4
1,3702,5
1,3703,3
1,3704,4
1,3706,5
1,3707,3
1,3708,3
1,3709,5
1,3710,3
1,3712,1
1,3713,2
1,3714,5
1,3715,1
1,3720,3
1,3721,2
1,3722,5
1,3723,2
1,3725,3
1,3726,2
1,3727,3
1,3728,1
1,3729,2
1,3731,1
1,3732,2
1,3733,1
1,3734,3
1,3735,3
1,3736,1
1,3737,5
1,3738,3
1,3739,1
1,3740,5
1,3741,5
1,3744,2
1,3745,1
1,3746,5
1,3749,1
1,3751,3
1,3752,1
1,3754,1
1,3755,1
1,3756,2
1,3757,2
1,3758,4
1,3759,1
1,3760,1
1,3761,4
1,3762,1
1,3763,1
1,3764,1
1,3765,1
1,3767,1
1,3768,3
1,3770,4
1,3771,1
1,3772,2
1,3773,1
1,3774,3
1,3775,1
1,3776,5
1,3778,2
1,3779,5
1,3780,5
1,3781,1
1,3783,1
1,3784,5
1,3785,1
1,3787,2
1,3788,4
1,3789,3
1,3790,5
1,3791,5
1,3792,2
1,3793,3
1,3794,1
1,3795,5
1,3796,4
1,3797,5
1,3798,3
1,3799,5
1,3800,5
1,3801,3
1,3802,5
1,3804,1
1,3805,2
1,3806,4
1,3807,1
1,3809,1
1,3810,5
1,3811,5
1,3812,4
1,3814,2
1,3817,2
1,3818,1
1,3819,2
1,3822,5
1,3823,4
1,3825,3
1,3826,5
1,3827,2
1,3828,5
1,3829,1
1,3831,5
1,3832,5
1,3833,2
1,3834,5
1,3835,3
1,3836,3
1,3837,4
1,3839,3
1,3840,2
1,3841,4
1,3842,4
1,3843,4
1,3844,5
1,3845,1
1,3846,2
1,3847,4
1,3848,4
1,3850,3
1,3851,5
1,3852,5
1,3853,4
1,3854,1
1,3855,5
1,3856,4
1,3857,5
1,3858,1
1,3859,3
1,3863,1
1,3864,2
1,3865,3
1,3866,3
1,3867,5
1,3868,2
1,3869,3
1,3870,4
1,3871,4
1,3872,4
1,3873,4
1,3874,3
1,3876,4
1,3877,5
1,3878,4
1,3879,5
1,3880,1
1,3881,5
1,3883,5
1,3884,1
1,3885,2
1,3886,1
1,3887,1
1,3888,1
1,3889,4
1,3892,4
1,3894,3
1,3895,4
1,3896,3
1,3897,3
1,3898,2
1,3900,1
1,3901,5
1,3902,5
1,3903,2
1,3904,2
1,3905,4
1,3906,2
1,3907,4
1,3908,1
1,3909,1
1,3910,1
1,3911,3
1,3912,4
1,3913,4
1,3914,1
1,3915,2
1,3917,2
1,3919,3
1,3920,5
1,3921,4
1,3923,4
1,3924,1
1,3925,5
1,3926,3
1,3927,2
1,3929,2
1,3930,5
1,3931,4
1,3932,5
1,3933,3
1,3934,2
1,3935,4
1,3936,2
1,3939,2
1,3940,3
1,3941,2
1,3942,2
1,3944,4
1,3945,2
1,3946,3
1,3947,2
1,3948,4
1,3949,2
1,3950,5
1,3952,4
1,3953,1
1,3955,1
1,3956,2
1,3958,1
1,3959,4
1,3960,5
1,3961,3
1,3963,5
1,3964,3
1,3968,5
1,3969,4
1,3970,2
1,3972,3
1,3973,4
1,3975,4
1,3976,2
1,3977,2
1,3978,2
1,3979,2
1,3980,1
1,3981,1
1,3982,2
1,3983,2
1,3984,4
1,3986,1
1,3987,4
1,3988,4
1,3989,1
1,3991,5
1,3992,3
1,3993,3
1,3994,2
1,3996,5
1,3997,2
1,3998,1
1,3999,5
1,4000,1
1,4001,2
1,4002,5
1,4003,5
1,4004,5
1,4005,3
1,4006,4
1,4008,1
1,4009,3
1,4010,4
1,4011,1
1,4012,1
1,4014,3
1,4015,1
1,4016,5
1,4017,4
1,4018,5
1,4019,3
1,4020,3
1,4022,1
1,4024,4
1,4026,3
1,4027,2
1,4028,1
1,4029,5
1,4030,1
1,4031,1
1,4033,2
1,4034,1
1,4035,2
1,4036,5
1,4038,1
1,4039,5
1,4040,1
1,4042,5
1,4043,1
1,4044,4
1,4045,1
1,4046,4
1,4047,5
1,4049,2
1,4050,5
1,4051,1
1,4052,3
1,4054,1
1,4055,4
1,4056,3
1,4057,4
1,4058,1
1,4059,1
1,4060,3
1,4061,4
1,4062,3
1,4063,2
1,4064,5
1,4065,2
1,4067,2
1,4068,1
1,4069,2
1,4070,2
1,4072,2
1,4073,5
1,4074,1
1,4075,1
1,4076,4
1,4077,5
1,4078,4
1,4080,5
1,4081,5
1,4083,4
1,4085,2
1,4086,3
1,4087,5
1,4088,1
1,4090,2
1,4091,5
1,4092,5
1,4093,1
1,4096,4
1,4097,5
1,4098,5
1,4099,4
1,4100,1
1,4101,5
1,4102,1
1,4103,5
1,4104,1
1,4105,5
1,4106,2
1,4107,2
1,4108,5
1,4110,4
1,4111,2
1,4112,4
1,4114,2
1,4115,4
1,4116,2
1,4117,4
1,4118,1
1,4119,3
1,4120,4
1,4122,1
1,4123,3
1,4124,2
1,4125,5
1,4126,3
1,4127,5
1,4128,1
1,4129,4
1,4131,4
1,4132,1
1,4133,2
1,4134,5
1,4135,1
1,4137,5
1,4138,1
1,4139,1
1,4140,3
1,4141,4
1,4143,4
1,4144,4
1,4145,3
1,4146,3
1,4147,4
1,4149,5
1,4153,3
1,4154,2
1,4155,4
1,4156,4
1,4157,5
1,4159,4
1,4160,5
1,4161,2
1,4162,5
1,4163,2
1,4164,2
1,4165,1
1,4168,1
1,4169,2
1,4170,4
1,4171,3
1,4173,4
1,4174,4
1,4175,1
1,4176,2
1,4178,5
1,4179,3
1,4180,3
1,4181,3
1,4182,4
1,4183,2
1,4184,1
1,4185,3
1,4186,5
1,4187,4
1,4188,4
1,4189,3
1,4190,2
1,4191,1
1,4192,1
1,4194,4
1,4195,1
1,4197,1
1,4198,1
1,4199,3
1,4200,3
1,4201,3
1,4202,2
1,4203,4
1,4204,2
1,4205,3
1,4207,4
1,4208,4
1,4209,1
1,4210,4
1,4212,3
1,4213,2
1,4214,5
1,4215,1
1,4216,5
1,4217,5
1,4218,5
1,4219,3
1,4220,3
1,4221,4
1,4222,1
1,4223,3
1,4224,4
1,4225,4
1,4226,2
1,4227,3
1,4228,2
1,4229,3
1,4230,5
1,4232,3
1,4233,3
1,4234,1
1,4235,5
1,4236,2
1,4237,1
1,4239,2
1,4240,3
1,4241,3
1,4242,5
1,4243,2
1,4244,4
1,4246,2
1,4247,4
1,4248,5
1,4249,1
1,4250,4
1,4251,4
1,4254,3
1,4255,1
1,4256,5
1,4257,5
1,4258,5
1,4259,4
1,4260,1
1,4261,2
1,4262,2
1,4263,3
1,4264,4
1,4265,1
1,4266,1
1,4267,2
1,4268,4
1,4269,5
1,4271,5
1,4272,5
1,4273,2
1,4274,1
1,4275,1
1,4277,2
1,4278,5
1,4282,1
1,4283,3
1,4284,1
1,4285,3
1,4286,3
1,4287,3
1,4288,2
1,4289,1
1,4290,3
1,4291,2
1,4292,2
1,4293,5
1,4295,2
1,4296,3
1,4297,1
1,4298,1
1,4299,2
1,4300,1
1,4301,5
1,4302,1
1,4304,3
1,4306,4
1,4307,1
1,4308,1
1,4310,1
1,4311,2
1,4312,2
1,4313,2
1,4314,2
1,4315,2
1,4316,5
1,4317,1
1,4319,5
1,4320,2
1,4321,4
1,4322,5
1,4323,2
1,4325,2
1,4328,4
1,4329,4
1,4331,3
1,4332,3
1,4333,4
1,4334,4
1,4335,4
1,4336,1
1,4338,4
1,4341,3
1,4342,2
1,4343,4
1,4344,5
1,4345,5
1,4346,1
1,4348,1
1,4349,4
1,4350,4
1,4351,5
1,4352,5
1,4353,1
1,4354,3
1,4356,1
1,4357,2
1,4358,2
1,4359,5
1,4361,5
1,4362,3
1,4363,3
1,4364,3
1,4366,3
1,4367,4
1,4368,2
1,4369,4
1,4370,2
1,4373,4
1,4375,4
1,4376,1
1,4377,4
1,4378,3
1,4380,2
1,4381,4
1,4382,3
1,4383,2
1,4384,2
1,4385,5
1,4386,4
1,4387,4
1,4388,4
1,4389,1
1,4391,4
1,4392,5
1,4393,4
1,4394,3
1,4395,1
1,4396,2
1,4397,3
1,4398,1
1,4400,3
1,4401,2
1,4402,4
1,4403,1
1,4404,5
1,4405,1
1,4406,2
1,4407,5
1,4408,5
1,4409,4
1,4410,5
1,4411,3
1,4412,3
1,4415,3
1,4416,2
1,4417,2
1,4418,5
1,4419,3
1,4420,2
1,4421,2
1,4423,1
1,4424,1
1,4425,3
1,4426,3
1,4429,5
1,4431,4
1,4432,1
1,4433,3
1,4434,5
1,4435,1
1,4436,1
1,4437,5
1,4438,4
1,4439,1
1,4441,3
1,4442,4
1,4443,3
1,4444,3
1,4445,2
1,4446,4
1,4448,1
1,4449,1
1,4450,1
1,4451,1
1,4452,1
1,4453,1
1,4454,1
1,4455,2
1,4456,5
1,4457,1
1,4458,3
1,4459,5
1,4460,3
1,4461,3
1,4462,3
1,4463,4
1,4464,2
1,4465,3
1,4466,2
1,4469,3
1,4470,1
1,4471,2
1,4472,3
1,4475,2
1,4476,3
1,4477,1
1,4478,1
1,4480,3
1,4481,1
1,4483,2
1,4484,1
1,4485,1
1,4486,2
1,4487,3
1,4488,2
1,4489,2
1,4490,5
1,4492,1
1,4493,1
1,4494,2
1,4495,1
1,4497,5
1,4498,4
1,4499,3
1,4500,5
1,4501,4
1,4503,2
1,4504,1
1,4505,5
1,4506,1
1,4507,4
1,4508,4
1,4509,3
1,4510,1
1,4511,2
1,4513,3
1,4514,5
1,4515,1
1,4516,2
1,4517,1
1,4518,5
1,4519,4
1,4520,4
1,4521,1
1,4522,5
1,4523,1
1,4524,3
1,4526,2
1,4529,1
1,4530,2
1,4532,1
1,4533,2
1,4534,1
1,4535,5
1,4536,2
1,4537,1
1,4538,5
1,4539,4
1,4540,4
1,4541,2
1,4542,2
1,4543,3
1,4544,2
1,4545,3
1,4547,1
1,4548,4
1,4549,4
1,4550,2
1,4551,2
1,4552,2
1,4553,1
1,4554,2
1,4555,2
1,4556,4
1,4557,3
1,4558,5
1,4559,1
1,4560,3
1,4561,3
1,4563,5
1,4564,4
1,4565,3
1,4566,4
1,4568,1
1,4569,3
1,4570,1
1,4571,5
1,4572,2
1,4573,5
1,4575,2
1,4576,3
1,4579,3
1,4580,4
1,4581,3
1,4582,2
1,4583,4
1,4584,4
1,4585,5
1,4586,3
1,4587,4
1,4588,3
1,4589,1
1,4590,5
1,4591,3
1,4592,1
1,4594,2
1,4595,4
1,4596,2
1,4597,5
1,4598,1
1,4600,1
1,4602,1
1,4603,4
1,4604,2
1,4605,4
1,4606,5
1,4607,2
1,4608,4
1,4609,1
1,4610,2
1,4611,4
1,4612,4
1,4613,1
1,4614,5
1,4615,2
1,4617,4
1,4619,4
1,4621,5
1,4622,5
1,4623,5
1,4624,2
1,4625,3
1,4626,3
1,4628,2
1,4629,4
1,4630,2
1,4631,3
1,4635,2
1,4636,2
1,4637,1
1,4638,5
1,4639,5
1,4643,4
1,4644,5
1,4645,5
1,4646,3
1,4647,4
1,4648,1
1,4649,4
1,4650,5
1,4651,1
1,4652,4
1,4653,4
1,4654,5
1,4655,3
1,4656,1
1,4657,5
1,4658,2
1,4659,3
1,4660,4
1,4661,1
1,4662,2
1,4663,4
1,4664,3
1,4665,5
1,4666,4
1,4667,2
1,4668,5
1,4670,4
1,4671,4
1,4672,4
1,4673,2
1,4674,2
1,4675,1
1,4676,3
1,4677,5
1,4678,5
1,4679,3
1,4680,3
1,4681,2
1,4682,1
1,4683,5
1,4684,2
1,4685,5
1,4686,1
1,4688,3
1,4689,4
1,4690,5
1,4691,3
1,4692,2
1,4694,4
1,4696,1
1,4697,2
1,4698,2
1,4699,2
1,4700,3
1,4701,5
1,4702,2
1,4703,2
1,4704,1
1,4705,1
1,4706,1
1,4707,4
1,4709,3
1,4710,1
1,4711,2
1,4712,3
1,4713,4
1,4714,3
1,4715,1
1,4716,5
1,4717,4
1,4718,4
1,4719,3
1,4720,5
1,4721,1
1,4722,1
1,4723,2
1,4724,4
1,4725,3
1,4726,3
1,4727,3
1,4728,3
1,4729,4
1,4730,5
1,4731,4
1,4732,4
1,4733,5
1,4734,3
1,4735,2
1,4736,5
1,4737,3
1,4738,4
1,4739,1
1,4740,3
1,4741,5
1,4742,2
1,4743,1
1,4744,1
1,4745,4
1,4746,4
1,4747,5
1,4748,1
1,4749,3
1,4750,5
1,4751,2
1,4752,2
1,4753,4
1,4754,5
1,4755,4
1,4756,3
1,4757,1
1,4758,5
1,4759,5
1,4760,5
1,4761,2
1,4762,3
1,4763,2
1,4764,2
1,4765,1
1,4766,1
1,4768,2
1,4769,4
1,4770,2
1,4771,3
1,4772,4
1,4773,4
1,4775,2
1,4776,4
1,4778,4
1,4779,2
1,4780,1
1,4781,2
1,4782,3
1,4783,2
1,4784,4
1,4785,3
1,4787,2
1,4788,4
1,4791,1
1,4792,5
1,4794,2
1,4795,3
1,4796,4
1,4797,3
1,4798,1
1,4799,4
1,4800,4
1,4801,4
1,4802,5
1,4803,1
1,4804,3
1,4805,4
1,4806,4
1,4809,5
1,4810,1
1,4813,2
1,4814,4
1,4815,2
1,4816,5
1,4817,4
1,4818,5
1,4819,4
1,4820,4
1,4822,3
1,4823,1
1,4824,2
1,4825,3
1,4826,1
1,4827,5
1,4828,2
1,4831,5
1,4832,2
1,4834,1
1,4836,5
1,4837,5
1,4838,2
1,4840,4
1,4841,3
1,4842,2
1,4843,1
1,4845,1
1,4846,3
1,4847,3
1,4850,2
1,4851,2
1,4852,2
1,4853,3
1,4854,2
1,4855,3
1,4856,2
1,4857,1
1,4858,2
1,4859,3
1,4861,2
1,4862,1
1,4863,4
1,4864,4
1,4865,5
1,4866,2
1,4868,1
1,4869,2
1,4871,4
1,4872,1
1,4874,2
1,4875,5
1,4876,4
1,4877,3
1,4880,2
1,4881,1
1,4882,3
1,4883,4
1,4885,5
1,4887,1
1,4888,3
1,4889,4
1,4890,4
1,4891,1
1,4892,3
1,4893,2
1,4894,1
1,4895,3
1,4896,5
1,4897,5
1,4899,5
1,4901,1
1,4902,4
1,4903,4
1,4904,2
1,4905,5
1,4906,5
1,4907,2
1,4908,5
1,4909,4
1,4910,5
1,4911,2
1,4912,4
1,4914,3
1,4915,3
1,4917,4
1,4918,3
1,4919,1
1,4920,5
1,4921,2
1,4922,4
1,4923,4
1,4924,4
1,4925,4
1,4926,1
1,4927,2
1,4928,1
1,4929,2
1,4930,3
1,4931,4
1,4932,2
1,4934,2
1,4935,3
1,4936,4
1,4937,5
1,4938,2
1,4939,3
1,4940,1
1,4941,5
1,4942,3
1,4944,5
1,4945,5
1,4946,1
1,4947,3
1,4948,3
1,4949,5
1,4952,4
1,4954,4
1,4955,2
1,4956,4
1,4957,5
1,4958,5
1,4959,3
1,4960,4
1,4961,2
1,4962,4
1,4963,4
1,4964,5
1,4965,5
1,4966,1
1,4967,1
1,4968,3
1,4969,4
1,4971,4
1,4972,4
1,4973,2
1,4975,1
1,4976,1
1,4977,4
1,4978,3
1,4980,2
1,4981,1
1,4982,4
1,4983,2
1,4984,3
1,4985,4
1,4987,3
1,4988,5
1,4989,2
1,4990,5
1,4991,1
1,4993,2
1,4994,4
1,4995,4
1,4996,1
1,4997,2
1,4998,5
1,4999,2
2,0,4
2,1,4
2,2,5
2,4,4
2,5,4
2,6,3
2,8,1
2,10,1
2,11,5
2,12,1
2,14,3
2,16,3
2,17,1
2,18,1
2,22,2
2,23,4
2,24,5
2,25,3
2,26,1
2,27,4
2,29,4
2,31,1
2,32,5
2,34,2
2,35,3
2,37,4
2,38,3
2,39,4
2,40,1
2,41,1
2,42,5
2,44,4
2,45,5
2,46,2
2,47,5
2,48,3
2,50,4
2,51,1
2,52,2
2,53,1
2,54,3
2,55,5
2,56,3
2,57,3
2,58,1
2,59,4
2,61,4
2,62,1
2,64,4
2,66,1
2,67,5
2,69,4
2,70,2
2,71,3
2,72,3
2,73,5
2,74,3
2,75,1
2,76,3
2,77,1
2,78,2
2,79,4
2,80,5
2,81,5
2,83,4
2,84,3
2,85,4
2,86,2
2,89,5
2,91,4
2,92,3
2,93,5
2,95,1
2,97,5
2,99,1
2,100,4
2,102,2
2,103,2
2,104,3
2,105,5
2,106,2
2,107,3
2,108,3
2,109,4
2,110,4
2,112,4
2,113,1
2,114,2
2,115,5
2,117,1
2,119,4
2,120,3
2,121,3
2,122,3
2,124,1
2,126,3
2,127,3
2,128,4
2,129,5
2,130,2
2,131,2
2,132,3
2,133,3
2,134,2
2,136,3
2,137,3
2,138,2
2,139,3
2,140,3
2,141,1
2,142,4
2,143,5
2,144,5
2,145,2
2,146,5
2,147,5
2,148,5
2,149,1
2,150,4
2,151,1
2,154,1
2,155,1
2,156,5
2,157,4
2,159,3
2,161,2
2,163,1
2,164,4
2,165,5
2,167,4
2,168,3
2,169,1
2,170,1
2,171,3
2,172,1
2,174,1
2,175,2
2,176,2
2,177,3
2,178,1
2,179,5
2,180,4
2,181,3
2,184,1
2,185,2
2,187,4
2,188,2
2,190,3
2,191,5
2,192,4
2,193,1
2,196,1
2,197,5
2,198,1
2,199,2
2,200,5
2,201,4
2,202,1
2,204,1
2,205,2
2,206,3
2,207,4
2,208,3
2,209,4
2,211,2
2,212,3
2,213,3
2,214,2
2,215,1
2,217,1
2,218,3
2,219,5
2,220,5
2,221,2
2,222,5
2,223,2
2,224,1
2,225,1
2,226,5
2,228,3
2,229,4
2,231,4
2,232,4
2,234,1
2,235,3
2,236,4
2,237,4
2,239,5
2,240,5
2,241,4
2,242,1
2,245,2
2,246,2
2,248,3
2,249,3
2,250,5
2,251,1
2,252,4
2,254,3
2,255,1
2,257,5
2,258,4
2,260,5
2,261,4
2,262,3
2,263,4
2,264,5
2,266,2
2,270,5
2,272,3
2,273,4
2,274,2
2,275,3
2,276,1
2,277,5
2,278,4
2,279,3
2,280,3
2,281,2
2,282,4
2,285,4
2,286,4
2,287,2
2,288,4
2,290,5
2,291,3
2,293,1
2,294,4
2,295,5
2,296,4
2,298,3
2,299,1
2,300,3
2,301,4
2,303,2
2,305,5
2,306,2
2,307,4
2,309,2
2,310,4
2,311,5
2,312,2
2,313,5
2,314,2
2,315,4
2,316,4
2,317,5
2,318,4
2,319,5
2,321,4
2,322,3
2,323,4
2,324,2
2,325,2
2,326,1
2,327,4
2,329,5
2,330,2
2,331,1
2,332,2
2,333,3
2,334,5
2,335,2
2,336,5
2,337,3
2,338,4
2,339,1
2,340,3
2,341,1
2,342,5
2,344,3
2,345,3
2,347,3
2,348,3
2,349,1
2,350,5
2,352,1
2,354,4
2,355,3
2,356,5
2,357,2
2,358,5
2,359,3
2,362,5
2,363,2
2,364,3
2,366,4
2,367,1
2,368,2
2,369,1
2,370,4
2,371,3
2,372,4
2,373,5
2,374,1
2,376,2
2,377,3
2,379,5
2,380,5
2,382,3
2,383,1
2,384,1
2,385,1
2,386,3
2,387,5
2,388,5
2,389,2
2,390,2
2,391,3
2,392,2
2,393,5
2,394,4
2,395,5
2,396,5
2,397,4
2,398,1
2,399,3
2,400,2
2,401,2
2,402,3
2,403,5
2,404,3
2,406,1
2,407,5
2,408,3
2,409,3
2,412,5
2,413,2
2,414,4
2,415,3
2,416,5
2,417,1
2,418,2
2,419,1
2,420,3
2,421,1
2,422,5
2,423,1
2,425,1
2,426,1
2,427,2
2,429,5
2,430,1
2,431,2
2,432,4
2,433,3
2,434,3
2,435,2
2,436,5
2,437,2
2,438,4
2,439,2
2,441,1
2,442,3
2,443,1
2,445,5
2,446,4
2,450,1
2,452,2
2,453,5
2,455,1
2,456,3
2,457,3
2,458,5
2,459,1
2,462,5
2,463,1
2,465,4
2,466,2
2,467,5
2,468,4
2,470,3
2,473,4
2,474,2
2,475,1
2,476,1
2,477,5
2,479,2
2,480,5
2,481,3
2,483,1
2,485,1
2,486,1
2,488,4
2,490,3
2,491,2
2,492,1
2,493,2
2,495,1
2,496,5
2,497,2
2,498,2
2,499,1
2,500,2
2,503,5
2,504,4
2,505,4
2,506,3
2,507,1
2,508,3
2,509,5
2,510,3
2,511,5
2,512,3
2,513,4
2,514,5
2,515,5
2,516,3
2,520,5
2,521,3
2,522,1
2,523,2
2,524,3
2,525,5
2,526,2
2,528,2
2,529,3
2,530,5
2,531,4
2,533,2
2,534,5
2,535,1
2,536,5
2,537,2
2,538,5
2,540,1
2,541,1
2,542,4
2,544,3
2,545,1
2,546,2
2,547,4
2,548,4
2,551,4
2,555,1
2,556,5
2,557,1
2,558,1
2,559,4
2,562,2
2,563,3
2,564,5
2,565,2
2,566,5
2,567,4
2,568,4
2,569,3
2,570,2
2,571,1
2,572,3
2,574,4
2,575,4
2,576,1
2,577,2
2,578,1
2,579,4
2,580,5
2,582,3
2,583,4
2,584,2
2,585,5
2,586,3
2,587,4
2,588,4
2,589,2
2,590,5
2,592,2
2,593,2
2,594,3
2,595,4
2,597,4
2,598,5
2,599,3
2,600,3
2,601,3
2,603,2
2,604,5
2,606,3
2,607,4
2,608,4
2,613,2
2,614,1
2,615,2
2,616,2
2,617,1
2,618,5
2,619,1
2,620,5
2,621,5
2,622,1
2,623,2
2,624,1
2,625,4
2,626,2
2,627,5
2,628,2
2,629,1
2,630,5
2,631,4
2,632,4
2,633,2
2,634,2
2,636,1
2,637,4
2,639,5
2,640,1
2,641,2
2,643,5
2,645,2
2,646,1
2,647,5
2,648,1
2,649,1
2,650,4
2,651,5
2,652,5
2,653,5
2,654,1
2,655,3
2,659,4
2,660,4
2,664,4
2,665,4
2,666,2
2,668,5
2,670,5
2,671,5
2,672,4
2,673,1
2,674,1
2,675,5
2,676,3
2,677,2
2,678,1
2,679,1
2,680,2
2,681,5
2,682,5
2,683,3
2,685,1
2,686,4
2,687,3
2,688,3
2,689,4
2,690,4
2,691,5
2,692,5
2,694,5
2,695,3
2,696,4
2,697,5
2,698,5
2,699,4
2,700,4
2,701,4
2,702,3
2,703,4
2,704,3
2,705,5
2,707,2
2,708,5
2,709,3
2,712,1
2,714,4
2,715,4
2,716,5
2,717,4
2,718,5
2,719,3
2,720,5
2,721,4
2,722,5
2,723,2
2,724,4
2,725,5
2,726,3
2,727,3
2,728,3
2,729,3
2,731,1
2,732,3
2,733,4
2,734,4
2,738,4
2,739,5
2,740,1
2,741,2
2,742,1
2,743,3
2,745,5
2,747,3
2,748,5
2,749,1
2,750,3
2,751,1
2,752,5
2,753,2
2,754,1
2,755,3
2,756,2
2,757,4
2,758,2
2,759,5
2,761,4
2,762,3
2,763,1
2,765,3
2,766,4
2,767,2
2,769,2
2,770,3
2,771,3
2,772,3
2,773,2
2,774,3
2,776,1
2,777,5
2,778,4
2,779,1
2,780,4
2,781,1
2,783,4
2,784,5
2,785,3
2,787,3
2,788,5
2,790,3
2,792,2
2,793,1
2,794,2
2,795,3
2,796,2
2,797,3
2,798,1
2,799,5
2,802,1
2,803,2
2,804,5
2,805,3
2,807,1
2,808,5
2,809,4
2,810,3
2,811,1
2,813,2
2,814,3
2,816,2
2,817,5
2,818,5
2,819,2
2,820,2
2,821,1
2,822,4
2,824,4
2,825,1
2,826,4
2,828,2
2,829,1
2,830,2
2,831,1
2,832,4
2,833,1
2,836,1
2,838,2
2,839,5
2,841,2
2,843,4
2,844,4
2,845,3
2,847,3
2,849,5
2,850,4
2,851,2
2,852,5
2,853,1
2,854,3
2,855,5
2,856,5
2,857,1
2,858,1
2,859,2
2,860,1
2,862,1
2,863,2
2,864,1
2,865,4
2,866,5
2,867,2
2,868,4
2,869,4
2,870,2
2,871,2
2,872,4
2,874,1
2,875,4
2,876,4
2,877,2
2,878,3
2,879,5
2,880,5
2,881,3
2,882,5
2,883,4
2,884,2
2,885,1
2,886,4
2,887,2
2,888,1
2,889,5
2,890,1
2,891,2
2,892,4
2,893,3
2,894,1
2,896,1
2,897,4
2,898,2
2,899,5
2,901,5
2,902,4
2,903,5
2,904,2
2,905,5
2,906,3
2,907,3
2,908,5
2,909,5
2,910,4
2,911,4
2,912,5
2,913,1
2,914,2
2,915,1
2,916,5
2,917,4
2,918,1
2,919,1
2,920,1
2,921,3
2,922,2
2,923,2
2,924,1
2,925,4
2,928,3
2,929,1
2,930,3
2,932,3
2,933,2
2,934,1
2,935,5
2,936,3
2,937,5
2,938,3
2,939,3
2,940,5
2,941,2
2,943,2
2,944,4
2,946,3
2,947,4
2,948,3
2,949,4
2,950,3
2,951,4
2,952,5
2,953,3
2,954,4
2,956,3
2,957,2
2,958,3
2,959,4
2,960,3
2,961,2
2,962,5
2,963,1
2,964,2
2,965,5
2,966,5
2,967,5
2,968,5
2,969,3
2,970,2
2,971,4
2,973,5
2,974,1
2,975,4
2,976,2
2,977,4
2,978,4
2,979,2
2,980,5
2,981,5
2,982,5
2,983,3
2,987,3
2,988,3
2,989,3
2,990,1
2,991,1
2,993,4
2,994,1
2,995,2
2,996,3
2,997,4
2,998,2
2,999,5
2,1000,4
2,1001,4
2,1002,4
2,1003,2
2,1004,5
2,1006,1
2,1007,3
2,1009,4
2,1010,2
2,1011,4
2,1012,2
2,1013,1
2,1014,4
2,1015,2
2,1016,1
2,1017,4
2,1018,3
2,1019,3
2,1020,2
2,1023,2
2,1024,5
2,1025,4
2,1027,2
2,1030,3
2,1032,5
2,1033,4
2,1034,1
2,1036,1
2,1037,5
2,1038,5
2,1039,2
2,1040,4
2,1042,3
2,1043,4
2,1044,2
2,1045,5
2,1046,3
2,1048,4
2,1049,5
2,1050,3
2,1051,3
2,1052,3
2,1054,4
2,1055,4
2,1056,3
2,1057,5
2,1058,4
2,1059,1
2,1060,3
2,1061,3
2,1062,1
2,1063,4
2,1064,1
2,1066,5
2,1067,4
2,1068,1
2,1069,1
2,1070,5
2,1071,3
2,1072,4
2,1073,5
2,1074,1
2,1076,1
2,1078,5
2,1079,5
2,1082,4
2,1083,4
2,1084,4
2,1085,1
2,1086,2
2,1087,3
2,1088,3
2,1089,2
2,1090,4
2,1092,2
2,1093,2
2,1094,4
2,1095,2
2,1096,4
2,1098,3
2,1101,5
2,1102,2
2,1103,1
2,1104,1
2,1105,2
2,1107,4
2,1108,3
2,1109,5
2,1110,5
2,1112,3
2,1113,5
2,1114,4
2,1115,4
2,1116,2
2,1119,2
2,1120,5
2,1122,4
2,1124,5
2,1125,2
2,1126,3
2,1128,4
2,1129,2
2,1130,3
2,1131,4
2,1134,4
2,1135,3
2,1136,4
2,1137,3
2,1138,2
2,1140,3
2,1141,3
2,1142,3
2,1143,2
2,1144,5
2,1145,3
2,1146,3
2,1149,1
2,1150,2
2,1151,4
2,1152,3
2,1153,1
2,1155,2
2,1156,5
2,1157,2
2,1158,2
2,1160,2
2,1161,3
2,1162,1
2,1163,4
2,1164,4
2,1165,4
2,1167,1
2,1168,2
2,1169,2
2,1170,3
2,1171,3
2,1172,1
2,1173,3
2,1174,2
2,1175,1
2,1176,4
2,1178,2
2,1179,1
2,1180,4
2,1181,5
2,1183,5
2,1184,4
2,1185,4
2,1186,5
2,1187,4
2,1188,3
2,1189,1
2,1190,3
2,1191,1
2,1194,5
2,1195,2
2,1196,4
2,1197,2
2,1198,1
2,1199,5
2,1201,3
2,1204,2
2,1205,4
2,1206,5
2,1208,5
2,1209,2
2,1210,2
2,1211,4
2,1212,1
2,1213,2
2,1214,1
2,1215,3
2,1216,1
2,1217,2
2,1218,3
2,1219,5
2,1221,1
2,1222,3
2,1224,2
2,1225,4
2,1226,4
2,1227,4
2,1228,3
2,1229,2
2,1230,5
2,1232,2
2,1234,3
2,1235,3
2,1236,1
2,1237,3
2,1238,3
2,1239,3
2,1240,1
2,1241,3
2,1243,5
2,1244,4
2,1245,2
2,1246,1
2,1247,1
2,1248,1
2,1249,1
2,1250,3
2,1251,1
2,1252,1
2,1253,5
2,1255,2
2,1256,5
2,1258,1
2,1259,4
2,1260,3
2,1261,4
2,1262,1
2,1263,2
2,1264,3
2,1265,4
2,1267,1
2,1268,2
2,1269,2
2,1270,4
2,1272,3
2,1273,2
2,1275,4
2,1276,1
2,1277,1
2,1278,4
2,1279,1
2,1281,1
2,1282,1
2,1283,1
2,1284,2
2,1285,3
2,1286,1
2,1287,3
2,1288,5
2,1289,3
2,1290,5
2,1291,4
2,1292,3
2,1295,1
2,1297,4
2,1298,5
2,1300,1
2,1302,4
2,1303,1
2,1305,5
2,1306,5
2,1307,3
2,1308,5
2,1309,3
2,1312,2
2,1313,1
2,1314,5
2,1315,4
2,1316,3
2,1317,5
2,1318,1
2,1319,5
2,1320,4
2,1321,2
2,1322,2
2,1323,2
2,1324,3
2,1325,4
2,1327,4
2,1328,2
2,1329,2
2,1330,1
2,1331,4
2,1332,5
2,1333,3
2,1334,3
2,1335,5
2,1336,5
2,1337,3
2,1338,1
2,1340,3
2,1343,5
2,1344,4
2,1345,2
2,1347,3
2,1348,4
2,1349,5
2,1350,2
2,1351,4
2,1352,3
2,1353,3
2,1354,2
2,1355,2
2,1356,5
2,1359,3
2,1360,3
2,1361,1
2,1363,5
2,1364,2
2,1365,1
2,1366,3
2,1367,4
2,1368,5
2,1370,4
2,1372,4
2,1374,3
2,1375,5
2,1377,3
2,1378,4
2,1379,4
2,1380,3
2,1382,3
2,1383,1
2,1384,2
2,1385,4
2,1386,4
2,1387,2
2,1389,2
2,1391,1
2,1393,3
2,1394,4
2,1395,1
2,1396,1
2,1397,5
2,1398,4
2,1399,4
2,1400,3
2,1401,3
2,1402,5
2,1403,5
2,1404,5
2,1405,2
2,1406,5
2,1407,5
2,1408,4
2,1409,4
2,1410,4
2,1412,4
2,1414,3
2,1415,1
2,1416,1
2,1419,2
2,1420,2
2,1421,3
2,1422,1
2,1423,2
2,1425,2
2,1426,2
2,1427,2
2,1428,2
2,1429,4
2,1430,5
2,1431,3
2,1432,2
2,1436,3
2,1437,5
2,1438,4
2,1439,2
2,1440,5
2,1441,1
2,1443,3
2,1444,2
2,1448,2
2,1450,4
2,1451,5
2,1452,4
2,1453,2
2,1454,1
2,1455,3
2,1456,1
2,1457,4
2,1459,4
2,1461,3
2,1462,3
2,1463,2
2,1464,3
2,1465,4
2,1466,1
2,1470,1
2,1471,3
2,1473,4
2,1474,5
2,1475,5
2,1476,3
2,1478,4
2,1479,1
2,1480,3
2,1482,5
2,1483,1
2,1484,1
2,1485,2
2,1486,2
2,1487,2
2,1488,2
2,1489,5
2,1492,1
2,1493,4
2,1494,5
2,1495,5
2,1496,1
2,1497,2
2,1500,5
2,1502,4
2,1503,3
2,1504,4
2,1505,4
2,1506,3
2,1507,5
2,1508,3
2,1509,4
2,1510,3
2,1511,1
2,1512,3
2,1514,2
2,1515,1
2,1517,5
2,1519,1
2,1520,4
2,1521,3
2,1522,5
2,1523,4
2,1524,3
2,1525,1
2,1526,4
2,1527,5
2,1528,5
2,1529,2
2,1530,5
2,1531,1
2,1533,2
2,1535,5
2,1536,4
2,1537,3
2,1538,5
2,1539,5
2,1540,2
2,1541,2
2,1542,1
2,1543,3
2,1544,3
2,1545,4
2,1546,3
2,1547,2
2,1548,5
2,1549,5
2,1550,3
2,1552,2
2,1553,1
2,1554,3
2,1555,3
2,1556,1
2,1557,2
2,1558,3
2,1559,1
2,1561,2
2,1564,4
2,1566,2
2,1567,4
2,1569,4
2,1570,2
2,1571,1
2,1574,4
2,1575,3
2,1576,3
2,1578,5
2,1579,5
2,1580,5
2,1582,1
2,1583,4
2,1584,1
2,1585,2
2,1589,3
2,1590,4
2,1591,2
2,1592,1
2,1593,5
2,1594,2
2,1595,3
2,1597,5
2,1599,2
2,1601,2
2,1602,3
2,1603,1
2,1605,4
2,1606,5
2,1608,1
2,1609,2
2,1610,4
2,1611,4
2,1612,5
2,1613,2
2,1615,3
2,1616,4
2,1617,3
2,1619,4
2,1620,3
2,1621,4
2,1622,1
2,1623,4
2,1624,5
2,1625,5
2,1626,4
2,1627,3
2,1628,5
2,1629,3
2,1631,2
2,1632,1
2,1633,1
2,1634,5
2,1638,3
2,1639,2
2,1640,2
2,1641,3
2,1642,5
2,1644,5
2,1646,1
2,1647,1
2,1648,2
2,1649,4
2,1652,4
2,1653,4
2,1655,2
2,1656,2
2,1658,2
2,1659,4
2,1660,2
2,1662,2
2,1664,4
2,1665,3
2,1667,5
2,1668,1
2,1669,2
2,1670,5
2,1671,2
2,1672,5
2,1673,1
2,1674,4
2,1675,2
2,1677,5
2,1678,2
2,1679,5
2,1680,3
2,1681,1
2,1682,3
2,1683,4
2,1684,5
2,1685,5
2,1687,3
2,1688,5
2,1689,1
2,1690,2
2,1691,4
2,1692,1
2,1693,3
2,1694,4
2,1695,5
2,1696,1
2,1697,5
2,1699,2
2,1701,2
2,1702,3
2,1704,4
2,1705,5
2,1707,3
2,1708,4
2,1709,1
2,1711,3
2,1712,5
2,1713,5
2,1714,2
2,1715,2
2,1716,1
2,1717,2
2,1718,1
2,1719,2
2,1720,4
2,1721,1
2,1723,3
2,1724,3
2,1725,4
2,1726,3
2,1728,5
2,1730,1
2,1732,5
2,1733,5
2,1734,5
2,1736,4
2,1737,3
2,1738,1
2,1740,5
2,1742,3
2,1743,3
2,1745,2
2,1746,2
2,1747,4
2,1749,1
2,1750,5
2,1751,4
2,1752,5
2,1754,4
2,1755,2
2,1757,4
2,1758,4
2,1759,4
2,1760,2
2,1761,5
2,1762,2
2,1763,1
2,1764,4
2,1765,3
2,1766,5
2,1767,4
2,1768,3
2,1769,1
2,1770,5
2,1771,1
2,1772,3
2,1773,1
2,1774,2
2,1775,4
2,1776,4
2,1777,3
2,1778,3
2,1779,4
2,1780,4
2,1781,1
2,1783,3
2,1784,2
2,1785,2
2,1786,1
2,1787,2
2,1788,2
2,1790,2
2,1791,1
2,1792,2
2,1793,1
2,1794,3
2,1795,5
2,1796,4
2,1797,5
2,1798,1
2,1799,2
2,1801,5
2,1802,1
2,1803,1
2,1804,5
2,1805,5
2,1806,3
2,1808,3
2,1809,2
2,1810,1
2,1811,5
2,1812,5
2,1813,5
2,1814,2
2,1815,2
2,1816,2
2,1817,1
2,1818,2
2,1819,3
2,1821,3
2,1822,1
2,1823,3
2,1824,5
2,1825,4
2,1826,1
2,1827,2
2,1828,4
2,1829,4
2,1830,5
2,1831,4
2,1832,1
2,1833,4
2,1834,3
2,1835,4
2,1836,1
2,1837,5
2,1839,2
2,1841,4
2,1842,3
2,1844,3
2,1845,4
2,1847,5
2,1848,5
2,1849,5
2,1850,5
2,1851,4
2,1853,3
2,1854,2
2,1855,5
2,1856,2
2,1858,5
2,1859,5
2,1860,3
2,1861,1
2,1862,1
2,1864,2
2,1865,3
2,1866,2
2,1868,4
2,1869,1
2,1870,3
2,1871,5
2,1872,2
2,1873,1
2,1874,2
2,1875,2
2,1876,2
2,1877,3
2,1878,5
2,1879,5
2,1880,5
2,1881,5
2,1882,4
2,1884,3
2,1885,4
2,1886,5
2,1887,1
2,1889,3
2,1890,4
2,1891,5
2,1893,3
2,1894,4
2,1895,2
2,1896,5
2,1899,5
2,1900,3
2,1903,4
2,1904,5
2,1905,1
2,1906,5
2,1908,4
2,1909,3
2,1911,2
2,1913,4
2,1914,5
2,1918,1
2,1919,3
2,1920,1
2,1921,4
2,1922,1
2,1923,2
2,1924,1
2,1925,1
2,1926,1
2,1927,2
2,1929,4
2,1933,3
2,1934,3
2,1935,4
2,1936,2
2,1937,4
2,1938,2
2,1940,5
2,1942,2
2,1944,2
2,1945,1
2,1946,2
2,1947,4
2,1948,2
2,1949,2
2,1950,4
2,1951,1
2,1952,4
2,1953,3
2,1954,5
2,1955,3
2,1956,3
2,1957,4
2,1958,3
2,1959,3
2,1960,2
2,1961,1
2,1962,3
2,1964,5
2,1965,5
2,1967,2
2,1969,5
2,1970,2
2,1972,1
2,1973,2
2,1974,3
2,1976,2
2,1978,4
2,1979,4
2,1980,2
2,1981,2
2,1982,3
2,1983,5
2,1984,3
2,1985,1
2,1986,3
2,1987,3
2,1988,4
2,1989,2
2,1990,3
2,1992,5
2,1994,2
2,1995,2
2,1996,1
2,1997,1
2,1999,4
2,2001,5
2,2002,4
2,2003,1
2,2004,2
2,2005,1
2,2006,5
2,2007,4
2,2008,5
2,2009,3
2,2010,5
2,2011,1
2,2012,3
2,2014,1
2,2015,2
2,2016,3
2,2017,2
2,2018,3
2,2020,5
2,2021,1
2,2022,1
2,2024,5
2,2025,2
2,2026,3
2,2027,4
2,2028,3
2,2029,5
2,2030,5
2,2031,5
2,2033,5
2,2034,5
2,2035,4
2,2036,3
2,2037,2
2,2038,4
2,2039,2
2,2040,2
2,2042,2
2,2043,1
2,2044,1
2,2045,5
2,2046,2
2,2047,4
2,2048,3
2,2049,4
2,2050,3
2,2051,4
2,2052,2
2,2054,2
2,2055,4
2,2057,2
2,2058,4
2,2059,1
2,2061,2
2,2062,3
2,2063,5
2,2064,1
2,2066,4
2,2067,5
2,2068,2
2,2069,5
2,2070,4
2,2071,3
2,2073,3
2,2074,2
2,2075,4
2,2076,1
2,2077,5
2,2078,2
2,2079,4
2,2081,5
2,2082,1
2,2084,1
2,2085,5
2,2086,4
2,2087,5
2,2088,5
2,2089,3
2,2091,3
2,2093,4
2,2094,4
2,2095,1
2,2097,5
2,2098,2
2,2099,3
2,2102,4
2,2104,1
2,2105,3
2,2107,2
2,2108,2
2,2109,3
2,2110,2
2,2111,2
2,2112,5
2,2113,4
2,2114,4
2,2115,1
2,2117,3
2,2118,4
2,2119,4
2,2122,2
2,2123,1
2,2126,5
2,2127,3
2,2129,4
2,2130,2
2,2132,5
2,2133,4
2,2134,5
2,2136,5
2,2137,5
2,2139,5
2,2140,5
2,2141,3
2,2143,2
2,2144,2
2,2145,3
2,2146,1
2,2147,3
2,2148,2
2,2149,5
2,2150,3
2,2151,2
2,2152,5
2,2154,3
2,2155,2
2,2157,5
2,2158,4
2,2159,3
2,2160,3
2,2161,4
2,2162,1
2,2163,3
2,2167,5
2,2168,2
2,2169,1
2,2171,2
2,2172,2
2,2173,3
2,2174,3
2,2175,2
2,2176,5
2,2177,3
2,2179,4
2,2180,4
2,2181,3
2,2182,4
2,2183,2
2,2184,3
2,2186,1
2,2187,1
2,2188,2
2,2189,2
2,2190,3
2,2191,2
2,2192,2
2,2194,1
2,2195,2
2,2196,3
2,2197,3
2,2200,5
2,2201,2
2,2202,4
2,2203,4
2,2204,5
2,2205,2
2,2206,3
2,2207,3
2,2208,3
2,2210,4
2,2211,1
2,2213,4
2,2214,2
2,2215,5
2,2216,3
2,2217,1
2,2218,5
2,2220,4
2,2221,2
2,2222,1
2,2223,2
2,2224,2
2,2225,4
2,2226,5
2,2227,1
2,2228,2
2,2230,3
2,2231,5
2,2232,5
2,2234,2
2,2235,2
2,2237,1
2,2239,3
2,2240,2
2,2241,1
2,2242,3
2,2243,5
2,2244,3
2,2248,1
2,2249,1
2,2252,4
2,2253,2
2,2254,5
2,2255,5
2,2256,1
2,2257,5
2,2258,4
2,2260,5
2,2262,5
2,2264,5
2,2265,1
2,2267,3
2,2269,4
2,2270,3
2,2271,4
2,2274,3
2,2275,1
2,2278,5
2,2279,2
2,2282,1
2,2283,1
2,2284,2
2,2285,2
2,2288,2
2,2289,3
2,2290,5
2,2291,1
2,2292,1
2,2294,2
2,2295,3
2,2296,1
2,2297,4
2,2299,2
2,2300,5
2,2301,5
2,2302,2
2,2303,2
2,2304,5
2,2305,4
2,2306,3
2,2307,5
2,2308,2
2,2309,5
2,2310,2
2,2311,5
2,2313,1
2,2314,2
2,2315,1
2,2317,1
2,2318,4
2,2320,2
2,2321,5
2,2322,1
2,2323,2
2,2324,1
2,2325,5
2,2326,1
2,2328,1
2,2329,3
2,2330,4
2,2331,1
2,2332,3
2,2333,4
2,2336,1
2,2337,3
2,2338,3
2,2339,3
2,2340,4
2,2341,4
2,2342,3
2,2344,5
2,2345,1
2,2346,4
2,2347,5
2,2348,1
2,2349,1
2,2350,5
2,2351,2
2,2352,2
2,2354,4
2,2355,3
2,2356,4
2,2358,1
2,2359,5
2,2360,3
2,2361,1
2,2363,4
2,2364,3
2,2365,2
2,2366,3
2,2368,2
2,2369,4
2,2370,3
2,2371,1
2,2372,3
2,2373,4
2,2374,5
2,2375,5
2,2376,2
2,2377,2
2,2378,1
2,2379,1
2,2380,1
2,2382,4
2,2386,1
2,2387,3
2,2388,5
2,2389,4
2,2390,1
2,2392,1
2,2394,4
2,2395,1
2,2396,1
2,2397,1
2,2398,3
2,2399,4
2,2400,4
2,2401,3
2,2402,4
2,2403,5
2,2404,4
2,2407,5
2,2408,1
2,2409,1
2,2410,5
2,2411,4
2,2413,1
2,2414,2
2,2415,1
2,2416,3
2,2418,4
2,2422,5
2,2424,4
2,2425,5
2,2428,5
2,2429,5
2,2430,4
2,2431,2
2,2432,5
2,2433,2
2,2434,3
2,2435,4
2,2436,4
2,2439,2
2,2442,1
2,2443,5
2,2444,2
2,2445,5
2,2446,4
2,2447,3
2,2448,3
2,2449,2
2,2451,2
2,2452,1
2,2453,2
2,2454,1
2,2455,5
2,2456,2
2,2458,5
2,2459,3
2,2460,1
2,2461,1
2,2463,1
2,2464,1
2,2465,2
2,2466,4
2,2467,4
2,2468,2
2,2469,1
2,2470,3
2,2471,2
2,2472,1
2,2473,3
2,2474,1
2,2476,2
2,2477,3
2,2478,3
2,2479,2
2,2480,2
2,2481,5
2,2482,1
2,2483,1
2,2484,3
2,2485,2
2,2486,2
2,2487,1
2,2488,1
2,2489,4
2,2491,4
2,2492,1
2,2493,1
2,2494,2
2,2495,3
2,2496,4
2,2497,3
2,2498,2
2,2499,3
2,2500,3
2,2501,2
2,2503,3
2,2504,1
2,2505,4
2,2506,3
2,2507,4
2,2508,5
2,2509,5
2,2513,4
2,2514,4
2,2515,4
2,2518,4
2,2519,4
2,2520,3
2,2521,2
2,2522,1
2,2523,2
2,2524,2
2,2526,3
2,2527,4
2,2529,3
2,2531,1
2,2532,1
2,2533,1
2,2534,1
2,2535,5
2,2536,1
2,2538,2
2,2539,4
2,2540,1
2,2541,2
2,2542,1
2,2544,1
2,2545,3
2,2546,2
2,2547,5
2,2548,4
2,2549,3
2,2551,2
2,2552,5
2,2554,5
2,2555,5
2,2556,5
2,2557,2
2,2558,2
2,2559,4
2,2561,4
2,2562,1
2,2563,1
2,2564,2
2,2565,1
2,2566,4
2,2568,2
2,2569,4
2,2570,3
2,2571,4
2,2572,4
2,2573,1
2,2575,3
2,2576,3
2,2578,2
2,2582,4
2,2583,2
2,2584,1
2,2585,5
2,2586,1
2,2587,3
2,2588,1
2,2589,2
2,2590,5
2,2591,5
2,2592,2
2,2593,1
2,2594,2
2,2595,1
2,2596,4
2,2597,4
2,2598,1
2,2599,5
2,2601,3
2,2602,1
2,2603,5
2,2605,1
2,2606,5
2,2607,1
2,2608,3
2,2609,1
2,2610,4
2,2611,2
2,2612,3
2,2613,1
2,2614,3
2,2615,2
2,2616,2
2,2617,2
2,2618,4
2,2619,4
2,2620,3
2,2621,1
2,2623,3
2,2624,5
2,2625,3
2,2626,3
2,2627,3
2,2628,2
2,2629,1
2,2630,1
2,2632,2
2,2633,4
2,2635,1
2,2636,2
2,2638,5
2,2639,4
2,2640,4
2,2641,2
2,2642,2
2,2643,3
2,2644,3
2,2645,5
2,2646,5
2,2647,3
2,2649,3
2,2650,3
2,2651,5
2,2652,2
2,2653,4
2,2654,3
2,2655,5
2,2657,4
2,2658,1
2,2659,4
2,2660,5
2,2661,1
2,2662,2
2,2663,2
2,2664,3
2,2665,3
2,2667,4
2,2669,3
2,2670,1
2,2672,2
2,2675,3
2,2676,5
2,2677,2
2,2678,3
2,2679,1
2,2680,5
2,2681,1
2,2682,5
2,2683,2
2,2685,3
2,2686,3
2,2687,2
2,2689,5
2,2691,4
2,2692,1
2,2693,4
2,2694,2
2,2695,3
2,2698,5
2,2699,1
2,2701,3
2,2702,2
2,2703,4
2,2704,2
2,2705,4
2,2706,3
2,2707,3
2,2708,5
2,2711,5
2,2712,1
2,2714,2
2,2715,4
2,2716,5
2,2717,5
2,2718,3
2,2719,4
2,2720,1
2,2721,3
2,2722,5
2,2723,1
2,2725,3
2,2728,1
2,2729,2
2,2730,3
2,2732,5
2,2733,1
2,2734,2
2,2735,2
2,2737,4
2,2738,5
2,2739,2
2,2740,3
2,2741,1
2,2745,3
2,2746,4
2,2747,2
2,2749,5
2,2750,5
2,2751,1
2,2752,2
2,2753,4
2,2755,5
2,2756,5
2,2757,2
2,2758,5
2,2759,3
2,2760,3
2,2763,1
2,2764,3
2,2765,3
2,2766,4
2,2767,5
2,2769,1
2,2770,4
2,2771,2
2,2772,1
2,2773,1
2,2774,2
2,2775,2
2,2776,2
2,2777,1
2,2779,2
2,2780,2
2,2781,4
2,2782,5
2,2783,4
2,2784,4
2,2785,2
2,2786,1
2,2787,1
2,2788,3
2,2789,2
2,2790,3
2,2791,1
2,2792,1
2,2793,1
2,2795,3
2,2796,5
2,2797,2
2,2798,2
2,2799,1
2,2800,2
2,2801,2
2,2802,2
2,2803,1
2,2804,5
2,2805,2
2,2806,1
2,2807,3
2,2808,1
2,2809,3
2,2810,1
2,2811,5
2,2812,1
2,2813,1
2,2814,1
2,2816,1
2,2817,4
2,2818,3
2,2819,5
2,2820,5
2,2821,2
2,2822,4
2,2824,1
2,2825,2
2,2827,3
2,2828,5
2,2829,5
2,2832,3
2,2836,3
2,2837,5
2,2839,3
2,2841,2
2,2842,5
2,2845,4
2,2846,4
2,2847,3
2,2848,5
2,2849,3
2,2852,2
2,2853,1
2,2854,5
2,2855,5
2,2856,1
2,2857,1
2,2858,5
2,2859,5
2,2860,1
2,2862,5
2,2863,2
2,2864,5
2,2865,1
2,2866,4
2,2867,1
2,2868,4
2,2869,3
2,2871,4
2,2872,4
2,2874,1
2,2876,3
2,2877,3
2,2878,5
2,2880,2
2,2881,2
2,2883,2
2,2884,2
2,2885,4
2,2886,4
2,2887,5
2,2888,3
2,2892,4
2,2894,2
2,2895,2
2,2896,1
2,2897,3
2,2898,3
2,2899,1
2,2900,5
2,2901,1
2,2902,4
2,2904,1
2,2905,1
2,2906,5
2,2907,1
2,2908,2
2,2909,1
2,2910,2
2,2911,2
2,2912,5
2,2913,5
2,2916,5
2,2917,4
2,2919,5
2,2920,3
2,2921,2
2,2922,3
2,2923,3
2,2924,4
2,2925,5
2,2927,4
2,2929,4
2,2930,5
2,2932,5
2,2933,1
2,2934,4
2,2935,5
2,2936,3
2,2937,4
2,2940,1
2,2941,2
2,2942,2
2,2944,1
2,2946,4
2,2949,2
2,2950,3
2,2951,4
2,2952,1
2,2953,5
2,2954,3
2,2955,1
2,2957,1
2,2958,1
2,2959,5
2,2960,1
2,2961,2
2,2963,2
2,2965,5
2,2967,1
2,2969,3
2,2970,2
2,2971,2
2,2972,4
2,2974,3
2,2975,1
2,2976,1
2,2977,4
2,2978,3
2,2979,1
2,2980,1
2,2981,3
2,2982,2
2,2983,2
2,2985,3
2,2987,4
2,2989,3
2,2990,5
2,2992,4
2,2993,3
2,2994,3
2,2995,4
2,2996,2
2,2997,1
2,2998,1
2,2999,4
2,3001,1
2,3002,2
2,3003,3
2,3004,2
2,3006,3
2,3008,1
2,3009,5
2,3010,1
2,3012,3
2,3013,2
2,3014,1
2,3015,4
2,3016,2
2,3017,1
2,3018,3
2,3019,2
2,3020,5
2,3021,4
2,3022,2
2,3024,3
2,3025,1
2,3026,2
2,3027,3
2,3028,3
2,3029,5
2,3030,4
2,3031,2
2,3032,4
2,3034,2
2,3036,2
2,3037,4
2,3038,4
2,3039,1
2,3040,1
2,3041,3
2,3042,4
2,3043,3
2,3044,1
2,3045,2
2,3046,4
2,3047,1
2,3048,5
2,3049,3
2,3050,1
2,3051,2
2,3052,5
2,3054,4
2,3055,3
2,3056,1
2,3057,1
2,3058,3
2,3059,3
2,3060,1
2,3061,2
2,3062,5
2,3064,5
2,3065,2
2,3067,5
2,3068,2
2,3069,5
2,3070,5
2,3071,4
2,3072,3
2,3074,3
2,3075,1
2,3076,5
2,3078,5
2,3079,3
2,3081,4
2,3083,2
2,3084,5
2,3085,3
2,3086,1
2,3087,3
2,3088,1
2,3089,2
2,3090,2
2,3091,4
2,3093,5
2,3094,3
2,3095,4
2,3096,5
2,3097,3
2,3098,4
2,3099,3
2,3101,4
2,3102,3
2,3103,2
2,3104,2
2,3106,4
2,3108,5
2,3109,5
2,3110,1
2,3111,5
2,3112,5
2,3113,1
2,3114,2
2,3115,1
2,3116,1
2,3117,4
2,3119,3
2,3120,3
2,3121,4
2,3122,1
2,3123,2
2,3124,1
2,3125,3
2,3126,5
2,3127,4
2,3128,5
2,3129,3
2,3130,1
2,3131,3
2,3134,4
2,3135,1
2,3136,4
2,3137,2
2,3138,1
2,3139,2
2,3140,3
2,3142,4
2,3143,5
2,3144,5
2,3145,4
2,3147,1
2,3148,1
2,3149,4
2,3150,2
2,3151,2
2,3152,2
2,3154,2
2,3155,2
2,3156,2
2,3159,3
2,3160,5
2,3161,3
2,3163,2
2,3164,5
2,3165,3
2,3166,5
2,3167,1
2,3169,3
2,3170,2
2,3171,1
2,3172,2
2,3173,3
2,3174,4
2,3175,3
2,3176,3
2,3177,2
2,3179,4
2,3181,2
2,3182,5
2,3184,1
2,3185,4
2,3188,2
2,3189,2
2,3190,1
2,3192,1
2,3193,2
2,3194,2
2,3195,4
2,3196,5
2,3197,1
2,3198,3
2,3199,4
2,3201,3
2,3202,3
2,3204,4
2,3205,1
2,3206,1
2,3207,2
2,3208,3
2,3210,4
2,3211,3
2,3212,1
2,3213,3
2,3214,5
2,3215,4
2,3216,1
2,3219,1
2,3220,1
2,3221,2
2,3222,3
2,3224,1
2,3225,4
2,3226,3
2,3228,4
2,3229,1
2,3230,3
2,3232,5
2,3233,5
2,3234,2
2,3235,5
2,3236,4
2,3237,2
2,3238,1
2,3239,2
2,3241,4
2,3243,4
2,3244,2
2,3245,2
2,3246,5
2,3247,2
2,3248,3
2,3250,1
2,3251,4
2,3252,4
2,3253,5
2,3254,3
2,3255,2
2,3256,5
2,3257,1
2,3258,2
2,3259,1
2,3260,2
2,3262,1
2,3263,4
2,3264,4
2,3265,4
2,3266,4
2,3268,2
2,3269,2
2,3270,2
2,3271,2
2,3272,1
2,3273,5
2,3274,5
2,3275,2
2,3277,2
2,3278,3
2,3279,1
2,3280,4
2,3281,3
2,3282,4
2,3283,4
2,3285,5
2,3286,4
2,3289,3
2,3291,5
2,3292,3
2,3294,1
2,3297,5
2,3299,3
2,3300,5
2,3301,4
2,3302,3
2,3303,2
2,3304,3
2,3306,2
2,3307,3
2,3308,4
2,3309,1
2,3310,2
2,3311,3
2,3312,4
2,3313,2
2,3314,4
2,3315,3
2,3317,5
2,3318,3
2,3319,5
2,3320,2
2,3321,1
2,3322,3
2,3323,4
2,3325,2
2,3326,3
2,3328,5
2,3329,2
2,3330,2
2,3331,5
2,3332,3
2,3335,5
2,3336,5
2,3338,2
2,3339,5
2,3340,4
2,3341,1
2,3343,5
2,3344,4
2,3345,3
2,3346,5
2,3347,4
2,3348,3
2,3349,5
2,3350,5
2,3351,3
2,3352,1
2,3353,3
2,3354,5
2,3355,3
2,3356,1
2,3357,1
2,3358,5
2,3359,3
2,3360,5
2,3361,4
2,3363,2
2,3364,3
2,3365,1
2,3366,4
2,3367,1
2,3368,5
2,3369,1
2,3370,1
2,3371,2
2,3372,3
2,3374,1
2,3375,1
2,3376,1
2,3377,3
2,3378,2
2,3379,1
2,3380,3
2,3381,4
2,3382,3
2,3385,4
2,3386,5
2,3387,4
2,3388,3
2,3390,3
2,3391,4
2,3392,2
2,3393,3
2,3394,3
2,3395,1
2,3396,3
2,3397,3
2,3398,2
2,3399,5
2,3400,5
2,3401,4
2,3402,2
2,3404,2
2,3406,1
2,3408,1
2,3410,2
2,3411,2
2,3412,5
2,3414,4
2,3415,4
2,3418,3
2,3419,2
2,3420,2
2,3421,4
2,3422,2
2,3423,2
2,3424,1
2,3425,3
2,3426,1
2,3427,1
2,3428,4
2,3429,5
2,3430,5
2,3432,2
2,3433,4
2,3435,2
2,3436,4
2,3437,1
2,3438,1
2,3440,2
2,3441,3
2,3442,4
2,3443,2
2,3444,2
2,3445,1
2,3446,2
2,3447,3
2,3449,1
2,3451,5
2,3452,4
2,3454,5
2,3455,2
2,3456,2
2,3458,1
2,3460,4
2,3461,1
2,3462,2
2,3463,1
2,3464,2
2,3465,4
2,3466,1
2,3467,5
2,3468,5
2,3469,3
2,3470,3
2,3471,4
2,3473,2
2,3475,3
2,3476,1
2,3477,4
2,3479,1
2,3480,1
2,3481,3
2,3482,1
2,3483,5
2,3484,4
2,3485,1
2,3486,4
2,3487,3
2,3488,3
2,3489,5
2,3490,2
2,3491,5
2,3492,5
2,3495,2
2,3497,4
2,3499,3
2,3500,1
2,3501,3
2,3502,3
2,3503,1
2,3504,5
2,3505,4
2,3507,3
2,3508,3
2,3509,2
2,3510,2
2,3511,5
2,3513,2
2,3514,5
2,3515,3
2,3516,5
2,3517,2
2,3518,1
2,3519,1
2,3520,4
2,3521,3
2,3522,4
2,3523,5
2,3524,4
2,3525,1
2,3526,2
2,3527,1
2,3530,4
2,3531,3
2,3532,4
2,3533,3
2,3534,4
2,3535,2
2,3536,2
2,3537,4
2,3539,4
2,3540,3
2,3544,4
2,3545,4
2,3546,1
2,3547,4
2,3548,3
2,3549,4
2,3550,2
2,3551,5
2,3552,4
2,3553,2
2,3555,1
2,3556,5
2,3557,3
2,3558,3
2,3559,4
2,3560,4
2,3561,2
2,3562,3
2,3563,5
2,3564,4
2,3567,5
2,3568,4
2,3569,2
2,3570,1
2,3571,4
2,3572,2
2,3573,4
2,3576,5
2,3577,5
2,3578,3
2,3579,1
2,3580,1
2,3581,3
2,3582,5
2,3583,2
2,3585,2
2,3586,3
2,3587,2
2,3588,2
2,3589,3
2,3591,5
2,3592,3
2,3593,1
2,3594,5
2,3595,3
2,3596,1
2,3597,1
2,3600,1
2,3601,1
2,3602,4
2,3603,3
2,3604,3
2,3605,1
2,3606,1
2,3608,1
2,3609,2
2,3610,2
2,3612,4
2,3613,4
2,3614,5
2,3615,5
2,3616,2
2,3617,1
2,3618,3
2,3619,5
2,3620,5
2,3621,4
2,3622,5
2,3624,5
2,3625,5
2,3626,1
2,3627,3
2,3628,3
2,3629,2
2,3630,2
2,3631,1
2,3632,5
2,3633,1
2,3634,3
2,3635,1
2,3636,4
2,3637,3
2,3639,5
2,3640,2
2,3641,1
2,3642,2
2,3643,2
2,3644,4
2,3645,4
2,3646,5
2,3647,3
2,3648,5
2,3649,1
2,3650,4
2,3651,1
2,3652,5
2,3655,4
2,3656,3
2,3657,3
2,3658,3
2,3659,4
2,3660,3
2,3661,2
2,3662,3
2,3663,1
2,3664,3
2,3665,2
2,3666,2
2,3667,2
2,3668,5
2,3669,5
2,3671,4
2,3672,1
2,3673,1
2,3674,5
2,3675,3
2,3677,1
2,3679,1
2,3680,1
2,3681,4
2,3682,2
2,3683,3
2,3684,5
2,3686,1
2,3689,4
2,3690,3
2,3691,3
2,3692,1
2,3693,1
2,3694,5
2,3695,4
2,3696,2
2,3697,4
2,3699,4
2,3700,2
2,3703,3
2,3704,1
2,3705,2
2,3706,2
2,3707,4
2,3709,5
2,3710,1
2,3711,5
2,3712,3
2,3713,3
2,3715,4
2,3716,3
2,3717,5
2,3718,5
2,3719,4
2,3720,5
2,3721,5
2,3723,3
2,3724,1
2,3725,2
2,3726,3
2,3727,2
2,3728,4
2,3729,5
2,3730,2
2,3731,4
2,3732,1
2,3733,2
2,3734,2
2,3735,1
2,3736,4
2,3737,2
2,3738,5
2,3739,2
2,3740,5
2,3741,3
2,3742,4
2,3743,4
2,3744,5
2,3745,4
2,3747,3
2,3748,2
2,3750,1
2,3751,2
2,3752,1
2,3753,1
2,3754,4
2,3755,5
2,3756,1
2,3757,4
2,3758,4
2,3759,4
2,3762,5
2,3764,2
2,3765,2
2,3766,4
2,3767,5
2,3768,3
2,3769,2
2,3770,2
2,3771,3
2,3772,3
2,3773,5
2,3774,3
2,3775,1
2,3777,1
2,3778,2
2,3780,3
2,3781,5
2,3782,5
2,3784,4
2,3786,2
2,3788,4
2,3789,1
2,3792,4
2,3793,3
2,3795,5
2,3796,5
2,3797,1
2,3798,3
2,3799,4
2,3800,5
2,3801,4
2,3802,2
2,3803,4
2,3805,2
2,3806,2
2,3807,4
2,3808,4
2,3811,3
2,3813,1
2,3814,1
2,3815,5
2,3816,3
2,3817,5
2,3819,5
2,3820,1
2,3821,3
2,3823,4
2,3824,2
2,3825,1
2,3826,2
2,3827,3
2,3828,3
2,3829,5
2,3830,2
2,3831,2
2,3832,1
2,3833,2
2,3834,3
2,3835,2
2,3837,1
2,3838,2
2,3839,4
2,3840,5
2,3842,5
2,3843,4
2,3844,4
2,3845,5
2,3847,2
2,3849,4
2,3850,3
2,3852,3
2,3853,4
2,3854,5
2,3855,2
2,3856,2
2,3857,4
2,3858,4
2,3859,4
2,3860,2
2,3861,2
2,3862,5
2,3863,4
2,3864,3
2,3865,3
2,3866,2
2,3868,4
2,3869,3
2,3870,5
2,3871,3
2,3872,3
2,3875,2
2,3876,2
2,3878,5
2,3879,3
2,3880,4
2,3881,2
2,3882,4
2,3883,4
2,3884,4
2,3886,3
2,3887,5
2,3888,2
2,3889,5
2,3890,2
2,3891,4
2,3892,4
2,3893,1
2,3894,1
2,3895,5
2,3896,2
2,3897,4
2,3899,2
2,3902,5
2,3904,4
2,3906,4
2,3907,1
2,3908,5
2,3910,5
2,3911,3
2,3912,4
2,3913,5
2,3915,2
2,3916,4
2,3917,1
2,3918,5
2,3919,3
2,3920,1
2,3922,5
2,3923,1
2,3924,4
2,3925,2
2,3926,5
2,3928,5
2,3931,1
2,3932,5
2,3934,1
2,3935,2
2,3936,2
2,3937,5
2,3938,4
2,3939,4
2,3940,5
2,3941,4
2,3942,4
2,3943,4
2,3944,2
2,3945,5
2,3946,3
2,3947,3
2,3948,3
2,3949,2
2,3951,4
2,3952,5
2,3953,4
2,3954,1
2,3956,1
2,3957,1
2,3958,2
2,3961,1
2,3962,5
2,3963,2
2,3964,3
2,3965,3
2,3966,3
2,3967,1
2,3968,1
2,3969,1
2,3970,5
2,3971,3
2,3973,4
2,3974,5
2,3975,2
2,3976,3
2,3977,5
2,3979,1
2,3980,1
2,3981,1
2,3982,2
2,3983,5
2,3984,3
2,3985,3
2,3986,3
2,3987,1
2,3988,1
2,3989,5
2,3990,1
2,3991,5
2,3992,3
2,3994,5
2,3995,2
2,3996,4
2,3997,3
2,3999,2
2,4000,4
2,4001,3
2,4002,3
2,4004,1
2,4005,5
2,4006,4
2,4007,2
2,4010,1
2,4011,3
2,4012,5
2,4013,5
2,4014,2
2,4015,5
2,4016,5
2,4017,2
2,4020,2
2,4021,4
2,4022,2
2,4023,1
2,4024,5
2,4025,1
2,4026,4
2,4027,5
2,4028,5
2,4029,2
2,4030,3
2,4031,4
2,4032,5
2,4033,4
2,4034,5
2,4035,4
2,4037,1
2,4039,4
2,4040,3
2,4041,1
2,4042,2
2,4043,1
2,4044,4
2,4045,4
2,4048,5
2,4051,4
2,4053,2
2,4055,3
2,4056,3
2,4057,1
2,4058,4
2,4059,4
2,4060,3
2,4061,2
2,4062,3
2,4063,2
2,4064,4
2,4065,5
2,4066,4
2,4067,4
2,4069,2
2,4071,5
2,4072,1
2,4076,5
2,4077,5
2,4078,3
2,4079,3
2,4080,2
2,4082,3
2,4083,1
2,4084,5
2,4085,4
2,4086,5
2,4087,2
2,4088,4
2,4089,5
2,4090,4
2,4093,2
2,4094,2
2,4095,4
2,4096,4
2,4097,4
2,4098,5
2,4099,2
2,4100,1
2,4101,4
2,4103,1
2,4104,5
2,4105,2
2,4106,1
2,4107,1
2,4109,1
2,4111,3
2,4113,3
2,4114,5
2,4115,3
2,4116,4
2,4117,1
2,4118,3
2,4119,5
2,4121,2
2,4122,2
2,4123,1
2,4124,4
2,4125,1
2,4126,4
2,4127,3
2,4129,1
2,4130,3
2,4131,2
2,4132,2
2,4133,2
2,4134,3
2,4136,4
2,4137,4
2,4139,5
2,4142,5
2,4143,2
2,4144,5
2,4145,4
2,4146,3
2,4148,3
2,4150,2
2,4151,1
2,4152,2
2,4154,4
2,4155,2
2,4156,4
2,4157,4
2,4158,4
2,4159,5
2,4162,3
2,4163,3
2,4165,5
2,4166,4
2,4167,1
2,4168,5
2,4169,2
2,4171,1
2,4172,1
2,4173,5
2,4174,1
2,4175,1
2,4177,1
2,4179,1
2,4180,2
2,4181,4
2,4182,4
2,4183,4
2,4184,2
2,4185,4
2,4186,4
2,4187,2
2,4188,5
2,4189,4
2,4192,5
2,4193,1
2,4194,5
2,4195,3
2,4196,1
2,4198,2
2,4200,4
2,4201,1
2,4202,1
2,4203,3
2,4204,2
2,4205,2
2,4206,1
2,4207,5
2,4208,4
2,4209,4
2,4210,5
2,4211,5
2,4212,2
2,4213,3
2,4214,4
2,4216,3
2,4217,5
2,4218,3
2,4219,5
2,4220,1
2,4222,1
2,4223,1
2,4224,2
2,4226,1
2,4227,3
2,4228,2
2,4230,5
2,4231,4
2,4232,1
2,4233,3
2,4234,1
2,4237,2
2,4238,4
2,4240,1
2,4241,3
2,4243,1
2,4244,5
2,4245,5
2,4246,1
2,4247,5
2,4248,5
2,4250,4
2,4252,3
2,4253,1
2,4256,4
2,4257,3
2,4259,3
2,4260,4
2,4262,1
2,4265,1
2,4266,5
2,4267,4
2,4268,4
2,4269,4
2,4270,4
2,4271,4
2,4272,1
2,4273,4
2,4275,4
2,4276,1
2,4277,2
2,4278,1
2,4279,2
2,4280,5
2,4281,5
2,4283,4
2,4285,1
2,4286,4
2,4287,4
2,4288,1
2,4289,5
2,4290,4
2,4291,2
2,4294,3
2,4295,5
2,4296,3
2,4297,5
2,4298,3
2,4299,4
2,4301,1
2,4303,3
2,4305,2
2,4306,3
2,4308,2
2,4309,2
2,4311,5
2,4313,2
2,4314,5
2,4315,5
2,4316,1
2,4317,5
2,4318,3
2,4319,5
2,4324,2
2,4325,1
2,4326,5
2,4327,3
2,4328,2
2,4329,3
2,4330,1
2,4331,2
2,4335,5
2,4336,5
2,4337,4
2,4339,3
2,4340,2
2,4341,5
2,4342,5
2,4343,3
2,4344,3
2,4347,5
2,4350,3
2,4351,4
2,4352,4
2,4354,1
2,4355,3
2,4356,4
2,4357,2
2,4359,5
2,4360,5
2,4362,2
2,4364,1
2,4365,1
2,4366,1
2,4367,1
2,4368,2
2,4369,2
2,4371,4
2,4372,3
2,4374,1
2,4375,4
2,4378,2
2,4379,2
2,4381,5
2,4382,2
2,4384,3
2,4386,5
2,4387,2
2,4388,5
2,4389,5
2,4390,5
2,4391,1
2,4393,4
2,4395,1
2,4396,2
2,4397,5
2,4398,4
2,4399,3
2,4400,5
2,4402,3
2,4403,5
2,4404,2
2,4406,5
2,4407,5
2,4409,2
2,4410,4
2,4411,2
2,4412,1
2,4413,3
2,4414,5
2,4415,1
2,4416,4
2,4417,1
2,4420,5
2,4421,1
2,4422,3
2,4423,1
2,4427,1
2,4428,1
2,4429,3
2,4430,2
2,4431,4
2,4432,4
2,4433,5
2,4434,5
2,4435,5
2,4436,4
2,4437,2
2,4439,4
2,4440,1
2,4442,2
2,4443,2
2,4444,5
2,4445,4
2,4446,2
2,4447,4
2,4449,2
2,4450,5
2,4452,3
2,4453,3
2,4454,1
2,4455,2
2,4457,2
2,4458,4
2,4459,3
2,4460,2
2,4463,4
2,4465,1
2,4467,3
2,4468,1
2,4469,2
2,4470,1
2,4471,3
2,4472,4
2,4473,1
2,4474,3
2,4475,5
2,4476,5
2,4477,3
2,4479,2
2,4480,5
2,4481,3
2,4482,3
2,4483,4
2,4485,3
2,4487,3
2,4488,2
2,4491,3
2,4492,1
2,4493,3
2,4494,4
2,4495,3
2,4496,1
2,4498,1
2,4499,4
2,4500,3
2,4501,3
2,4502,3
2,4503,5
2,4504,1
2,4505,4
2,4506,2
2,4507,5
2,4508,5
2,4510,3
2,4511,5
2,4512,1
2,4513,1
2,4515,5
2,4516,4
2,4517,1
2,4518,5
2,4519,3
2,4521,5
2,4522,2
2,4523,5
2,4524,1
2,4525,3
2,4526,2
2,4527,5
2,4528,3
2,4529,3
2,4530,4
2,4531,4
2,4532,5
2,4533,4
2,4536,1
2,4538,5
2,4540,3
2,4541,1
2,4542,5
2,4543,2
2,4545,1
2,4546,5
2,4547,1
2,4548,4
2,4549,1
2,4551,1
2,4553,5
2,4554,5
2,4555,3
2,4556,1
2,4557,5
2,4560,5
2,4561,3
2,4562,3
2,4563,5
2,4564,4
2,4565,2
2,4566,3
2,4567,5
2,4569,2
2,4572,4
2,4574,5
2,4575,1
2,4576,4
2,4577,4
2,4578,4
2,4579,3
2,4580,3
2,4581,4
2,4582,2
2,4583,1
2,4584,1
2,4585,1
2,4586,4
2,4587,3
2,4588,5
2,4590,4
2,4591,5
2,4592,5
2,4593,1
2,4594,1
2,4596,2
2,4597,1
2,4599,1
2,4600,1
2,4601,1
2,4602,5
2,4603,5
2,4604,2
2,4606,3
2,4608,4
2,4609,2
2,4612,1
2,4614,4
2,4616,2
2,4617,3
2,4618,2
2,4619,2
2,4620,1
2,4621,4
2,4624,3
2,4625,1
2,4626,2
2,4627,1
2,4628,5
2,4629,1
2,4630,2
2,4631,2
2,4632,2
2,4633,5
2,4634,1
2,4635,1
2,4636,4
2,4638,5
2,4640,2
2,4641,5
2,4642,3
2,4644,4
2,4646,4
2,4647,4
2,4648,1
2,4649,3
2,4650,5
2,4652,5
2,4653,4
2,4654,1
2,4655,2
2,4656,4
2,4657,3
2,4658,4
2,4660,1
2,4661,2
2,4663,5
2,4664,1
2,4665,5
2,4666,3
2,4669,4
2,4670,2
2,4671,1
2,4673,1
2,4674,5
2,4675,4
2,4676,5
2,4677,1
2,4678,2
2,4679,1
2,4680,3
2,4682,4
2,4683,1
2,4684,4
2,4686,3
2,4687,3
2,4688,4
2,4689,5
2,4690,5
2,4693,5
2,4694,4
2,4695,1
2,4697,2
2,4698,5
2,4699,1
2,4703,3
2,4707,4
2,4708,5
2,4710,3
2,4711,5
2,4712,2
2,4714,5
2,4715,3
2,4716,1
2,4717,4
2,4719,3
2,4720,1
2,4721,1
2,4723,4
2,4724,2
2,4725,2
2,4726,3
2,4727,2
2,4728,5
2,4729,4
2,4731,3
2,4733,5
2,4734,1
2,4735,5
2,4736,5
2,4737,5
2,4738,2
2,4740,5
2,4741,3
2,4742,1
2,4743,3
2,4744,5
2,4746,2
2,4748,5
2,4751,1
2,4752,3
2,4753,4
2,4754,4
2,4755,3
2,4756,5
2,4757,3
2,4759,2
2,4760,2
2,4761,5
2,4762,2
2,4764,2
2,4765,4
2,4766,2
2,4767,5
2,4768,5
2,4770,2
2,4772,4
2,4773,4
2,4774,2
2,4776,2
2,4777,4
2,4778,4
2,4781,2
2,4782,5
2,4783,2
2,4784,4
2,4785,2
2,4786,5
2,4787,1
2,4788,3
2,4789,3
2,4790,1
2,4791,1
2,4793,5
2,4794,3
2,4795,1
2,4796,1
2,4797,4
2,4799,2
2,4800,3
2,4801,2
2,4803,2
2,4805,3
2,4806,3
2,4807,1
2,4808,2
2,4810,4
2,4811,3
2,4812,2
2,4813,3
2,4814,2
2,4815,1
2,4816,4
2,4817,1
2,4818,4
2,4820,2
2,4821,4
2,4822,2
2,4823,2
2,4825,3
2,4826,2
2,4827,1
2,4828,3
2,4829,1
2,4830,2
2,4831,4
2,4832,3
2,4833,3
2,4834,3
2,4835,5
2,4836,4
2,4837,2
2,4839,4
2,4840,3
2,4841,5
2,4842,2
2,4843,3
2,4844,1
2,4845,2
2,4846,1
2,4847,5
2,4848,5
2,4849,2
2,4851,4
2,4852,2
2,4854,4
2,4855,1
2,4857,3
2,4858,1
2,4860,2
2,4862,5
2,4863,3
2,4864,4
2,4865,5
2,4866,4
2,4867,4
2,4870,2
2,4871,1
2,4872,5
2,4873,5
2,4874,4
2,4876,5
2,4877,2
2,4878,5
2,4879,4
2,4880,5
2,4881,5
2,4882,5
2,4884,3
2,4885,1
2,4886,1
2,4888,5
2,4890,4
2,4892,4
2,4893,5
2,4894,5
2,4895,3
2,4896,3
2,4897,1
2,4898,2
2,4899,5
2,4900,4
2,4901,3
2,4902,3
2,4905,1
2,4906,4
2,4908,2
2,4909,5
2,4910,4
2,4911,5
2,4912,5
2,4913,1
2,4914,1
2,4915,5
2,4916,2
2,4917,2
2,4918,5
2,4920,5
2,4921,1
2,4922,2
2,4923,2
2,4924,2
2,4925,5
2,4926,2
2,4928,5
2,4929,3
2,4930,1
2,4932,4
2,4933,4
2,4934,3
2,4936,5
2,4937,3
2,4939,1
2,4940,1
2,4941,4
2,4942,5
2,4943,2
2,4945,1
2,4946,4
2,4947,3
2,4948,1
2,4949,3
2,4950,5
2,4951,4
2,4952,4
2,4953,1
2,4954,4
2,4955,3
2,4956,1
2,4957,1
2,4958,4
2,4960,5
2,4961,4
2,4963,1
2,4964,2
2,4965,3
2,4966,2
2,4968,5
2,4969,1
2,4970,3
2,4971,4
2,4972,3
2,4973,1
2,4974,3
2,4975,3
2,4977,2
2,4978,2
2,4979,1
2,4980,1
2,4981,4
2,4982,5
2,4983,1
2,4984,4
2,4985,3
2,4986,3
2,4988,4
2,4989,3
2,4990,1
2,4991,4
2,4992,1
2,4993,1
2,4994,5
2,4995,1
2,4996,2
2,4997,5
2,4998,1
3,0,1
3,2,3
3,3,2
3,4,1
3,5,5
3,7,3
3,8,5
3,9,2
3,11,5
3,13,2
3,15,3
3,16,2
3,18,5
3,19,1
3,20,5
3,21,5
3,22,4
3,23,5
3,24,4
3,26,2
3,27,3
3,28,4
3,29,4
3,30,4
3,31,4
3,32,5
3,33,5
3,34,3
3,35,2
3,36,5
3,37,3
3,38,5
3,39,4
3,42,3
3,43,4
3,45,4
3,46,3
3,47,1
3,49,1
3,51,3
3,53,3
3,54,5
3,55,4
3,56,3
3,57,1
3,58,3
3,59,4
3,60,4
3,61,2
3,62,4
3,63,5
3,64,1
3,65,4
3,66,2
3,67,1
3,68,2
3,69,5
3,71,2
3,72,1
3,74,1
3,76,2
3,77,4
3,78,4
3,79,4
3,80,4
3,81,1
3,82,5
3,83,5
3,85,2
3,86,1
3,87,1
3,88,3
3,89,3
3,90,2
3,91,2
3,92,5
3,93,5
3,94,5
3,95,3
3,96,1
3,97,1
3,98,4
3,100,2
3,101,3
3,102,4
3,103,2
3,104,1
3,107,5
3,109,3
3,111,2
3,112,4
3,113,5
3,115,4
3,116,2
3,117,5
3,118,1
3,119,4
3,121,4
3,122,3
3,123,4
3,125,5
3,126,5
3,127,4
3,128,2
3,129,2
3,131,3
3,133,3
3,135,2
3,136,1
3,137,3
3,138,3
3,139,4
3,141,3
3,143,5
3,144,2
3,147,4
3,148,2
3,149,1
3,150,4
3,152,2
3,153,5
3,154,5
3,155,2
3,157,1
3,158,5
3,159,2
3,160,2
3,161,1
3,162,1
3,163,1
3,164,4
3,165,3
3,166,1
3,167,5
3,170,2
3,172,5
3,173,1
3,174,4
3,175,4
3,177,4
3,178,1
3,179,1
3,180,2
3,181,2
3,182,1
3,183,1
3,184,1
3,185,2
3,186,2
3,189,4
3,190,1
3,191,3
3,192,2
3,193,2
3,194,4
3,195,4
3,196,4
3,197,5
3,198,3
3,200,4
3,201,3
3,202,1
3,203,5
3,204,4
3,206,1
3,208,3
3,209,4
3,210,3
3,212,3
3,213,2
3,214,5
3,215,1
3,216,2
3,217,2
3,218,4
3,219,3
3,220,2
3,221,1
3,223,5
3,224,1
3,225,4
3,226,1
3,227,1
3,228,2
3,229,2
3,230,2
3,231,4
3,233,4
3,235,3
3,236,3
3,238,5
3,241,2
3,243,1
3,244,3
3,247,5
3,248,1
3,249,4
3,250,2
3,252,3
3,253,4
3,254,1
3,255,1
3,256,5
3,259,5
3,260,2
3,261,2
3,262,3
3,264,4
3,265,2
3,266,1
3,267,4
3,268,5
3,269,4
3,270,5
3,271,2
3,275,4
3,276,5
3,277,2
3,278,1
3,279,4
3,282,1
3,283,4
3,284,1
3,285,4
3,287,4
3,288,4
3,289,4
3,290,5
3,291,1
3,292,2
3,293,5
3,295,1
3,296,3
3,297,5
3,299,2
3,300,5
3,301,3
3,302,2
3,303,2
3,304,4
3,305,5
3,306,1
3,308,5
3,309,4
3,311,5
3,312,1
3,313,2
3,314,5
3,315,4
3,316,4
3,318,5
3,319,5
3,320,4
3,322,5
3,324,1
3,325,1
3,326,1
3,327,4
3,328,1
3,329,5
3,331,3
3,332,3
3,333,5
3,334,5
3,335,2
3,337,4
3,338,4
3,339,5
3,343,4
3,346,4
3,347,4
3,348,2
3,349,2
3,351,3
3,352,1
3,353,4
3,354,1
3,355,5
3,356,3
3,357,5
3,358,1
3,359,3
3,360,2
3,361,5
3,362,2
3,365,3
3,366,1
3,368,5
3,371,2
3,372,4
3,375,2
3,376,4
3,377,1
3,378,5
3,380,4
3,381,2
3,385,1
3,386,2
3,387,5
3,388,1
3,389,4
3,390,1
3,391,5
3,393,3
3,394,2
3,396,1
3,397,2
3,398,5
3,399,5
3,401,5
3,402,2
3,403,4
3,405,5
3,406,2
3,407,5
3,408,5
3,409,3
3,410,2
3,411,1
3,412,2
3,413,1
3,414,5
3,415,4
3,416,1
3,417,4
3,418,4
3,419,2
3,420,3
3,421,4
3,422,3
3,423,3
3,424,3
3,425,1
3,426,5
3,428,3
3,429,5
3,430,2
3,431,4
3,432,1
3,433,5
3,437,1
3,438,3
3,439,5
3,440,1
3,443,3
3,444,4
3,446,4
3,447,4
3,448,5
3,449,1
3,451,1
3,452,3
3,453,1
3,454,5
3,456,1
3,458,5
3,459,4
3,460,2
3,461,4
3,463,3
3,464,2
3,466,2
3,468,5
3,469,2
3,470,5
3,471,3
3,472,4
3,473,5
3,475,2
3,476,1
3,478,5
3,479,1
3,480,2
3,481,1
3,482,1
3,484,3
3,486,5
3,487,5
3,489,3
3,490,1
3,491,5
3,492,1
3,493,2
3,494,4
3,495,5
3,497,5
3,498,1
3,499,4
3,501,3
3,502,1
3,503,5
3,504,5
3,505,1
3,506,5
3,507,2
3,508,4
3,509,3
3,510,5
3,511,1
3,512,5
3,513,1
3,516,3
3,517,5
3,518,4
3,519,4
3,521,5
3,522,2
3,523,1
3,525,4
3,526,3
3,527,3
3,528,4
3,530,1
3,532,3
3,533,3
3,534,3
3,535,5
3,537,5
3,538,4
3,539,4
3,540,4
3,541,2
3,543,3
3,544,2
3,546,2
3,548,4
3,549,2
3,550,3
3,551,2
3,552,1
3,553,1
3,554,4
3,555,2
3,556,3
3,557,5
3,558,1
3,559,3
3,560,1
3,561,2
3,562,4
3,563,2
3,564,5
3,565,5
3,566,4
3,567,4
3,569,2
3,570,5
3,571,5
3,572,5
3,573,1
3,574,5
3,575,3
3,576,3
3,577,4
3,578,4
3,579,5
3,581,5
3,582,2
3,583,4
3,584,3
3,585,2
3,586,2
3,587,4
3,588,3
3,589,5
3,591,2
3,592,3
3,593,5
3,594,1
3,595,5
3,596,5
3,597,4
3,598,2
3,601,1
3,602,5
3,603,5
3,605,2
3,606,2
3,607,3
3,608,1
3,609,4
3,610,4
3,611,3
3,612,2
3,613,3
3,614,1
3,615,4
3,616,1
3,617,5
3,621,2
3,622,5
3,623,1
3,625,4
3,626,2
3,627,1
3,628,3
3,630,5
3,632,3
3,633,3
3,634,2
3,635,4
3,636,3
3,637,1
3,638,3
3,639,5
3,641,4
3,642,3
3,643,1
3,644,4
3,645,5
3,646,2
3,647,2
3,648,1
3,649,2
3,650,1
3,651,5
3,653,1
3,654,5
3,655,1
3,656,4
3,657,5
3,658,1
3,659,4
3,660,2
3,661,1
3,662,2
3,663,2
3,664,3
3,665,5
3,667,1
3,669,4
3,670,2
3,671,2
3,672,3
3,673,2
3,674,1
3,675,4
3,676,4
3,677,1
3,679,2
3,683,2
3,684,5
3,685,4
3,687,2
3,688,1
3,690,2
3,691,1
3,692,5
3,693,3
3,694,1
3,696,5
3,697,2
3,698,4
3,700,1
3,701,4
3,702,2
3,703,5
3,704,2
3,706,1
3,708,2
3,709,2
3,710,2
3,711,3
3,712,5
3,713,1
3,714,4
3,715,4
3,716,4
3,717,2
3,719,1
3,720,5
3,721,3
3,723,1
3,724,5
3,726,1
3,728,4
3,729,5
3,730,1
3,731,3
3,734,1
3,735,4
3,736,2
3,737,5
3,738,5
3,740,5
3,741,5
3,742,1
3,744,3
3,745,3
3,746,1
3,747,1
3,749,3
3,750,4
3,752,3
3,753,4
3,754,4
3,755,4
3,757,1
3,758,4
3,759,1
3,760,4
3,761,3
3,762,1
3,763,3
3,764,4
3,765,2
3,767,3
3,768,4
3,769,1
3,771,1
3,772,5
3,773,4
3,774,5
3,775,2
3,776,1
3,777,5
3,778,3
3,780,3
3,781,4
3,782,2
3,783,5
3,784,4
3,786,1
3,787,4
3,789,1
3,790,5
3,791,1
3,793,5
3,795,4
3,796,5
3,797,3
3,798,1
3,799,3
3,800,2
3,801,2
3,802,3
3,803,3
3,804,5
3,805,4
3,806,2
3,807,1
3,808,5
3,809,3
3,810,4
3,811,3
3,812,4
3,814,4
3,815,4
3,816,3
3,818,2
3,821,1
3,822,3
3,823,5
3,824,3
3,825,1
3,827,3
3,828,3
3,829,5
3,831,2
3,832,3
3,833,5
3,834,3
3,835,4
3,837,4
3,839,1
3,840,3
3,841,1
3,842,5
3,844,4
3,846,1
3,847,2
3,848,1
3,849,1
3,850,5
3,853,5
3,854,2
3,855,2
3,856,2
3,857,2
3,858,2
3,859,1
3,860,5
3,861,3
3,862,1
3,863,3
3,866,2
3,867,1
3,868,1
3,869,1
3,870,3
3,872,2
3,873,1
3,874,5
3,875,1
3,876,4
3,878,5
3,879,5
3,880,5
3,881,2
3,882,2
3,885,1
3,886,1
3,887,2
3,888,4
3,889,5
3,890,5
3,891,1
3,893,2
3,895,5
3,896,2
3,897,5
3,899,1
3,900,5
3,901,4
3,902,5
3,903,4
3,904,4
3,907,3
3,908,2
3,909,1
3,910,1
3,911,4
3,912,1
3,914,2
3,915,3
3,916,3
3,918,5
3,920,2
3,921,5
3,922,2
3,923,2
3,924,4
3,925,1
3,926,5
3,927,3
3,928,3
3,929,4
3,930,2
3,931,3
3,932,5
3,934,2
3,935,3
3,936,3
3,937,3
3,938,1
3,939,2
3,941,3
3,942,4
3,943,4
3,944,1
3,945,3
3,947,3
3,948,4
3,949,2
3,950,2
3,951,2
3,952,3
3,953,1
3,954,4
3,955,1
3,956,4
3,957,4
3,958,4
3,960,1
3,961,4
3,962,1
3,963,3
3,964,3
3,965,2
3,966,2
3,969,3
3,970,4
3,971,5
3,972,1
3,973,5
3,974,1
3,976,1
3,977,5
3,978,4
3,979,5
3,980,5
3,981,5
3,982,1
3,983,4
3,984,3
3,985,5
3,986,4
3,987,3
3,988,3
3,989,1
3,990,5
3,991,1
3,992,5
3,993,5
3,994,3
3,995,2
3,996,4
3,997,1
3,998,3
3,999,2
3,1000,4
3,1001,3
3,1002,2
3,1003,1
3,1004,3
3,1005,1
3,1006,5
3,1008,1
3,1009,4
3,1010,4
3,1011,4
3,1012,4
3,1013,5
3,1014,2
3,1015,4
3,1016,1
3,1018,2
3,1020,1
3,1021,4
3,1022,5
3,1023,3
3,1025,1
3,1026,2
3,1028,3
3,1029,1
3,1030,2
3,1031,3
3,1032,4
3,1033,2
3,1034,3
3,1035,4
3,1036,3
3,1037,1
3,1038,2
3,1039,2
3,1040,1
3,1041,1
3,1042,1
3,1043,1
3,1044,4
3,1045,2
3,1046,3
3,1047,5
3,1048,5
3,1049,4
3,1053,5
3,1054,1
3,1057,2
3,1058,2
3,1060,1
3,1061,3
3,1062,4
3,1063,3
3,1065,1
3,1067,2
3,1068,2
3,1070,2
3,1071,2
3,1072,1
3,1073,5
3,1074,3
3,1075,1
3,1076,2
3,1077,3
3,1078,2
3,1079,1
3,1080,1
3,1081,5
3,1082,5
3,1083,5
3,1084,2
3,1085,1
3,1086,3
3,1087,4
3,1089,2
3,1090,3
3,1091,3
3,1092,4
3,1094,1
3,1095,3
3,1096,2
3,1097,5
3,1098,4
3,1099,3
3,1100,5
3,1102,1
3,1104,4
3,1105,2
3,1106,4
3,1107,3
3,1109,4
3,1111,2
3,1112,3
3,1114,4
3,1115,1
3,1116,1
3,1117,2
3,1118,2
3,1121,3
3,1122,5
3,1123,2
3,1124,5
3,1125,4
3,1126,3
3,1127,4
3,1128,2
3,1129,2
3,1131,4
3,1132,4
3,1133,2
3,1134,1
3,1135,4
3,1136,3
3,1137,2
3,1138,2
3,1139,1
3,1142,2
3,1143,2
3,1146,1
3,1147,1
3,1148,2
3,1149,4
3,1150,4
3,1151,1
3,1152,3
3,1153,2
3,1154,3
3,1155,3
3,1156,5
3,1157,4
3,1158,4
3,1159,4
3,1160,4
3,1163,2
3,1164,2
3,1165,1
3,1166,5
3,1167,2
3,1168,1
3,1169,3
3,1170,5
3,1171,1
3,1172,5
3,1173,5
3,1174,2
3,1176,1
3,1177,5
3,1178,4
3,1179,5
3,1180,3
3,1182,3
3,1183,3
3,1185,3
3,1187,5
3,1188,4
3,1189,4
3,1190,3
3,1191,4
3,1192,4
3,1193,3
3,1194,5
3,1195,4
3,1196,1
3,1197,2
3,1199,4
3,1200,2
3,1201,1
3,1202,3
3,1203,2
3,1204,2
3,1206,5
3,1207,4
3,1208,4
3,1209,5
3,1210,2
3,1211,3
3,1212,2
3,1213,1
3,1214,5
3,1215,2
3,1216,5
3,1217,4
3,1218,2
3,1219,3
3,1220,4
3,1222,3
3,1223,5
3,1224,1
3,1225,5
3,1226,3
3,1227,1
3,1229,2
3,1231,4
3,1233,3
3,1236,1
3,1237,3
3,1238,5
3,1239,3
3,1240,4
3,1241,1
3,1242,4
3,1244,4
3,1245,1
3,1246,3
3,1247,4
3,1249,2
3,1251,5
3,1252,4
3,1253,2
3,1254,5
3,1255,1
3,1256,3
3,1257,4
3,1259,3
3,1260,1
3,1261,4
3,1263,2
3,1264,1
3,1266,1
3,1267,1
3,1268,2
3,1269,1
3,1270,2
3,1271,2
3,1274,5
3,1275,1
3,1276,2
3,1277,1
3,1279,3
3,1280,4
3,1281,5
3,1282,5
3,1283,5
3,1284,5
3,1285,2
3,1286,5
3,1287,2
3,1289,1
3,1291,4
3,1292,4
3,1293,5
3,1294,4
3,1296,3
3,1297,4
3,1298,4
3,1299,4
3,1300,3
3,1301,2
3,1302,3
3,1304,1
3,1305,2
3,1309,4
3,1310,1
3,1311,4
3,1312,2
3,1314,1
3,1315,1
3,1319,5
3,1321,2
3,1323,5
3,1325,2
3,1326,3
3,1327,2
3,1328,3
3,1329,4
3,1330,1
3,1331,3
3,1332,1
3,1333,5
3,1334,1
3,1335,2
3,1337,5
3,1338,1
3,1339,1
3,1341,1
3,1342,4
3,1343,3
3,1344,1
3,1345,4
3,1346,1
3,1347,5
3,1348,4
3,1349,5
3,1352,3
3,1354,3
3,1355,5
3,1356,4
3,1357,4
3,1358,2
3,1359,3
3,1361,5
3,1362,5
3,1363,2
3,1364,5
3,1366,5
3,1367,1
3,1368,1
3,1369,4
3,1370,1
3,1371,2
3,1372,5
3,1373,2
3,1374,2
3,1375,2
3,1376,2
3,1377,2
3,1378,3
3,1379,5
3,1380,3
3,1381,3
3,1383,1
3,1384,5
3,1386,2
3,1387,5
3,1388,5
3,1389,5
3,1390,2
3,1392,2
3,1393,1
3,1394,3
3,1395,4
3,1397,4
3,1399,3
3,1400,5
3,1402,2
3,1403,1
3,1404,2
3,1405,2
3,1406,3
3,1407,1
3,1409,5
3,1410,4
3,1411,2
3,1413,1
3,1414,5
3,1415,4
3,1416,1
3,1417,1
3,1418,4
3,1419,3
3,1420,3
3,1421,2
3,1422,4
3,1423,2
3,1424,1
3,1428,4
3,1429,2
3,1430,1
3,1431,4
3,1432,1
3,1433,5
3,1434,5
3,1435,3
3,1436,4
3,1437,1
3,1438,2
3,1439,4
3,1442,4
3,1443,3
3,1445,4
3,1446,4
3,1447,2
3,1449,1
3,1450,4
3,1451,2
3,1453,1
3,1456,2
3,1458,1
3,1460,1
3,1461,3
3,1462,5
3,1463,2
3,1464,3
3,1466,3
3,1467,2
3,1468,1
3,1469,2
3,1470,5
3,1471,2
3,1472,1
3,1473,4
3,1474,1
3,1475,3
3,1477,2
3,1478,1
3,1480,3
3,1481,3
3,1484,3
3,1486,1
3,1488,4
3,1489,2
3,1490,3
3,1491,3
3,1492,4
3,1493,3
3,1494,1
3,1495,5
3,1497,3
3,1498,4
3,1499,3
3,1500,1
3,1501,4
3,1502,3
3,1504,1
3,1505,2
3,1507,1
3,1510,2
3,1511,2
3,1512,2
3,1513,3
3,1514,5
3,1515,1
3,1516,2
3,1517,4
3,1518,4
3,1520,1
3,1521,1
3,1522,3
3,1523,2
3,1524,5
3,1525,4
3,1526,1
3,1527,3
3,1528,3
3,1530,1
3,1531,5
3,1532,3
3,1534,3
3,1535,1
3,1536,1
3,1537,4
3,1538,5
3,1539,5
3,1540,1
3,1542,2
3,1543,4
3,1544,4
3,1545,3
3,1546,3
3,1548,4
3,1550,3
3,1551,3
3,1552,4
3,1553,1
3,1554,3
3,1555,5
3,1557,5
3,1558,5
3,1559,3
3,1560,5
3,1561,3
3,1562,4
3,1563,3
3,1564,3
3,1565,1
3,1567,3
3,1568,5
3,1570,4
3,1571,1
3,1572,4
3,1573,1
3,1574,1
3,1575,1
3,1577,4
3,1578,2
3,1579,4
3,1581,2
3,1582,5
3,1584,2
3,1585,2
3,1586,2
3,1587,3
3,1588,2
3,1589,3
3,1590,1
3,1591,1
3,1592,4
3,1593,5
3,1594,3
3,1595,3
3,1596,4
3,1598,3
3,1599,3
3,1600,4
3,1602,1
3,1603,1
3,1604,5
3,1606,4
3,1607,1
3,1609,2
3,1610,4
3,1612,3
3,1613,3
3,1614,5
3,1615,2
3,1616,2
3,1617,2
3,1618,3
3,1619,4
3,1621,2
3,1622,3
3,1623,1
3,1624,1
3,1626,4
3,1627,3
3,1628,3
3,1629,2
3,1630,3
3,1631,2
3,1633,5
3,1634,5
3,1635,4
3,1636,5
3,1637,2
3,1639,5
3,1643,1
3,1644,5
3,1645,3
3,1646,5
3,1648,3
3,1649,2
3,1650,1
3,1651,1
3,1652,5
3,1653,2
3,1654,2
3,1655,5
3,1656,4
3,1657,3
3,1658,1
3,1659,4
3,1660,3
3,1661,2
3,1663,1
3,1665,4
3,1666,3
3,1667,2
3,1668,5
3,1669,5
3,1670,5
3,1671,5
3,1672,2
3,1673,3
3,1674,4
3,1675,2
3,1676,2
3,1677,3
3,1678,2
3,1679,2
3,1680,1
3,1682,5
3,1683,4
3,1685,1
3,1686,3
3,1688,5
3,1691,4
3,1693,1
3,1695,3
3,1696,1
3,1697,1
3,1698,5
3,1699,2
3,1700,1
3,1701,1
3,1702,5
3,1703,4
3,1704,1
3,1706,5
3,1707,4
3,1709,3
3,1710,3
3,1711,3
3,1714,4
3,1715,4
3,1717,1
3,1718,3
3,1719,4
3,1722,3
3,1723,2
3,1724,5
3,1725,3
3,1726,3
3,1727,5
3,1728,5
3,1729,5
3,1731,1
3,1733,2
3,1734,3
3,1735,3
3,1736,4
3,1737,2
3,1738,3
3,1739,5
3,1740,5
3,1741,5
3,1742,5
3,1743,1
3,1744,4
3,1745,2
3,1746,1
3,1747,2
3,1748,2
3,1749,1
3,1751,3
3,1752,2
3,1753,1
3,1754,4
3,1755,3
3,1756,3
3,1757,4
3,1758,3
3,1759,3
3,1760,3
3,1761,3
3,1762,5
3,1763,1
3,1764,3
3,1765,2
3,1766,2
3,1767,5
3,1768,1
3,1769,1
3,1771,4
3,1772,1
3,1774,1
3,1775,5
3,1776,5
3,1777,3
3,1778,4
3,1779,3
3,1782,5
3,1783,3
3,1785,1
3,1789,2
3,1790,2
3,1791,5
3,1793,3
3,1795,2
3,1796,2
3,1797,4
3,1799,3
3,1800,5
3,1804,1
3,1805,1
3,1806,2
3,1807,2
3,1808,2
3,1809,5
3,1810,5
3,1811,2
3,1814,2
3,1816,3
3,1817,4
3,1819,2
3,1820,4
3,1824,2
3,1827,2
3,1828,2
3,1829,5
3,1830,4
3,1831,4
3,1832,2
3,1833,3
3,1834,5
3,1836,5
3,1837,5
3,1838,1
3,1839,5
3,1840,1
3,1841,2
3,1843,3
3,1844,4
3,1845,1
3,1846,3
3,1847,5
3,1848,1
3,1849,5
3,1850,3
3,1851,2
3,1852,4
3,1853,4
3,1854,1
3,1855,4
3,1856,3
3,1857,4
3,1858,3
3,1859,4
3,1860,2
3,1861,1
3,1862,2
3,1863,5
3,1864,3
3,1867,5
3,1868,1
3,1869,5
3,1870,4
3,1871,3
3,1872,5
3,1873,3
3,1874,3
3,1875,5
3,1876,3
3,1877,3
3,1878,2
3,1879,2
3,1880,2
3,1881,3
3,1883,2
3,1884,3
3,1886,1
3,1887,1
3,1888,4
3,1889,2
3,1890,5
3,1891,5
3,1892,1
3,1893,2
3,1894,5
3,1895,1
3,1897,5
3,1898,4
3,1899,3
3,1900,3
3,1901,5
3,1902,5
3,1903,2
3,1905,3
3,1906,5
3,1907,4
3,1908,3
3,1910,1
3,1911,5
3,1912,1
3,1913,4
3,1914,2
3,1915,5
3,1916,5
3,1917,4
3,1918,5
3,1919,3
3,1920,1
3,1921,5
3,1922,3
3,1923,1
3,1924,2
3,1928,2
3,1930,3
3,1931,5
3,1932,3
3,1933,2
3,1936,3
3,1937,3
3,1938,1
3,1939,5
3,1940,5
3,1941,4
3,1943,2
3,1944,1
3,1946,3
3,1947,1
3,1949,3
3,1950,5
3,1951,5
3,1952,2
3,1953,4
3,1954,5
3,1957,1
3,1959,2
3,1960,2
3,1961,3
3,1963,1
3,1964,1
3,1966,2
3,1967,2
3,1968,5
3,1969,4
3,1970,4
3,1971,4
3,1972,3
3,1974,1
3,1975,1
3,1977,2
3,1978,2
3,1979,5
3,1982,1
3,1984,3
3,1985,3
3,1986,5
3,1987,5
3,1988,5
3,1989,2
3,1990,2
3,1991,3
3,1992,4
3,1993,1
3,1994,2
3,1995,1
3,1996,2
3,1997,3
3,1998,1
3,2000,1
3,2001,2
3,2002,4
3,2004,3
3,2005,5
3,2006,5
3,2007,5
3,2009,1
3,2010,1
3,2011,4
3,2012,4
3,2013,4
3,2014,2
3,2016,5
3,2018,5
3,2019,2
3,2020,4
3,2021,3
3,2023,4
3,2024,1
3,2027,2
3,2028,2
3,2029,2
3,2031,3
3,2032,5
3,2034,3
3,2035,3
3,2036,4
3,2040,5
3,2041,1
3,2043,1
3,2044,1
3,2045,2
3,2047,4
3,2050,1
3,2051,2
3,2052,3
3,2053,3
3,2054,2
3,2055,3
3,2056,4
3,2057,5
3,2058,2
3,2059,1
3,2060,2
3,2064,5
3,2065,1
3,2066,3
3,2067,3
3,2069,2
3,2070,2
3,2072,2
3,2074,3
3,2075,5
3,2076,1
3,2077,3
3,2079,5
3,2080,3
3,2081,2
3,2083,3
3,2084,4
3,2085,4
3,2086,5
3,2088,1
3,2089,3
3,2090,2
3,2091,3
3,2092,4
3,2094,3
3,2095,4
3,2096,3
3,2097,3
3,2100,5
3,2101,4
3,2102,5
3,2103,1
3,2104,4
3,2105,4
3,2106,3
3,2107,2
3,2112,3
3,2113,3
3,2114,4
3,2115,4
3,2116,1
3,2117,2
3,2118,4
3,2119,3
3,2120,2
3,2121,5
3,2122,2
3,2124,3
3,2125,3
3,2127,3
3,2128,5
3,2129,5
3,2130,2
3,2131,1
3,2132,4
3,2134,2
3,2135,1
3,2137,3
3,2138,2
3,2139,2
3,2140,2
3,2141,3
3,2142,5
3,2143,2
3,2144,4
3,2145,1
3,2146,1
3,2148,3
3,2149,1
3,2152,3
3,2153,5
3,2154,1
3,2155,1
3,2156,2
3,2158,2
3,2159,2
3,2161,1
3,2162,4
3,2163,3
3,2164,5
3,2165,4
3,2166,1
3,2167,3
3,2168,1
3,2169,1
3,2170,3
3,2171,1
3,2172,4
3,2174,5
3,2175,5
3,2176,1
3,2177,5
3,2178,1
3,2179,3
3,2180,4
3,2181,3
3,2184,2
3,2185,1
3,2187,1
3,2188,5
3,2190,3
3,2191,4
3,2193,1
3,2194,2
3,2195,4
3,2196,1
3,2197,3
3,2198,5
3,2199,4
3,2200,3
3,2201,5
3,2202,5
3,2203,2
3,2204,3
3,2206,5
3,2207,5
3,2209,5
3,2210,1
3,2212,5
3,2213,2
3,2214,2
3,2217,4
3,2219,4
3,2220,2
3,2222,3
3,2223,3
3,2225,3
3,2226,2
3,2227,5
3,2228,5
3,2229,4
3,2230,3
3,2231,3
3,2232,2
3,2233,2
3,2234,3
3,2235,3
3,2236,4
3,2237,1
3,2238,5
3,2239,2
3,2240,3
3,2241,4
3,2242,2
3,2243,3
3,2244,4
3,2245,2
3,2246,5
3,2247,1
3,2248,3
3,2249,1
3,2250,1
3,2251,1
3,2252,1
3,2254,2
3,2258,5
3,2259,3
3,2260,4
3,2261,1
3,2263,2
3,2264,3
3,2265,4
3,2266,2
3,2267,4
3,2268,5
3,2270,1
3,2272,5
3,2273,4
3,2274,5
3,2275,5
3,2276,5
3,2277,2
3,2278,3
3,2279,4
3,2280,1
3,2281,4
3,2282,4
3,2283,2
3,2285,1
3,2286,5
3,2287,3
3,2289,3
3,2291,3
3,2292,2
3,2293,5
3,2297,1
3,2298,3
3,2300,4
3,2301,4
3,2303,5
3,2304,5
3,2305,3
3,2308,4
3,2310,4
3,2311,4
3,2312,1
3,2314,1
3,2315,5
3,2316,4
3,2317,3
3,2318,1
3,2319,4
3,2320,2
3,2321,4
3,2322,2
3,2323,1
3,2324,3
3,2326,3
3,2327,2
3,2329,1
3,2330,5
3,2331,3
3,2332,5
3,2333,1
3,2334,4
3,2335,5
3,2336,3
3,2337,2
3,2338,5
3,2339,3
3,2340,2
3,2341,5
3,2343,3
3,2344,3
3,2347,4
3,2348,3
3,2349,4
3,2352,2
3,2353,5
3,2354,2
3,2355,4
3,2356,5
3,2357,5
3,2358,3
3,2359,4
3,2360,2
3,2361,4
3,2362,2
3,2363,5
3,2364,5
3,2366,4
3,2367,2
3,2368,1
3,2369,3
3,2370,4
3,2371,1
3,2372,5
3,2373,5
3,2374,3
3,2375,4
3,2376,1
3,2377,1
3,2379,2
3,2381,1
3,2382,1
3,2383,4
3,2384,1
3,2385,3
3,2387,4
3,2388,3
3,2389,2
3,2390,2
3,2391,2
3,2393,1
3,2394,2
3,2395,5
3,2396,5
3,2397,3
3,2398,3
3,2400,1
3,2401,4
3,2403,1
3,2405,5
3,2406,1
3,2408,2
3,2411,5
3,2412,4
3,2413,1
3,2414,1
3,2415,5
3,2416,5
3,2417,5
3,2418,4
3,2419,2
3,2420,1
3,2421,2
3,2422,1
3,2423,5
3,2426,1
3,2427,3
3,2428,3
3,2429,3
3,2430,1
3,2431,5
3,2433,3
3,2434,4
3,2435,3
3,2436,3
3,2437,3
3,2438,5
3,2439,2
3,2440,3
3,2441,4
3,2442,1
3,2443,3
3,2444,1
3,2445,3
3,2446,5
3,2447,4
3,2448,4
3,2450,1
3,2452,3
3,2453,1
3,2454,5
3,2455,1
3,2457,3
3,2458,2
3,2459,1
3,2461,5
3,2462,2
3,2464,4
3,2466,3
3,2467,3
3,2468,4
3,2469,1
3,2470,2
3,2471,4
3,2473,3
3,2474,4
3,2475,1
3,2477,1
3,2478,1
3,2480,2
3,2481,1
3,2482,1
3,2483,1
3,2484,2
3,2485,1
3,2486,1
3,2490,1
3,2491,3
3,2493,1
3,2494,5
3,2495,3
3,2496,4
3,2497,5
3,2499,1
3,2500,1
3,2501,2
3,2502,2
3,2503,4
3,2504,5
3,2505,1
3,2506,4
3,2507,4
3,2509,4
3,2510,3
3,2511,4
3,2512,1
3,2513,5
3,2516,2
3,2517,1
3,2518,4
3,2519,4
3,2522,1
3,2523,4
3,2524,3
3,2525,3
3,2527,2
3,2528,5
3,2529,5
3,2530,4
3,2534,3
3,2535,3
3,2537,5
3,2538,2
3,2539,5
3,2540,2
3,2541,3
3,2542,2
3,2543,1
3,2544,1
3,2545,1
3,2546,4
3,2547,5
3,2549,5
3,2550,5
3,2552,4
3,2553,4
3,2554,1
3,2556,1
3,2557,1
3,2560,1
3,2561,1
3,2562,2
3,2563,3
3,2565,1
3,2566,4
3,2567,5
3,2568,5
3,2569,4
3,2570,1
3,2572,3
3,2573,2
3,2574,2
3,2575,4
3,2576,5
3,2577,4
3,2578,2
3,2579,4
3,2580,3
3,2581,4
3,2582,4
3,2583,2
3,2584,5
3,2585,3
3,2586,4
3,2589,1
3,2590,4
3,2591,1
3,2592,5
3,2594,4
3,2596,1
3,2597,3
3,2599,3
3,2600,3
3,2601,4
3,2602,5
3,2603,5
3,2604,5
3,2605,5
3,2606,3
3,2607,2
3,2608,1
3,2609,3
3,2610,3
3,2611,4
3,2612,4
3,2613,1
3,2614,1
3,2616,3
3,2617,1
3,2618,5
3,2619,2
3,2620,1
3,2622,2
3,2623,4
3,2624,1
3,2625,5
3,2626,2
3,2627,3
3,2630,1
3,2631,4
3,2633,1
3,2634,3
3,2635,3
3,2636,1
3,2637,1
3,2638,3
3,2639,1
3,2640,3
3,2641,3
3,2642,3
3,2643,3
3,2644,4
3,2646,2
3,2647,5
3,2648,2
3,2651,2
3,2652,3
3,2653,4
3,2654,1
3,2656,1
3,2658,2
3,2659,3
3,2660,2
3,2662,4
3,2663,2
3,2664,2
3,2665,1
3,2666,5
3,2668,1
3,2669,4
3,2671,3
3,2672,1
3,2673,1
3,2674,5
3,2675,3
3,2676,5
3,2677,3
3,2681,5
3,2682,2
3,2683,1
3,2684,3
3,2685,1
3,2686,3
3,2687,4
3,2688,3
3,2689,4
3,2690,1
3,2691,4
3,2692,1
3,2693,5
3,2694,4
3,2696,5
3,2697,2
3,2698,3
3,2700,4
3,2701,5
3,2702,2
3,2703,4
3,2704,4
3,2705,4
3,2706,5
3,2708,3
3,2709,1
3,2710,1
3,2711,1
3,2712,2
3,2713,4
3,2714,4
3,2715,1
3,2716,3
3,2717,4
3,2718,1
3,2720,5
3,2721,2
3,2722,1
3,2723,5
3,2724,3
3,2726,5
3,2727,4
3,2728,2
3,2729,5
3,2730,3
3,2731,5
3,2732,1
3,2733,4
3,2734,5
3,2736,3
3,2737,1
3,2738,2
3,2740,5
3,2741,2
3,2742,4
3,2743,2
3,2744,4
3,2745,4
3,2746,2
3,2747,4
3,2748,5
3,2749,4
3,2750,1
3,2752,2
3,2753,4
3,2754,3
3,2755,5
3,2756,4
3,2757,1
3,2758,2
3,2759,4
3,2760,5
3,2761,4
3,2762,2
3,2763,2
3,2764,4
3,2765,5
3,2766,4
3,2767,2
3,2768,1
3,2770,4
3,2771,2
3,2772,5
3,2773,2
3,2774,4
3,2775,2
3,2776,1
3,2777,3
3,2778,4
3,2779,5
3,2780,1
3,2782,3
3,2783,4
3,2784,2
3,2785,1
3,2787,2
3,2789,5
3,2791,5
3,2792,5
3,2793,3
3,2794,2
3,2795,3
3,2796,2
3,2797,5
3,2798,3
3,2799,4
3,2800,2
3,2802,1
3,2803,3
3,2804,1
3,2805,1
3,2807,5
3,2809,4
3,2811,5
3,2814,5
3,2815,5
3,2816,2
3,2818,2
3,2819,2
3,2820,1
3,2821,2
3,2823,5
3,2824,3
3,2825,5
3,2826,3
3,2828,2
3,2830,4
3,2831,4
3,2832,5
3,2833,4
3,2834,4
3,2835,5
3,2836,2
3,2837,3
3,2838,2
3,2839,1
3,2840,1
3,2842,1
3,2843,1
3,2844,2
3,2845,2
3,2847,5
3,2848,3
3,2849,2
3,2850,2
3,2851,3
3,2853,4
3,2854,5
3,2855,4
3,2857,4
3,2858,2
3,2859,3
3,2861,2
3,2862,5
3,2864,3
3,2866,2
3,2868,4
3,2870,1
3,2872,2
3,2873,4
3,2874,3
3,2875,1
3,2876,2
3,2877,3
3,2878,2
3,2879,4
3,2880,4
3,2882,5
3,2883,2
3,2884,4
3,2885,2
3,2888,4
3,2889,4
3,2890,4
3,2891,3
3,2892,1
3,2893,3
3,2894,2
3,2895,4
3,2896,1
3,2898,2
3,2899,1
3,2900,1
3,2901,2
3,2902,2
3,2903,1
3,2904,2
3,2905,1
3,2906,1
3,2907,4
3,2908,4
3,2909,4
3,2911,3
3,2912,5
3,2914,3
3,2915,5
3,2916,5
3,2917,5
3,2918,1
3,2920,4
3,2922,5
3,2923,1
3,2924,4
3,2925,1
3,2926,2
3,2927,5
3,2928,4
3,2929,4
3,2930,4
3,2931,3
3,2932,1
3,2933,2
3,2934,2
3,2935,5
3,2936,1
3,2938,4
3,2939,1
3,2940,2
3,2942,5
3,2943,4
3,2944,2
3,2945,3
3,2947,5
3,2948,2
3,2949,3
3,2950,4
3,2951,5
3,2953,2
3,2954,2
3,2955,2
3,2956,4
3,2957,4
3,2958,2
3,2959,4
3,2961,2
3,2962,4
3,2963,5
3,2964,4
3,2966,1
3,2967,5
3,2968,1
3,2969,1
3,2971,3
3,2972,1
3,2973,5
3,2974,5
3,2975,5
3,2976,1
3,2977,1
3,2979,2
3,2980,1
3,2983,5
3,2984,1
3,2985,1
3,2986,4
3,2987,5
3,2988,3
3,2989,3
3,2990,1
3,2991,3
3,2992,1
3,2993,4
3,2994,5
3,2995,3
3,2996,5
3,2997,3
3,2999,2
3,3000,4
3,3004,1
3,3005,2
3,3006,3
3,3007,5
3,3008,1
3,3009,2
3,3010,3
3,3011,1
3,3013,3
3,3015,2
3,3017,4
3,3018,1
3,3020,3
3,3022,5
3,3023,3
3,3024,3
3,3025,2
3,3026,2
3,3027,4
3,3028,5
3,3029,4
3,3030,2
3,3031,3
3,3032,5
3,3033,4
3,3034,1
3,3035,4
3,3037,3
3,3038,5
3,3039,5
3,3040,1
3,3041,4
3,3043,1
3,3044,3
3,3045,3
3,3046,4
3,3047,5
3,3049,2
3,3050,3
3,3053,1
3,3055,4
3,3056,4
3,3058,2
3,3059,1
3,3060,5
3,3061,5
3,3062,4
3,3063,2
3,3064,5
3,3065,3
3,3066,3
3,3069,1
3,3070,1
3,3072,5
3,3073,3
3,3074,5
3,3075,4
3,3077,1
3,3079,5
3,3080,4
3,3082,5
3,3083,2
3,3085,1
3,3087,3
3,3088,2
3,3089,3
3,3091,5
3,3092,3
3,3093,5
3,3094,2
3,3095,2
3,3096,5
3,3097,3
3,3098,3
3,3099,1
3,3100,5
3,3101,5
3,3102,1
3,3105,1
3,3106,1
3,3107,5
3,3108,3
3,3109,3
3,3110,5
3,3111,2
3,3112,2
3,3113,4
3,3115,5
3,3116,4
3,3117,2
3,3118,2
3,3119,4
3,3120,5
3,3121,1
3,3122,5
3,3123,2
3,3124,2
3,3125,5
3,3126,3
3,3127,1
3,3128,2
3,3129,5
3,3130,4
3,3132,4
3,3133,3
3,3134,4
3,3135,4
3,3136,1
3,3137,4
3,3138,5
3,3139,2
3,3141,2
3,3142,3
3,3143,5
3,3144,5
3,3145,4
3,3146,3
3,3148,1
3,3149,2
3,3150,2
3,3151,1
3,3153,5
3,3154,2
3,3155,2
3,3156,5
3,3157,4
3,3158,3
3,3160,1
3,3161,3
3,3162,1
3,3163,2
3,3164,1
3,3165,3
3,3167,3
3,3168,4
3,3169,2
3,3170,3
3,3172,1
3,3174,1
3,3175,3
3,3176,3
3,3177,5
3,3178,4
3,3179,3
3,3180,2
3,3181,2
3,3182,5
3,3183,3
3,3185,5
3,3186,1
3,3187,5
3,3188,4
3,3189,4
3,3190,4
3,3191,3
3,3192,2
3,3193,2
3,3194,3
3,3197,2
3,3198,3
3,3199,3
3,3200,3
3,3201,5
3,3203,2
3,3204,1
3,3205,1
3,3206,3
3,3207,4
3,3208,2
3,3209,1
3,3211,2
3,3213,3
3,3214,3
3,3217,1
3,3218,5
3,3219,2
3,3220,4
3,3222,3
3,3223,5
3,3224,3
3,3225,1
3,3227,3
3,3228,2
3,3229,3
3,3230,1
3,3231,1
3,3232,5
3,3233,3
3,3234,4
3,3236,1
3,3237,4
3,3238,3
3,3239,2
3,3240,1
3,3241,3
3,3242,5
3,3243,5
3,3244,1
3,3245,5
3,3248,1
3,3249,4
3,3250,5
3,3251,1
3,3252,5
3,3253,4
3,3254,5
3,3255,5
3,3256,3
3,3257,2
3,3258,2
3,3260,5
3,3261,2
3,3262,2
3,3263,3
3,3264,2
3,3265,3
3,3266,5
3,3267,5
3,3268,5
3,3269,2
3,3270,2
3,3271,4
3,3272,1
3,3273,3
3,3274,4
3,3276,4
3,3279,1
3,3281,1
3,3282,5
3,3283,3
3,3284,3
3,3285,3
3,3286,5
3,3287,3
3,3288,1
3,3289,1
3,3290,2
3,3291,1
3,3293,4
3,3294,1
3,3295,3
3,3296,5
3,3297,4
3,3298,4
3,3299,3
3,3300,1
3,3301,1
3,3302,2
3,3304,1
3,3305,3
3,3306,1
3,3307,1
3,3308,2
3,3310,3
3,3311,5
3,3312,5
3,3314,2
3,3315,2
3,3316,3
3,3317,4
3,3319,2
3,3320,2
3,3321,5
3,3323,3
3,3324,2
3,3325,3
3,3326,2
3,3327,3
3,3328,3
3,3329,5
3,3331,2
3,3332,5
3,3333,2
3,3334,1
3,3335,5
3,3336,5
3,3337,2
3,3338,3
3,3339,3
3,3342,5
3,3343,3
3,3344,2
3,3346,4
3,3347,4
3,3349,4
3,3350,2
3,3351,3
3,3352,5
3,3353,5
3,3354,4
3,3355,1
3,3356,2
3,3357,2
3,3358,3
3,3359,4
3,3360,1
3,3361,2
3,3362,1
3,3363,2
3,3365,3
3,3366,5
3,3367,2
3,3368,1
3,3369,5
3,3371,4
3,3372,3
3,3373,3
3,3374,3
3,3375,3
3,3376,4
3,3377,4
3,3379,1
3,3381,5
3,3382,5
3,3383,2
3,3384,5
3,3386,3
3,3388,1
3,3389,2
3,3390,1
3,3391,1
3,3393,4
3,3395,2
3,3396,5
3,3397,3
3,3398,4
3,3399,4
3,3400,1
3,3401,5
3,3403,2
3,3404,1
3,3405,2
3,3406,3
3,3407,5
3,3408,1
3,3409,5
3,3411,4
3,3412,1
3,3413,2
3,3414,2
3,3416,5
3,3417,4
3,3419,5
3,3420,4
3,3421,5
3,3422,3
3,3424,3
3,3425,1
3,3426,3
3,3427,3
3,3429,2
3,3430,5
3,3431,1
3,3432,2
3,3434,3
3,3435,4
3,3436,4
3,3437,4
3,3438,2
3,3439,3
3,3442,1
3,3443,3
3,3444,4
3,3446,5
3,3447,4
3,3448,3
3,3449,1
3,3450,3
3,3451,1
3,3452,2
3,3453,2
3,3454,5
3,3455,4
3,3457,3
3,3458,2
3,3459,5
3,3461,1
3,3463,2
3,3465,1
3,3466,1
3,3467,3
3,3468,3
3,3470,5
3,3471,2
3,3472,2
3,3473,4
3,3474,5
3,3475,3
3,3476,4
3,3477,2
3,3478,4
3,3479,2
3,3480,4
3,3481,4
3,3482,2
3,3483,3
3,3484,4
3,3485,5
3,3486,5
3,3487,1
3,3490,1
3,3491,4
3,3492,1
3,3493,2
3,3494,4
3,3496,4
3,3497,1
3,3498,4
3,3499,3
3,3500,4
3,3502,1
3,3503,3
3,3504,1
3,3505,5
3,3506,2
3,3507,3
3,3508,3
3,3509,3
3,3511,1
3,3512,4
3,3513,5
3,3515,2
3,3516,1
3,3517,1
3,3518,2
3,3521,5
3,3523,5
3,3525,5
3,3526,4
3,3527,5
3,3528,5
3,3529,3
3,3530,3
3,3531,5
3,3532,4
3,3533,3
3,3534,4
3,3535,4
3,3536,5
3,3537,5
3,3538,1
3,3539,1
3,3540,1
3,3541,3
3,3542,1
3,3543,2
3,3544,5
3,3545,2
3,3547,1
3,3548,3
3,3549,1
3,3550,2
3,3551,5
3,3552,5
3,3553,2
3,3554,3
3,3555,2
3,3556,5
3,3557,4
3,3558,4
3,3559,4
3,3560,1
3,3562,4
3,3563,3
3,3564,5
3,3565,5
3,3566,2
3,3567,2
3,3569,4
3,3570,1
3,3571,3
3,3572,3
3,3573,4
3,3574,1
3,3575,4
3,3576,2
3,3578,4
3,3579,1
3,3582,3
3,3583,2
3,3584,4
3,3585,3
3,3586,1
3,3587,1
3,3588,2
3,3589,2
3,3590,5
3,3591,4
3,3592,4
3,3593,2
3,3594,5
3,3596,4
3,3598,5
3,3599,3
3,3600,4
3,3602,5
3,3603,4
3,3604,5
3,3605,1
3,3606,3
3,3607,3
3,3610,4
3,3611,5
3,3612,2
3,3613,2
3,3614,3
3,3615,3
3,3616,4
3,3617,5
3,3620,5
3,3621,3
3,3622,5
3,3623,4
3,3624,3
3,3625,1
3,3627,5
3,3628,5
3,3629,3
3,3630,5
3,3631,4
3,3632,5
3,3634,2
3,3635,2
3,3636,5
3,3637,2
3,3638,5
3,3639,2
3,3640,4
3,3641,3
3,3642,1
3,3643,3
3,3644,2
3,3646,4
3,3647,4
3,3648,3
3,3649,2
3,3651,1
3,3653,4
3,3654,4
3,3655,4
3,3657,3
3,3658,3
3,3660,1
3,3663,4
3,3664,4
3,3665,1
3,3666,2
3,3668,5
3,3669,1
3,3670,4
3,3671,1
3,3672,3
3,3673,5
3,3676,2
3,3678,4
3,3679,1
3,3680,4
3,3682,1
3,3683,2
3,3684,3
3,3685,1
3,3686,2
3,3687,3
3,3688,5
3,3689,1
3,3690,3
3,3691,5
3,3692,2
3,3693,1
3,3694,3
3,3695,4
3,3696,5
3,3697,1
3,3698,3
3,3700,4
3,3701,2
3,3702,3
3,3703,3
3,3705,4
3,3707,5
3,3708,1
3,3709,2
3,3710,4
3,3711,4
3,3713,2
3,3714,3
3,3715,3
3,3716,2
3,3717,1
3,3718,4
3,3719,1
3,3721,2
3,3722,3
3,3724,3
3,3725,3
3,3727,3
3,3730,2
3,3731,3
3,3733,4
3,3734,2
3,3735,4
3,3740,4
3,3741,1
3,3742,3
3,3743,5
3,3744,1
3,3745,1
3,3746,3
3,3747,2
3,3748,5
3,3749,2
3,3750,3
3,3751,5
3,3753,4
3,3754,2
3,3755,4
3,3756,3
3,3757,2
3,3758,4
3,3759,4
3,3760,2
3,3761,2
3,3763,4
3,3765,4
3,3766,1
3,3767,1
3,3768,1
3,3769,2
3,3770,3
3,3771,1
3,3772,1
3,3774,5
3,3776,1
3,3777,1
3,3779,1
3,3781,4
3,3782,4
3,3783,1
3,3784,3
3,3785,1
3,3786,2
3,3787,3
3,3790,2
3,3791,5
3,3794,2
3,3795,2
3,3796,4
3,3797,4
3,3800,3
3,3802,1
3,3803,5
3,3804,5
3,3807,3
3,3808,4
3,3809,1
3,3810,5
3,3811,5
3,3812,4
3,3813,3
3,3815,4
3,3816,3
3,3818,3
3,3820,5
3,3821,4
3,3822,1
3,3823,1
3,3824,3
3,3825,2
3,3826,4
3,3828,2
3,3829,5
3,3830,2
3,3831,3
3,3832,4
3,3833,3
3,3834,4
3,3835,5
3,3836,4
3,3837,3
3,3838,5
3,3839,1
3,3840,2
3,3841,3
3,3842,1
3,3843,5
3,3846,5
3,3847,3
3,3848,2
3,3849,2
3,3851,5
3,3852,1
3,3856,5
3,3857,5
3,3858,5
3,3859,4
3,3860,2
3,3861,3
3,3862,2
3,3863,4
3,3865,3
3,3867,2
3,3868,5
3,3869,4
3,3870,2
3,3872,4
3,3873,3
3,3874,2
3,3875,3
3,3877,4
3,3878,3
3,3879,3
3,3881,5
3,3882,2
3,3883,3
3,3884,4
3,3885,4
3,3887,2
3,3888,2
3,3889,3
3,3890,3
3,3891,4
3,3892,1
3,3893,2
3,3894,3
3,3895,4
3,3897,2
3,3898,3
3,3899,1
3,3900,3
3,3901,1
3,3902,5
3,3903,2
3,3905,4
3,3907,1
3,3908,1
3,3909,5
3,3910,5
3,3912,5
3,3913,1
3,3914,5
3,3915,3
3,3916,5
3,3917,1
3,3918,5
3,3920,4
3,3921,4
3,3922,5
3,3924,4
3,3927,3
3,3928,2
3,3929,4
3,3930,5
3,3931,2
3,3933,3
3,3936,4
3,3937,3
3,3938,1
3,3939,5
3,3941,5
3,3943,2
3,3944,4
3,3946,1
3,3947,5
3,3948,5
3,3949,2
3,3950,3
3,3951,1
3,3954,4
3,3955,3
3,3956,3
3,3957,3
3,3958,4
3,3959,4
3,3960,4
3,3962,4
3,3963,3
3,3965,2
3,3966,2
3,3967,5
3,3968,5
3,3969,1
3,3971,2
3,3972,3
3,3974,4
3,3975,1
3,3976,5
3,3977,1
3,3978,2
3,3979,4
3,3981,5
3,3982,4
3,3983,1
3,3984,4
3,3985,2
3,3988,1
3,3990,1
3,3992,5
3,3993,5
3,3994,5
3,3995,2
3,3996,5
3,3997,4
3,3998,5
3,3999,2
3,4000,5
3,4001,4
3,4003,2
3,4004,4
3,4005,1
3,4006,4
3,4007,5
3,4008,5
3,4009,4
3,4010,1
3,4011,1
3,4013,4
3,4014,2
3,4017,4
3,4018,3
3,4019,5
3,4020,2
3,4021,2
3,4023,3
3,4024,2
3,4025,2
3,4027,2
3,4028,2
3,4030,2
3,4031,1
3,4032,1
3,4033,4
3,4036,3
3,4037,4
3,4038,1
3,4039,5
3,4040,1
3,4041,1
3,4044,2
3,4045,5
3,4046,4
3,4047,1
3,4048,5
3,4049,4
3,4050,1
3,4051,1
3,4052,2
3,4053,3
3,4054,5
3,4058,1
3,4060,4
3,4066,3
3,4067,3
3,4068,5
3,4069,2
3,4070,4
3,4071,4
3,4072,4
3,4073,2
3,4074,2
3,4075,3
3,4076,1
3,4077,1
3,4078,5
3,4079,3
3,4080,4
3,4081,5
3,4082,5
3,4084,3
3,4085,5
3,4087,5
3,4088,5
3,4089,3
3,4090,3
3,4091,4
3,4092,5
3,4093,1
3,4094,2
3,4095,2
3,4098,3
3,4100,4
3,4101,5
3,4102,2
3,4105,2
3,4106,3
3,4107,5
3,4108,5
3,4109,5
3,4110,3
3,4111,1
3,4112,5
3,4113,4
3,4114,4
3,4115,5
3,4116,3
3,4117,4
3,4118,5
3,4119,1
3,4120,5
3,4121,3
3,4123,3
3,4125,4
3,4126,1
3,4128,5
3,4129,5
3,4130,5
3,4132,5
3,4134,4
3,4135,3
3,4136,5
3,4137,1
3,4138,1
3,4140,5
3,4141,5
3,4142,5
3,4144,5
3,4145,4
3,4146,1
3,4147,3
3,4148,2
3,4149,3
3,4150,5
3,4151,1
3,4152,3
3,4153,5
3,4154,1
3,4155,2
3,4156,3
3,4157,4
3,4158,5
3,4159,3
3,4160,5
3,4161,4
3,4162,4
3,4163,4
3,4164,4
3,4165,2
3,4166,2
3,4167,3
3,4170,5
3,4172,4
3,4175,3
3,4176,4
3,4177,3
3,4178,2
3,4179,1
3,4180,2
3,4181,5
3,4182,2
3,4184,2
3,4185,3
3,4186,5
3,4187,2
3,4189,4
3,4190,4
3,4191,1
3,4193,3
3,4195,2
3,4196,5
3,4197,3
3,4198,3
3,4199,2
3,4202,3
3,4203,1
3,4204,5
3,4205,3
3,4206,3
3,4207,5
3,4208,2
3,4209,4
3,4211,2
3,4212,4
3,4214,2
3,4215,3
3,4217,4
3,4218,2
3,4220,2
3,4221,1
3,4223,1
3,4224,1
3,4225,1
3,4226,5
3,4229,4
3,4230,1
3,4231,5
3,4232,2
3,4233,4
3,4234,4
3,4235,3
3,4236,5
3,4237,4
3,4238,4
3,4239,5
3,4242,2
3,4243,2
3,4244,3
3,4245,4
3,4247,5
3,4249,3
3,4251,3
3,4252,5
3,4253,5
3,4254,5
3,4255,3
3,4257,1
3,4258,5
3,4261,3
3,4262,3
3,4263,1
3,4264,1
3,4265,4
3,4266,1
3,4269,3
3,4270,2
3,4271,5
3,4272,1
3,4274,2
3,4275,4
3,4276,4
3,4277,5
3,4278,1
3,4279,2
3,4280,3
3,4281,4
3,4282,4
3,4283,4
3,4284,1
3,4285,2
3,4286,2
3,4287,4
3,4288,3
3,4289,4
3,4290,4
3,4292,3
3,4293,2
3,4294,2
3,4297,1
3,4299,2
3,4300,2
3,4301,3
3,4302,2
3,4303,4
3,4304,2
3,4305,2
3,4306,3
3,4307,4
3,4308,5
3,4309,1
3,4310,4
3,4311,2
3,4312,4
3,4313,5
3,4314,4
3,4315,5
3,4316,5
3,4317,2
3,4318,3
3,4319,2
3,4320,4
3,4321,4
3,4322,3
3,4323,1
3,4324,1
3,4325,3
3,4326,5
3,4327,2
3,4328,5
3,4329,5
3,4330,1
3,4331,2
3,4332,3
3,4333,3
3,4334,2
3,4337,4
3,4338,5
3,4339,1
3,4340,1
3,4342,1
3,4343,5
3,4345,5
3,4346,4
3,4347,2
3,4348,3
3,4349,4
3,4350,2
3,4351,4
3,4353,4
3,4354,3
3,4355,1
3,4357,2
3,4358,2
3,4359,1
3,4360,1
3,4361,2
3,4362,3
3,4363,5
3,4365,1
3,4366,3
3,4368,4
3,4369,4
3,4370,1
3,4371,2
3,4372,5
3,4373,3
3,4374,2
3,4375,1
3,4376,4
3,4377,4
3,4379,2
3,4380,3
3,4381,3
3,4383,2
3,4384,1
3,4385,3
3,4386,4
3,4387,4
3,4388,5
3,4389,5
3,4390,2
3,4391,3
3,4392,1
3,4394,3
3,4397,4
3,4399,4
3,4400,2
3,4401,4
3,4404,1
3,4405,2
3,4408,1
3,4410,5
3,4411,4
3,4412,2
3,4413,2
3,4414,5
3,4415,3
3,4416,3
3,4417,1
3,4418,3
3,4419,2
3,4420,5
3,4421,4
3,4422,4
3,4424,4
3,4425,4
3,4426,2
3,4427,2
3,4428,5
3,4429,1
3,4430,2
3,4432,3
3,4433,1
3,4434,2
3,4435,1
3,4436,5
3,4438,5
3,4439,3
3,4440,3
3,4441,1
3,4444,4
3,4446,4
3,4447,4
3,4448,4
3,4449,4
3,4451,3
3,4452,2
3,4453,5
3,4454,2
3,4455,4
3,4456,4
3,4457,2
3,4458,1
3,4459,5
3,4461,3
3,4462,5
3,4463,4
3,4464,5
3,4465,5
3,4466,4
3,4467,1
3,4468,5
3,4469,2
3,4470,5
3,4471,5
3,4472,1
3,4473,1
3,4474,3
3,4475,2
3,4476,1
3,4477,4
3,4478,5
3,4479,5
3,4482,2
3,4484,3
3,4485,1
3,4486,3
3,4487,5
3,4488,4
3,4489,3
3,4490,1
3,4491,2
3,4492,5
3,4494,4
3,4496,1
3,4497,3
3,4500,1
3,4501,2
3,4502,1
3,4503,5
3,4506,5
3,4508,3
3,4509,4
3,4510,2
3,4512,3
3,4513,1
3,4514,4
3,4515,5
3,4517,3
3,4518,5
3,4520,5
3,4521,4
3,4522,2
3,4523,1
3,4524,4
3,4525,3
3,4526,2
3,4527,3
3,4528,2
3,4530,2
3,4531,4
3,4533,3
3,4534,1
3,4535,5
3,4536,1
3,4537,3
3,4538,1
3,4539,5
3,4540,1
3,4541,1
3,4542,5
3,4543,1
3,4544,2
3,4545,5
3,4546,2
3,4547,4
3,4550,3
3,4551,2
3,4552,5
3,4553,5
3,4555,5
3,4556,3
3,4557,4
3,4558,1
3,4559,2
3,4560,5
3,4561,5
3,4562,2
3,4564,2
3,4565,2
3,4567,2
3,4568,4
3,4569,3
3,4570,3
3,4571,5
3,4572,2
3,4573,5
3,4574,5
3,4575,5
3,4576,3
3,4577,2
3,4578,1
3,4579,1
3,4580,3
3,4581,4
3,4582,1
3,4584,2
3,4585,2
3,4586,2
3,4587,5
3,4588,5
3,4589,5
3,4590,2
3,4591,3
3,4592,3
3,4593,5
3,4594,2
3,4595,2
3,4596,2
3,4597,1
3,4598,3
3,4599,5
3,4600,5
3,4601,2
3,4602,4
3,4603,4
3,4604,2
3,4605,4
3,4606,1
3,4607,2
3,4608,2
3,4610,1
3,4611,1
3,4612,1
3,4613,2
3,4614,3
3,4615,1
3,4616,2
3,4617,1
3,4618,4
3,4619,5
3,4620,2
3,4622,2
3,4623,2
3,4624,2
3,4625,1
3,4626,2
3,4627,3
3,4628,2
3,4629,4
3,4631,4
3,4632,5
3,4633,1
3,4634,1
3,4636,2
3,4637,4
3,4638,3
3,4639,1
3,4640,5
3,4641,5
3,4642,4
3,4643,5
3,4644,4
3,4645,3
3,4646,3
3,4647,2
3,4650,4
3,4651,1
3,4652,1
3,4653,2
3,4654,2
3,4655,1
3,4657,4
3,4658,1
3,4659,5
3,4661,2
3,4662,5
3,4663,4
3,4664,5
3,4665,4
3,4667,5
3,4668,4
3,4669,4
3,4670,2
3,4671,1
3,4672,5
3,4673,2
3,4674,5
3,4675,3
3,4678,5
3,4679,1
3,4680,3
3,4681,4
3,4682,1
3,4683,1
3,4685,3
3,4686,1
3,4687,5
3,4688,1
3,4689,4
3,4690,1
3,4691,2
3,4692,5
3,4693,5
3,4694,3
3,4695,4
3,4696,5
3,4697,4
3,4700,4
3,4701,3
3,4702,5
3,4704,2
3,4705,1
3,4706,5
3,4708,5
3,4709,5
3,4711,3
3,4713,5
3,4714,4
3,4716,5
3,4717,4
3,4718,2
3,4719,3
3,4722,3
3,4724,3
3,4727,5
3,4728,4
3,4729,5
3,4730,2
3,4732,1
3,4733,2
3,4734,4
3,4736,4
3,4737,1
3,4738,5
3,4739,1
3,4740,3
3,4741,4
3,4742,5
3,4743,1
3,4745,2
3,4747,2
3,4748,2
3,4749,1
3,4750,3
3,4751,3
3,4752,1
3,4754,3
3,4757,1
3,4758,3
3,4759,1
3,4760,3
3,4761,3
3,4762,3
3,4763,2
3,4764,3
3,4765,3
3,4766,3
3,4767,3
3,4768,1
3,4769,4
3,4770,3
3,4771,5
3,4772,3
3,4773,4
3,4774,3
3,4775,5
3,4776,2
3,4777,5
3,4779,1
3,4780,1
3,4782,3
3,4783,1
3,4784,4
3,4786,1
3,4787,4
3,4788,4
3,4789,1
3,4790,2
3,4791,4
3,4792,5
3,4793,1
3,4794,3
3,4798,2
3,4799,3
3,4800,4
3,4801,1
3,4802,2
3,4803,5
3,4804,2
3,4805,4
3,4807,2
3,4808,3
3,4809,4
3,4810,1
3,4811,5
3,4812,2
3,4813,3
3,4814,2
3,4815,5
3,4818,5
3,4819,4
3,4821,4
3,4823,1
3,4824,1
3,4826,5
3,4828,3
3,4829,4
3,4830,4
3,4832,2
3,4833,4
3,4834,1
3,4835,2
3,4836,4
3,4838,4
3,4839,1
3,4841,4
3,4844,1
3,4845,3
3,4847,4
3,4848,3
3,4849,5
3,4850,3
3,4851,1
3,4853,3
3,4855,4
3,4856,5
3,4859,1
3,4860,1
3,4861,3
3,4863,3
3,4867,2
3,4868,1
3,4869,3
3,4870,5
3,4871,1
3,4872,5
3,4873,3
3,4874,1
3,4875,1
3,4876,1
3,4877,1
3,4878,1
3,4879,1
3,4880,1
3,4881,2
3,4882,4
3,4883,3
3,4884,2
3,4886,4
3,4887,3
3,4889,3
3,4890,5
3,4891,3
3,4894,2
3,4895,2
3,4897,4
3,4898,1
3,4899,4
3,4900,4
3,4901,5
3,4902,5
3,4903,3
3,4904,5
3,4906,2
3,4907,3
3,4908,5
3,4909,2
3,4911,1
3,4913,5
3,4914,4
3,4916,4
3,4917,3
3,4918,2
3,4919,4
3,4920,4
3,4922,1
3,4925,4
3,4926,3
3,4927,4
3,4928,5
3,4930,3
3,4931,3
3,4933,3
3,4934,3
3,4935,4
3,4936,2
3,4938,3
3,4940,4
3,4943,3
3,4944,5
3,4945,4
3,4946,5
3,4947,1
3,4949,5
3,4950,3
3,4951,5
3,4952,5
3,4953,5
3,4955,1
3,4956,3
3,4959,5
3,4960,5
3,4962,4
3,4963,3
3,4964,3
3,4965,2
3,4966,4
3,4967,3
3,4968,5
3,4969,2
3,4970,2
3,4971,5
3,4972,4
3,4974,4
3,4976,5
3,4977,4
3,4979,2
3,4980,4
3,4981,3
3,4984,3
3,4985,3
3,4986,2
3,4987,1
3,4989,5
3,4991,4
3,4992,2
3,4994,5
3,4997,3
3,4998,2
3,4999,1
4,0,5
4,1,5
4,2,3
4,3,1
4,5,3
4,6,1
4,7,5
4,8,3
4,9,4
4,10,3
4,11,3
4,12,3
4,13,1
4,14,4
4,15,2
4,16,2
4,17,5
4,18,5
4,19,1
4,20,2
4,21,2
4,23,3
4,25,3
4,26,3
4,27,5
4,28,5
4,29,5
4,30,5
4,31,3
4,33,5
4,34,3
4,35,3
4,36,2
4,37,4
4,39,3
4,40,4
4,41,3
4,42,3
4,43,1
4,44,2
4,46,5
4,47,4
4,48,4
4,49,1
4,50,2
4,51,4
4,52,4
4,53,4
4,54,4
4,56,3
4,57,4
4,58,1
4,59,4
4,60,4
4,61,1
4,63,5
4,65,5
4,66,3
4,67,2
4,68,3
4,69,1
4,70,3
4,71,5
4,72,1
4,73,3
4,75,4
4,76,1
4,77,1
4,78,3
4,80,2
4,81,2
4,82,1
4,83,4
4,84,5
4,86,2
4,87,2
4,88,2
4,89,3
4,90,1
4,91,1
4,92,3
4,93,4
4,94,4
4,96,4
4,97,1
4,98,2
4,99,4
4,101,1
4,102,2
4,103,4
4,104,5
4,105,2
4,106,4
4,107,1
4,108,5
4,109,2
4,110,4
4,111,4
4,112,1
4,113,1
4,114,4
4,115,3
4,116,3
4,117,3
4,118,5
4,120,3
4,121,3
4,123,5
4,124,2
4,125,5
4,127,2
4,128,5
4,129,4
4,130,3
4,131,5
4,132,2
4,134,2
4,135,5
4,136,1
4,138,2
4,139,2
4,140,3
4,141,2
4,142,4
4,143,4
4,145,3
4,146,3
4,147,1
4,148,3
4,149,2
4,150,4
4,151,2
4,152,5
4,153,3
4,155,5
4,156,4
4,158,1
4,160,5
4,161,1
4,162,4
4,163,2
4,165,3
4,166,5
4,167,1
4,168,3
4,169,1
4,170,3
4,171,3
4,173,4
4,174,2
4,175,5
4,176,3
4,179,5
4,180,4
4,181,5
4,182,2
4,183,1
4,184,2
4,186,3
4,187,1
4,188,4
4,189,4
4,190,1
4,192,1
4,193,5
4,194,5
4,195,3
4,197,5
4,198,5
4,199,3
4,200,2
4,201,3
4,202,5
4,203,2
4,204,4
4,205,4
4,206,4
4,207,3
4,209,1
4,210,4
4,211,4
4,212,5
4,215,4
4,216,4
4,217,1
4,219,3
4,220,4
4,221,4
4,222,1
4,224,5
4,225,3
4,226,3
4,227,1
4,229,2
4,230,2
4,231,3
4,232,5
4,233,5
4,234,4
4,235,1
4,237,5
4,238,3
4,239,5
4,240,3
4,242,1
4,243,5
4,244,1
4,245,4
4,246,4
4,247,4
4,248,1
4,250,2
4,251,1
4,253,3
4,255,2
4,256,1
4,257,5
4,258,3
4,259,3
4,262,3
4,263,2
4,264,3
4,265,1
4,266,3
4,267,5
4,268,3
4,269,5
4,270,2
4,271,2
4,272,4
4,273,5
4,274,4
4,275,5
4,276,2
4,279,3
4,280,1
4,281,4
4,282,4
4,283,5
4,284,1
4,285,4
4,286,1
4,288,2
4,289,4
4,290,2
4,291,5
4,292,2
4,294,3
4,296,2
4,297,4
4,298,3
4,299,2
4,300,5
4,301,3
4,302,2
4,303,2
4,304,2
4,305,3
4,306,2
4,307,2
4,308,2
4,310,4
4,311,3
4,312,3
4,313,4
4,314,2
4,315,3
4,316,4
4,317,5
4,320,5
4,321,4
4,322,1
4,323,4
4,324,1
4,326,4
4,327,4
4,328,1
4,330,3
4,332,5
4,334,1
4,335,1
4,336,5
4,337,1
4,339,4
4,340,1
4,341,4
4,342,4
4,343,1
4,344,5
4,345,5
4,346,5
4,347,2
4,348,1
4,350,2
4,351,4
4,353,4
4,354,1
4,357,3
4,358,5
4,359,5
4,360,4
4,361,1
4,362,4
4,363,2
4,364,5
4,365,1
4,366,4
4,367,5
4,368,5
4,369,1
4,370,5
4,371,1
4,373,1
4,374,1
4,375,3
4,377,4
4,378,2
4,379,5
4,380,3
4,381,4
4,382,1
4,383,4
4,384,4
4,385,3
4,386,4
4,387,3
4,389,4
4,391,4
4,392,4
4,393,5
4,394,5
4,395,4
4,397,2
4,398,4
4,399,3
4,400,1
4,401,2
4,402,3
4,403,2
4,404,1
4,405,4
4,407,3
4,408,2
4,409,4
4,410,5
4,411,2
4,412,2
4,413,3
4,414,1
4,415,2
4,417,3
4,419,2
4,420,5
4,422,1
4,424,3
4,425,1
4,426,1
4,427,1
4,428,4
4,429,2
4,430,2
4,431,2
4,432,5
4,433,1
4,434,1
4,435,1
4,436,4
4,438,5
4,439,5
4,440,1
4,441,1
4,442,5
4,443,2
4,444,1
4,445,4
4,446,2
4,447,4
4,448,5
4,449,4
4,450,3
4,451,3
4,452,2
4,453,2
4,454,4
4,455,5
4,456,4
4,457,4
4,459,2
4,460,1
4,461,2
4,462,4
4,463,4
4,464,3
4,465,3
4,466,1
4,467,3
4,469,3
4,470,5
4,471,5
4,472,3
4,473,4
4,474,5
4,475,4
4,476,5
4,477,3
4,478,1
4,479,5
4,480,2
4,482,5
4,483,4
4,484,4
4,485,2
4,487,2
4,488,1
4,489,1
4,490,2
4,491,5
4,492,2
4,494,5
4,495,2
4,496,2
4,497,5
4,500,4
4,501,4
4,502,2
4,503,5
4,504,5
4,505,2
4,506,3
4,507,3
4,508,3
4,509,4
4,511,2
4,512,1
4,513,5
4,514,5
4,515,4
4,517,5
4,518,4
4,519,3
4,520,1
4,521,3
4,522,1
4,524,2
4,525,4
4,526,1
4,527,1
4,528,4
4,529,1
4,530,1
4,531,5
4,532,2
4,533,3
4,534,3
4,535,2
4,536,4
4,538,1
4,539,2
4,542,4
4,543,2
4,544,1
4,545,1
4,547,4
4,548,2
4,549,4
4,550,5
4,552,3
4,553,3
4,554,1
4,555,3
4,558,3
4,559,1
4,560,1
4,561,1
4,562,3
4,563,1
4,564,5
4,565,5
4,568,3
4,569,3
4,570,4
4,571,5
4,572,2
4,573,1
4,575,4
4,576,2
4,577,5
4,580,5
4,581,3
4,582,2
4,584,4
4,585,3
4,588,5
4,590,1
4,591,1
4,592,2
4,593,4
4,594,4
4,595,3
4,596,4
4,597,2
4,598,4
4,599,3
4,600,4
4,602,3
4,604,2
4,605,1
4,606,2
4,608,4
4,609,1
4,610,1
4,611,4
4,612,4
4,614,1
4,615,4
4,617,5
4,618,4
4,619,5
4,620,4
4,624,2
4,625,3
4,626,5
4,627,4
4,628,1
4,629,4
4,630,3
4,631,4
4,633,2
4,635,5
4,636,1
4,638,1
4,639,5
4,640,5
4,642,4
4,643,2
4,644,4
4,645,2
4,646,5
4,647,2
4,648,3
4,649,2
4,651,5
4,652,5
4,654,5
4,656,4
4,657,5
4,658,1
4,659,3
4,660,4
4,661,5
4,662,5
4,663,5
4,666,4
4,667,2
4,668,4
4,669,3
4,670,1
4,671,1
4,672,5
4,673,3
4,674,5
4,675,4
4,676,3
4,677,2
4,678,2
4,679,5
4,680,3
4,681,4
4,682,3
4,683,1
4,684,5
4,685,3
4,686,2
4,687,3
4,688,2
4,689,5
4,690,5
4,691,2
4,692,2
4,693,5
4,695,4
4,696,1
4,697,5
4,699,2
4,701,2
4,702,4
4,705,4
4,706,3
4,707,1
4,708,3
4,710,4
4,711,1
4,712,4
4,713,2
4,714,5
4,715,2
4,716,5
4,717,5
4,718,3
4,720,3
4,721,1
4,722,5
4,725,1
4,727,3
4,729,3
4,730,2
4,731,2
4,732,2
4,733,4
4,735,5
4,736,4
4,737,3
4,739,3
4,740,3
4,741,3
4,742,4
4,743,1
4,744,2
4,745,3
4,746,5
4,748,4
4,749,3
4,750,4
4,751,3
4,754,3
4,756,3
4,757,5
4,760,1
4,762,5
4,763,1
4,764,3
4,766,1
4,767,1
4,768,4
4,769,5
4,770,1
4,771,4
4,772,2
4,774,4
4,775,3
4,777,5
4,779,5
4,780,4
4,782,5
4,783,4
4,785,3
4,786,2
4,788,3
4,789,3
4,790,4
4,791,3
4,792,3
4,793,2
4,794,1
4,798,2
4,799,1
4,800,4
4,801,2
4,802,2
4,806,3
4,807,4
4,808,4
4,809,4
4,810,5
4,811,1
4,812,4
4,813,1
4,815,5
4,816,4
4,817,2
4,819,2
4,820,3
4,822,1
4,823,2
4,824,4
4,825,5
4,826,2
4,827,4
4,828,3
4,830,1
4,831,4
4,832,5
4,834,4
4,835,4
4,836,4
4,837,2
4,838,2
4,840,5
4,841,3
4,842,2
4,843,4
4,845,2
4,846,3
4,847,2
4,848,2
4,849,4
4,850,4
4,851,5
4,852,3
4,854,2
4,855,1
4,856,5
4,857,2
4,858,5
4,859,3
4,861,1
4,863,4
4,864,2
4,865,5
4,866,1
4,867,3
4,868,4
4,871,2
4,872,1
4,873,3
4,874,1
4,875,2
4,877,5
4,878,2
4,881,4
4,882,2
4,883,1
4,884,5
4,885,2
4,889,4
4,890,4
4,891,5
4,892,4
4,893,2
4,894,5
4,895,1
4,896,5
4,898,5
4,899,2
4,900,3
4,901,2
4,903,4
4,904,4
4,905,1
4,906,4
4,908,5
4,909,1
4,910,3
4,911,1
4,912,1
4,913,4
4,914,5
4,917,4
4,918,1
4,919,5
4,921,2
4,922,3
4,924,4
4,925,3
4,926,1
4,927,4
4,928,5
4,930,1
4,931,5
4,932,2
4,933,5
4,936,3
4,940,1
4,941,5
4,942,3
4,944,1
4,945,3
4,946,5
4,947,4
4,949,1
4,950,2
4,952,5
4,954,5
4,955,4
4,956,2
4,957,4
4,958,5
4,959,5
4,960,3
4,962,5
4,964,2
4,966,1
4,967,3
4,968,3
4,969,3
4,970,1
4,972,2
4,973,4
4,974,1
4,975,2
4,977,5
4,978,4
4,979,1
4,980,2
4,981,4
4,983,4
4,984,5
4,985,5
4,986,3
4,987,2
4,989,2
4,990,3
4,991,2
4,992,1
4,994,1
4,995,3
4,996,1
4,998,1
4,999,4
4,1000,2
4,1002,4
4,1005,2
4,1006,1
4,1007,2
4,1008,4
4,1011,1
4,1012,5
4,1014,2
4,1017,2
4,1018,3
4,1019,3
4,1021,1
4,1022,5
4,1023,3
4,1024,3
4,1025,5
4,1026,4
4,1027,5
4,1028,5
4,1029,5
4,1030,5
4,1031,1
4,1032,1
4,1033,3
4,1034,4
4,1035,2
4,1036,5
4,1037,4
4,1038,5
4,1039,2
4,1041,3
4,1042,1
4,1043,5
4,1044,3
4,1045,1
4,1047,5
4,1049,3
4,1050,1
4,1051,3
4,1052,2
4,1053,5
4,1054,4
4,1055,1
4,1056,3
4,1057,1
4,1058,1
4,1059,4
4,1060,2
4,1061,2
4,1062,2
4,1063,5
4,1064,5
4,1065,1
4,1066,2
4,1067,1
4,1068,3
4,1069,4
4,1070,5
4,1071,3
4,1072,5
4,1073,4
4,1074,3
4,1075,2
4,1076,4
4,1077,5
4,1078,2
4,1079,3
4,1080,3
4,1081,1
4,1082,3
4,1083,5
4,1085,4
4,1087,2
4,1088,4
4,1090,1
4,1091,2
4,1093,5
4,1094,5
4,1095,1
4,1096,1
4,1097,4
4,1099,4
4,1100,4
4,1101,4
4,1103,4
4,1105,2
4,1106,2
4,1108,2
4,1109,2
4,1110,1
4,1111,5
4,1113,3
4,1114,4
4,1116,3
4,1117,2
4,1118,4
4,1119,4
4,1120,2
4,1121,1
4,1122,2
4,1123,2
4,1124,3
4,1126,4
4,1127,4
4,1129,1
4,1130,4
4,1131,3
4,1132,3
4,1133,4
4,1134,4
4,1137,4
4,1139,1
4,1140,5
4,1141,5
4,1142,4
4,1143,4
4,1144,5
4,1145,4
4,1146,1
4,1147,3
4,1148,2
4,1151,5
4,1152,1
4,1153,5
4,1154,1
4,1156,1
4,1157,2
4,1158,4
4,1159,1
4,1161,3
4,1162,4
4,1163,5
4,1164,1
4,1165,5
4,1166,2
4,1168,5
4,1169,4
4,1170,5
4,1171,5
4,1172,5
4,1173,2
4,1174,1
4,1175,1
4,1176,4
4,1177,1
4,1180,1
4,1181,4
4,1182,3
4,1183,1
4,1184,3
4,1185,4
4,1186,2
4,1188,1
4,1189,1
4,1192,5
4,1193,3
4,1194,3
4,1195,1
4,1196,1
4,1197,4
4,1198,5
4,1200,4
4,1201,4
4,1202,4
4,1203,2
4,1205,3
4,1207,5
4,1208,5
4,1209,5
4,1212,5
4,1214,3
4,1215,3
4,1216,2
4,1220,4
4,1221,2
4,1222,2
4,1223,4
4,1224,4
4,1226,3
4,1228,4
4,1229,2
4,1230,3
4,1231,1
4,1232,1
4,1233,4
4,1234,2
4,1235,2
4,1237,3
4,1239,4
4,1240,1
4,1241,2
4,1242,3
4,1243,5
4,1244,5
4,1246,2
4,1248,3
4,1249,4
4,1250,1
4,1252,4
4,1253,1
4,1254,2
4,1255,3
4,1257,3
4,1258,5
4,1259,5
4,1260,3
4,1261,4
4,1262,5
4,1263,3
4,1265,5
4,1266,4
4,1269,2
4,1270,1
4,1271,3
4,1272,2
4,1273,1
4,1274,1
4,1276,4
4,1278,4
4,1280,3
4,1281,2
4,1287,1
4,1288,5
4,1289,2
4,1290,2
4,1293,4
4,1294,1
4,1295,3
4,1296,1
4,1297,2
4,1298,5
4,1299,3
4,1301,1
4,1302,1
4,1303,4
4,1304,4
4,1306,4
4,1307,3
4,1308,3
4,1309,4
4,1310,3
4,1311,4
4,1313,2
4,1314,5
4,1316,1
4,1317,2
4,1318,1
4,1319,4
4,1320,3
4,1322,1
4,1323,4
4,1324,5
4,1325,3
4,1326,3
4,1329,1
4,1330,2
4,1334,1
4,1335,5
4,1336,2
4,1337,3
4,1338,2
4,1339,4
4,1340,2
4,1341,3
4,1342,2
4,1344,5
4,1345,1
4,1346,4
4,1348,2
4,1350,1
4,1351,1
4,1352,4
4,1353,3
4,1354,4
4,1355,5
4,1356,4
4,1357,4
4,1358,2
4,1359,1
4,1360,1
4,1362,3
4,1363,3
4,1364,2
4,1365,2
4,1366,1
4,1369,1
4,1371,2
4,1372,5
4,1373,5
4,1376,5
4,1377,1
4,1379,4
4,1381,2
4,1382,5
4,1384,5
4,1385,1
4,1386,3
4,1388,2
4,1389,1
4,1390,5
4,1391,3
4,1392,5
4,1393,1
4,1394,3
4,1395,1
4,1396,1
4,1398,2
4,1399,2
4,1400,4
4,1401,3
4,1402,4
4,1404,4
4,1405,2
4,1407,3
4,1408,5
4,1410,2
4,1411,4
4,1412,5
4,1413,1
4,1414,1
4,1415,4
4,1417,5
4,1418,3
4,1419,3
4,1420,2
4,1421,4
4,1422,3
4,1423,4
4,1424,2
4,1425,2
4,1426,3
4,1427,4
4,1428,4
4,1429,2
4,1430,5
4,1431,2
4,1432,4
4,1433,5
4,1434,3
4,1435,1
4,1436,1
4,1438,2
4,1439,5
4,1440,5
4,1441,1
4,1442,5
4,1444,1
4,1445,3
4,1446,2
4,1447,2
4,1448,4
4,1449,1
4,1451,3
4,1452,2
4,1453,5
4,1454,5
4,1455,1
4,1456,2
4,1457,5
4,1458,3
4,1459,1
4,1460,5
4,1461,2
4,1462,1
4,1464,5
4,1465,1
4,1467,3
4,1468,3
4,1469,2
4,1472,4
4,1473,5
4,1474,4
4,1475,4
4,1476,2
4,1477,4
4,1478,3
4,1479,3
4,1481,2
4,1482,2
4,1483,3
4,1484,5
4,1485,3
4,1487,4
4,1488,4
4,1489,1
4,1490,5
4,1491,2
4,1492,2
4,1493,3
4,1494,5
4,1496,2
4,1497,4
4,1498,4
4,1499,4
4,1500,1
4,1501,2
4,1502,2
4,1503,2
4,1504,3
4,1505,5
4,1506,4
4,1507,3
4,1508,4
4,1509,1
4,1510,5
4,1511,4
4,1512,3
4,1513,3
4,1514,5
4,1515,5
4,1516,3
4,1517,4
4,1518,4
4,1519,3
4,1523,4
4,1524,2
4,1526,1
4,1527,3
4,1528,1
4,1529,5
4,1530,1
4,1531,1
4,1532,4
4,1533,3
4,1534,3
4,1535,1
4,1537,1
4,1538,5
4,1539,5
4,1540,1
4,1541,2
4,1542,2
4,1543,2
4,1544,3
4,1545,1
4,1546,2
4,1547,4
4,1548,1
4,1549,4
4,1550,5
4,1551,4
4,1552,4
4,1553,5
4,1554,5
4,1555,3
4,1556,1
4,1559,5
4,1560,4
4,1561,4
4,1562,2
4,1563,1
4,1564,1
4,1565,3
4,1566,2
4,1567,5
4,1568,4
4,1569,3
4,1570,1
4,1571,1
4,1572,4
4,1573,3
4,1575,2
4,1576,3
4,1577,2
4,1578,1
4,1580,3
4,1581,3
4,1582,4
4,1583,3
4,1585,1
4,1586,4
4,1587,5
4,1588,2
4,1589,3
4,1591,4
4,1592,2
4,1593,5
4,1595,4
4,1596,2
4,1597,5
4,1598,3
4,1600,5
4,1601,4
4,1602,2
4,1603,1
4,1604,2
4,1605,5
4,1607,2
4,1608,4
4,1609,4
4,1611,3
4,1612,5
4,1613,5
4,1614,4
4,1615,2
4,1617,1
4,1618,2
4,1619,2
4,1620,1
4,1621,4
4,1623,2
4,1624,4
4,1625,3
4,1626,2
4,1627,4
4,1629,4
4,1630,1
4,1632,2
4,1633,2
4,1635,3
4,1636,4
4,1637,5
4,1638,2
4,1640,4
4,1641,2
4,1642,2
4,1643,1
4,1644,4
4,1645,4
4,1647,1
4,1648,1
4,1650,1
4,1651,5
4,1652,3
4,1653,4
4,1654,4
4,1656,2
4,1657,2
4,1658,2
4,1659,2
4,1660,3
4,1661,5
4,1662,3
4,1663,3
4,1664,1
4,1665,2
4,1666,5
4,1667,2
4,1669,5
4,1670,1
4,1671,2
4,1674,1
4,1675,4
4,1676,2
4,1677,1
4,1679,2
4,1680,2
4,1681,5
4,1683,2
4,1684,2
4,1685,1
4,1686,1
4,1687,4
4,1688,4
4,1689,1
4,1690,2
4,1691,2
4,1692,3
4,1694,3
4,1696,5
4,1697,4
4,1698,2
4,1700,4
4,1703,1
4,1704,4
4,1705,3
4,1706,4
4,1707,4
4,1708,3
4,1709,4
4,1710,5
4,1711,4
4,1712,1
4,1713,2
4,1714,5
4,1716,4
4,1717,3
4,1720,4
4,1721,2
4,1722,5
4,1723,4
4,1724,3
4,1725,1
4,1726,5
4,1727,5
4,1728,1
4,1729,4
4,1730,1
4,1731,3
4,1732,1
4,1733,5
4,1734,5
4,1735,4
4,1738,4
4,1739,5
4,1741,1
4,1742,1
4,1743,5
4,1744,2
4,1745,5
4,1746,2
4,1747,4
4,1748,2
4,1750,1
4,1751,5
4,1752,1
4,1753,3
4,1754,1
4,1755,3
4,1756,5
4,1757,1
4,1758,1
4,1759,2
4,1763,4
4,1765,3
4,1767,4
4,1768,2
4,1769,5
4,1770,2
4,1771,4
4,1773,4
4,1774,1
4,1775,3
4,1776,1
4,1779,4
4,1780,3
4,1781,2
4,1782,5
4,1784,3
4,1786,2
4,1787,2
4,1788,2
4,1789,2
4,1790,2
4,1791,1
4,1792,2
4,1793,1
4,1794,2
4,1795,1
4,1797,1
4,1798,2
4,1799,1
4,1800,1
4,1801,3
4,1802,2
4,1803,3
4,1807,2
4,1808,1
4,1810,5
4,1812,2
4,1813,2
4,1814,2
4,1815,4
4,1816,1
4,1817,1
4,1818,5
4,1820,5
4,1821,1
4,1822,4
4,1823,3
4,1824,1
4,1825,2
4,1826,2
4,1827,2
4,1828,4
4,1829,5
4,1830,5
4,1831,4
4,1832,2
4,1833,5
4,1834,5
4,1835,4
4,1837,3
4,1838,1
4,1840,1
4,1841,3
4,1842,1
4,1843,2
4,1844,4
4,1845,5
4,1846,3
4,1848,3
4,1849,5
4,1850,1
4,1851,3
4,1852,3
4,1853,5
4,1854,1
4,1856,2
4,1857,1
4,1858,5
4,1860,1
4,1861,1
4,1862,3
4,1863,2
4,1865,5
4,1866,1
4,1867,5
4,1868,2
4,1869,1
4,1871,5
4,1872,1
4,1873,3
4,1874,5
4,1876,4
4,1877,3
4,1878,2
4,1880,5
4,1881,3
4,1882,4
4,1883,3
4,1884,5
4,1885,5
4,1886,3
4,1888,1
4,1889,5
4,1890,5
4,1892,3
4,1894,5
4,1895,4
4,1896,5
4,1897,5
4,1898,4
4,1899,2
4,1900,3
4,1901,4
4,1902,5
4,1903,1
4,1904,2
4,1905,5
4,1906,3
4,1907,3
4,1908,2
4,1909,5
4,1910,5
4,1911,1
4,1912,5
4,1913,5
4,1914,4
4,1915,4
4,1916,5
4,1917,2
4,1918,5
4,1919,5
4,1921,2
4,1922,1
4,1924,1
4,1925,1
4,1926,1
4,1927,4
4,1928,3
4,1929,5
4,1930,3
4,1931,5
4,1932,1
4,1934,2
4,1935,1
4,1937,3
4,1939,1
4,1941,1
4,1942,5
4,1943,1
4,1944,5
4,1945,1
4,1947,5
4,1948,2
4,1949,1
4,1950,2
4,1952,5
4,1955,5
4,1956,5
4,1957,3
4,1958,5
4,1959,5
4,1960,3
4,1961,1
4,1962,5
4,1963,1
4,1964,2
4,1965,5
4,1966,2
4,1967,1
4,1968,4
4,1969,4
4,1970,3
4,1971,5
4,1972,3
4,1973,3
4,1975,4
4,1976,4
4,1977,3
4,1978,5
4,1979,4
4,1980,3
4,1981,3
4,1982,1
4,1983,5
4,1984,3
4,1986,4
4,1987,2
4,1989,3
4,1990,3
4,1991,5
4,1992,4
4,1993,2
4,1995,4
4,1997,4
4,1998,3
4,1999,1
4,2000,5
4,2003,4
4,2006,3
4,2007,2
4,2008,3
4,2010,1
4,2012,3
4,2013,3
4,2014,1
4,2015,4
4,2016,4
4,2017,4
4,2019,4
4,2020,4
4,2021,1
4,2022,1
4,2023,4
4,2025,1
4,2026,5
4,2027,3
4,2028,4
4,2029,3
4,2030,4
4,2031,2
4,2032,3
4,2033,4
4,2034,2
4,2035,2
4,2036,3
4,2037,1
4,2038,1
4,2039,4
4,2041,2
4,2042,1
4,2043,3
4,2044,5
4,2045,3
4,2046,3
4,2048,2
4,2049,5
4,2050,1
4,2051,3
4,2052,4
4,2053,2
4,2055,1
4,2056,3
4,2057,5
4,2058,1
4,2059,5
4,2060,3
4,2061,5
4,2062,2
4,2063,3
4,2064,1
4,2065,1
4,2067,5
4,2068,3
4,2069,3
4,2070,2
4,2071,3
4,2072,1
4,2073,4
4,2074,5
4,2075,5
4,2077,3
4,2078,2
4,2079,3
4,2080,1
4,2081,1
4,2082,2
4,2083,1
4,2084,2
4,2085,3
4,2087,5
4,2089,3
4,2090,3
4,2092,5
4,2093,5
4,2094,2
4,2095,4
4,2096,2
4,2097,5
4,2098,5
4,2099,2
4,2100,5
4,2101,3
4,2102,3
4,2103,4
4,2105,2
4,2106,1
4,2107,3
4,2108,2
4,2109,1
4,2110,2
4,2111,3
4,2112,4
4,2113,2
4,2114,2
4,2115,1
4,2116,5
4,2117,2
4,2118,5
4,2120,3
4,2121,3
4,2122,3
4,2123,3
4,2124,2
4,2125,3
4,2126,5
4,2127,2
4,2128,4
4,2129,2
4,2130,3
4,2131,3
4,2132,1
4,2133,4
4,2134,3
4,2135,5
4,2136,3
4,2137,4
4,2138,5
4,2141,5
4,2142,5
4,2143,3
4,2145,4
4,2146,1
4,2147,3
4,2149,3
4,2150,3
4,2151,5
4,2153,4
4,2155,4
4,2156,2
4,2157,2
4,2160,1
4,2161,1
4,2162,5
4,2163,3
4,2164,1
4,2165,1
4,2166,1
4,2167,1
4,2169,3
4,2170,3
4,2171,1
4,2173,4
4,2176,1
4,2177,4
4,2178,3
4,2180,1
4,2182,3
4,2183,4
4,2184,5
4,2185,3
4,2186,2
4,2187,1
4,2188,2
4,2189,3
4,2190,5
4,2192,2
4,2193,2
4,2194,1
4,2195,1
4,2196,2
4,2197,2
4,2198,2
4,2199,3
4,2201,1
4,2203,3
4,2205,3
4,2206,2
4,2208,2
4,2209,4
4,2210,5
4,2211,4
4,2212,2
4,2213,1
4,2215,3
4,2216,2
4,2217,2
4,2218,1
4,2219,2
4,2220,1
4,2221,2
4,2222,1
4,2223,4
4,2224,3
4,2227,5
4,2228,4
4,2229,3
4,2230,5
4,2231,1
4,2232,5
4,2233,1
4,2234,1
4,2236,5
4,2237,4
4,2238,4
4,2239,3
4,2241,3
4,2243,1
4,2244,1
4,2245,5
4,2246,3
4,2247,2
4,2248,5
4,2249,3
4,2250,1
4,2251,3
4,2253,2
4,2254,2
4,2255,2
4,2256,4
4,2257,5
4,2258,1
4,2259,3
4,2260,4
4,2261,5
4,2262,2
4,2263,1
4,2265,1
4,2266,2
4,2267,5
4,2268,3
4,2269,2
4,2270,1
4,2271,4
4,2272,5
4,2273,2
4,2275,3
4,2276,2
4,2277,4
4,2278,5
4,2279,3
4,2280,2
4,2281,4
4,2282,5
4,2283,2
4,2284,5
4,2286,3
4,2287,3
4,2288,1
4,2289,5
4,2290,1
4,2292,2
4,2293,4
4,2294,2
4,2295,5
4,2296,5
4,2297,3
4,2298,1
4,2299,5
4,2300,3
4,2301,5
4,2302,5
4,2303,4
4,2304,3
4,2305,2
4,2306,3
4,2307,5
4,2308,3
4,2309,2
4,2310,5
4,2312,1
4,2313,4
4,2315,4
4,2316,2
4,2317,5
4,2318,1
4,2319,4
4,2322,5
4,2323,2
4,2325,5
4,2326,1
4,2327,5
4,2328,5
4,2330,3
4,2332,5
4,2333,4
4,2334,3
4,2335,1
4,2336,3
4,2337,4
4,2340,1
4,2341,3
4,2342,4
4,2343,3
4,2344,1
4,2345,2
4,2346,1
4,2347,4
4,2349,3
4,2350,1
4,2351,4
4,2353,4
4,2354,1
4,2356,1
4,2357,3
4,2358,5
4,2359,3
4,2360,5
4,2362,1
4,2364,1
4,2365,1
4,2366,1
4,2367,2
4,2369,2
4,2372,1
4,2373,4
4,2374,2
4,2375,1
4,2376,2
4,2378,1
4,2379,3
4,2380,4
4,2381,2
4,2382,5
4,2383,1
4,2384,5
4,2385,1
4,2386,2
4,2388,1
4,2391,4
4,2392,2
4,2393,1
4,2395,3
4,2399,4
4,2400,1
4,2402,5
4,2403,2
4,2404,2
4,2405,5
4,2406,5
4,2407,2
4,2408,4
4,2409,3
4,2410,1
4,2411,1
4,2412,3
4,2413,2
4,2414,1
4,2417,5
4,2418,2
4,2419,1
4,2420,1
4,2421,1
4,2422,2
4,2423,5
4,2424,3
4,2425,2
4,2426,1
4,2427,5
4,2429,3
4,2430,5
4,2432,1
4,2435,1
4,2436,5
4,2437,4
4,2438,3
4,2439,2
4,2440,5
4,2441,5
4,2444,5
4,2446,3
4,2448,5
4,2449,4
4,2450,4
4,2451,4
4,2452,4
4,2454,4
4,2455,2
4,2456,3
4,2457,3
4,2458,5
4,2460,5
4,2462,4
4,2463,1
4,2465,4
4,2468,3
4,2469,3
4,2472,4
4,2473,5
4,2474,2
4,2475,2
4,2476,2
4,2477,4
4,2478,4
4,2479,3
4,2481,1
4,2482,3
4,2483,1
4,2484,2
4,2487,2
4,2488,4
4,2489,4
4,2490,2
4,2492,2
4,2495,3
4,2496,2
4,2497,5
4,2498,4
4,2500,5
4,2502,1
4,2507,2
4,2508,4
4,2509,3
4,2510,5
4,2511,5
4,2512,5
4,2514,2
4,2515,3
4,2516,5
4,2517,5
4,2518,4
4,2520,5
4,2521,2
4,2522,2
4,2523,1
4,2524,4
4,2525,2
4,2526,2
4,2528,3
4,2529,2
4,2530,4
4,2531,5
4,2532,2
4,2533,4
4,2534,5
4,2535,3
4,2536,2
4,2537,3
4,2539,3
4,2541,5
4,2543,4
4,2544,5
4,2545,5
4,2548,4
4,2549,5
4,2550,4
4,2551,4
4,2552,2
4,2553,4
4,2554,3
4,2555,2
4,2558,5
4,2559,4
4,2560,2
4,2561,3
4,2562,4
4,2564,1
4,2565,4
4,2566,4
4,2567,3
4,2568,4
4,2569,4
4,2570,5
4,2571,1
4,2572,2
4,2573,4
4,2574,1
4,2575,2
4,2576,3
4,2577,3
4,2578,5
4,2579,5
4,2580,5
4,2581,2
4,2582,2
4,2583,2
4,2584,4
4,2585,1
4,2586,2
4,2587,3
4,2588,5
4,2589,1
4,2590,4
4,2591,4
4,2592,5
4,2593,1
4,2594,1
4,2595,5
4,2596,1
4,2598,4
4,2600,3
4,2601,3
4,2603,1
4,2604,3
4,2605,4
4,2607,2
4,2608,3
4,2612,4
4,2615,4
4,2616,5
4,2617,4
4,2619,2
4,2620,2
4,2621,5
4,2622,4
4,2624,5
4,2627,2
4,2628,1
4,2629,3
4,2630,2
4,2631,3
4,2632,1
4,2633,3
4,2634,1
4,2635,2
4,2636,1
4,2637,2
4,2639,5
4,2640,2
4,2641,2
4,2642,2
4,2645,3
4,2647,4
4,2648,5
4,2649,3
4,2650,4
4,2651,3
4,2652,3
4,2653,2
4,2654,1
4,2655,2
4,2656,3
4,2657,3
4,2659,5
4,2661,2
4,2664,1
4,2665,4
4,2666,1
4,2667,1
4,2668,3
4,2669,5
4,2670,3
4,2671,5
4,2673,3
4,2674,1
4,2675,1
4,2676,5
4,2677,2
4,2678,5
4,2679,4
4,2680,3
4,2683,4
4,2684,3
4,2685,4
4,2686,5
4,2687,3
4,2688,5
4,2689,2
4,2690,5
4,2692,2
4,2693,4
4,2695,4
4,2696,3
4,2697,3
4,2699,2
4,2700,5
4,2701,3
4,2703,5
4,2705,2
4,2706,4
4,2707,3
4,2708,5
4,2709,2
4,2710,3
4,2712,4
4,2713,5
4,2715,4
4,2716,5
4,2717,3
4,2719,4
4,2720,5
4,2722,5
4,2723,5
4,2724,2
4,2725,5
4,2726,3
4,2727,2
4,2728,1
4,2729,5
4,2730,3
4,2731,1
4,2732,2
4,2733,1
4,2735,5
4,2736,4
4,2737,4
4,2738,4
4,2739,1
4,2741,2
4,2742,1
4,2743,3
4,2744,1
4,2745,1
4,2746,2
4,2747,3
4,2748,2
4,2750,5
4,2751,2
4,2752,4
4,2753,5
4,2754,3
4,2755,4
4,2756,3
4,2757,4
4,2758,2
4,2761,1
4,2762,5
4,2765,4
4,2768,4
4,2769,1
4,2770,2
4,2771,2
4,2773,2
4,2774,5
4,2775,3
4,2776,5
4,2777,4
4,2778,5
4,2779,1
4,2780,5
4,2781,2
4,2784,2
4,2785,2
4,2786,3
4,2787,1
4,2788,2
4,2790,4
4,2792,3
4,2793,4
4,2794,1
4,2795,5
4,2796,5
4,2797,5
4,2799,5
4,2800,5
4,2801,5
4,2802,3
4,2804,2
4,2805,2
4,2806,2
4,2808,2
4,2809,3
4,2810,4
4,2811,5
4,2812,2
4,2813,2
4,2814,3
4,2815,1
4,2816,5
4,2817,1
4,2818,2
4,2820,5
4,2821,2
4,2822,2
4,2823,5
4,2825,4
4,2826,4
4,2827,4
4,2829,4
4,2830,5
4,2831,1
4,2832,1
4,2833,2
4,2834,3
4,2835,2
4,2837,5
4,2838,1
4,2840,1
4,2841,2
4,2843,2
4,2844,3
4,2846,2
4,2847,5
4,2848,1
4,2850,1
4,2851,4
4,2852,5
4,2853,2
4,2855,2
4,2856,2
4,2857,3
4,2860,4
4,2861,1
4,2862,1
4,2863,4
4,2865,2
4,2867,4
4,2869,1
4,2870,2
4,2871,4
4,2872,3
4,2873,4
4,2874,4
4,2875,5
4,2876,5
4,2879,1
4,2880,5
4,2881,2
4,2882,4
4,2883,5
4,2884,2
4,2886,4
4,2887,3
4,2888,1
4,2889,3
4,2890,1
4,2891,4
4,2893,2
4,2896,5
4,2897,5
4,2898,3
4,2899,3
4,2900,5
4,2902,4
4,2903,5
4,2904,2
4,2905,2
4,2906,2
4,2907,1
4,2908,3
4,2909,5
4,2910,1
4,2911,5
4,2913,1
4,2914,3
4,2915,4
4,2916,4
4,2917,1
4,2918,4
4,2919,4
4,2920,2
4,2921,4
4,2922,5
4,2926,5
4,2927,1
4,2928,1
4,2929,5
4,2931,1
4,2932,5
4,2933,2
4,2935,3
4,2937,5
4,2938,1
4,2939,3
4,2941,1
4,2942,3
4,2943,2
4,2944,5
4,2945,1
4,2946,3
4,2947,5
4,2948,5
4,2951,2
4,2952,4
4,2953,1
4,2954,4
4,2955,4
4,2956,1
4,2957,2
4,2958,2
4,2960,2
4,2962,5
4,2964,1
4,2965,4
4,2966,1
4,2968,3
4,2969,1
4,2970,4
4,2971,3
4,2972,3
4,2973,3
4,2974,1
4,2975,3
4,2977,5
4,2978,3
4,2979,5
4,2980,3
4,2981,2
4,2982,4
4,2983,1
4,2984,4
4,2985,3
4,2986,2
4,2987,4
4,2988,5
4,2989,2
4,2991,2
4,2993,1
4,2994,2
4,2998,5
4,3000,5
4,3001,1
4,3002,3
4,3003,5
4,3004,1
4,3005,3
4,3006,5
4,3007,2
4,3009,1
4,3011,4
4,3012,4
4,3013,1
4,3014,1
4,3015,1
4,3016,4
4,3018,5
4,3019,5
4,3021,4
4,3023,4
4,3024,5
4,3025,2
4,3026,2
4,3027,2
4,3028,2
4,3030,1
4,3032,5
4,3033,1
4,3034,1
4,3035,4
4,3036,5
4,3037,1
4,3038,5
4,3039,5
4,3040,4
4,3041,5
4,3042,1
4,3043,3
4,3045,2
4,3046,2
4,3047,5
4,3048,1
4,3050,3
4,3051,3
4,3052,4
4,3053,4
4,3054,4
4,3056,3
4,3057,1
4,3058,3
4,3060,2
4,3061,1
4,3062,3
4,3063,5
4,3064,5
4,3065,1
4,3066,1
4,3067,2
4,3068,2
4,3070,1
4,3071,2
4,3073,2
4,3074,1
4,3075,2
4,3076,2
4,3077,2
4,3078,2
4,3079,1
4,3080,2
4,3081,4
4,3082,3
4,3083,1
4,3084,5
4,3085,5
4,3086,5
4,3087,5
4,3089,5
4,3090,4
4,3092,1
4,3094,4
4,3095,4
4,3097,4
4,3098,1
4,3099,3
4,3100,4
4,3101,5
4,3102,5
4,3103,2
4,3104,4
4,3105,1
4,3106,5
4,3107,1
4,3108,4
4,3112,5
4,3113,5
4,3114,1
4,3115,4
4,3116,2
4,3117,5
4,3118,2
4,3119,5
4,3120,4
4,3122,4
4,3125,4
4,3126,3
4,3128,2
4,3130,5
4,3131,4
4,3132,1
4,3133,3
4,3134,5
4,3135,5
4,3136,1
4,3140,5
4,3141,2
4,3142,3
4,3143,1
4,3144,1
4,3146,5
4,3147,4
4,3148,3
4,3150,5
4,3152,2
4,3153,5
4,3155,5
4,3156,4
4,3157,2
4,3158,2
4,3159,1
4,3161,3
4,3162,1
4,3163,1
4,3164,3
4,3165,3
4,3166,4
4,3167,3
4,3168,4
4,3170,3
4,3171,2
4,3173,5
4,3174,5
4,3175,3
4,3176,1
4,3178,5
4,3180,4
4,3181,2
4,3183,4
4,3184,1
4,3185,2
4,3186,3
4,3187,4
4,3188,5
4,3190,1
4,3191,2
4,3194,2
4,3195,3
4,3196,1
4,3198,1
4,3199,3
4,3200,2
4,3202,3
4,3203,4
4,3205,3
4,3206,2
4,3208,1
4,3209,2
4,3210,3
4,3211,5
4,3212,1
4,3214,3
4,3215,5
4,3216,2
4,3217,1
4,3218,2
4,3219,3
4,3220,4
4,3221,2
4,3222,3
4,3223,2
4,3225,4
4,3226,4
4,3227,1
4,3228,2
4,3229,3
4,3231,5
4,3234,4
4,3235,5
4,3238,1
4,3240,3
4,3242,3
4,3243,1
4,3244,4
4,3245,2
4,3246,1
4,3247,3
4,3248,5
4,3249,4
4,3250,3
4,3252,3
4,3255,3
4,3256,3
4,3259,2
4,3260,3
4,3261,5
4,3265,4
4,3266,4
4,3267,5
4,3268,4
4,3269,2
4,3270,5
4,3272,4
4,3273,5
4,3274,1
4,3275,5
4,3276,3
4,3277,4
4,3278,1
4,3279,3
4,3280,4
4,3283,3
4,3284,5
4,3286,1
4,3287,5
4,3288,1
4,3289,2
4,3290,5
4,3291,2
4,3292,1
4,3293,3
4,3295,4
4,3296,3
4,3297,3
4,3298,4
4,3299,3
4,3301,4
4,3302,2
4,3303,1
4,3304,4
4,3305,5
4,3308,1
4,3309,4
4,3310,4
4,3311,3
4,3312,2
4,3313,3
4,3314,2
4,3315,3
4,3316,3
4,3317,1
4,3318,5
4,3319,4
4,3321,4
4,3322,5
4,3323,1
4,3324,4
4,3325,5
4,3326,4
4,3327,4
4,3328,3
4,3329,5
4,3330,5
4,3331,5
4,3332,3
4,3333,3
4,3334,5
4,3337,1
4,3339,5
4,3340,4
4,3341,4
4,3342,3
4,3343,1
4,3344,1
4,3345,2
4,3346,1
4,3347,3
4,3348,1
4,3350,3
4,3353,1
4,3356,4
4,3358,1
4,3360,5
4,3361,1
4,3362,2
4,3364,1
4,3365,2
4,3366,3
4,3367,2
4,3368,1
4,3369,5
4,3370,4
4,3372,3
4,3373,5
4,3374,3
4,3376,3
4,3378,5
4,3379,3
4,3380,4
4,3381,4
4,3383,3
4,3384,4
4,3385,3
4,3386,2
4,3387,1
4,3388,3
4,3389,4
4,3390,4
4,3391,3
4,3392,2
4,3393,3
4,3394,5
4,3395,3
4,3396,1
4,3397,1
4,3398,5
4,3399,2
4,3400,2
4,3401,3
4,3402,3
4,3403,1
4,3404,3
4,3405,1
4,3406,3
4,3407,1
4,3408,5
4,3409,3
4,3410,3
4,3411,5
4,3413,2
4,3414,1
4,3415,5
4,3416,5
4,3417,1
4,3418,5
4,3419,3
4,3420,3
4,3422,2
4,3423,3
4,3424,4
4,3425,3
4,3427,5
4,3428,5
4,3429,4
4,3430,3
4,3431,2
4,3432,3
4,3433,5
4,3434,1
4,3436,3
4,3439,1
4,3440,3
4,3441,4
4,3445,4
4,3447,1
4,3448,4
4,3449,2
4,3450,1
4,3451,5
4,3452,3
4,3453,1
4,3455,4
4,3456,2
4,3457,5
4,3458,3
4,3459,5
4,3460,4
4,3462,4
4,3463,1
4,3464,3
4,3465,2
4,3466,5
4,3467,4
4,3469,3
4,3471,1
4,3472,2
4,3473,3
4,3474,5
4,3475,4
4,3478,4
4,3479,3
4,3480,4
4,3485,4
4,3486,1
4,3488,5
4,3489,2
4,3490,2
4,3492,5
4,3493,1
4,3494,1
4,3495,4
4,3496,3
4,3497,2
4,3498,1
4,3499,1
4,3500,2
4,3501,1
4,3502,1
4,3503,4
4,3504,1
4,3505,1
4,3506,5
4,3507,3
4,3509,4
4,3510,3
4,3511,4
4,3512,1
4,3513,4
4,3514,2
4,3517,2
4,3519,4
4,3520,4
4,3521,4
4,3522,2
4,3523,2
4,3524,1
4,3525,3
4,3526,4
4,3528,5
4,3529,5
4,3530,5
4,3531,1
4,3532,1
4,3535,1
4,3536,2
4,3537,2
4,3538,1
4,3539,3
4,3540,3
4,3541,5
4,3542,2
4,3543,1
4,3544,2
4,3545,1
4,3546,1
4,3547,3
4,3548,4
4,3549,1
4,3550,3
4,3554,5
4,3555,3
4,3556,5
4,3557,5
4,3559,2
4,3560,1
4,3561,1
4,3562,5
4,3563,2
4,3565,5
4,3566,1
4,3567,1
4,3568,4
4,3569,3
4,3571,2
4,3572,5
4,3574,5
4,3575,5
4,3577,3
4,3578,2
4,3579,2
4,3580,1
4,3581,5
4,3584,1
4,3585,2
4,3586,4
4,3587,2
4,3588,4
4,3589,3
4,3590,4
4,3591,3
4,3592,3
4,3595,3
4,3597,3
4,3598,4
4,3599,3
4,3600,1
4,3601,3
4,3602,1
4,3603,3
4,3604,1
4,3605,1
4,3607,1
4,3608,2
4,3609,2
4,3610,4
4,3611,3
4,3612,2
4,3614,3
4,3615,3
4,3616,4
4,3618,5
4,3619,3
4,3620,2
4,3621,2
4,3622,1
4,3623,1
4,3624,4
4,3625,3
4,3626,4
4,3628,3
4,3630,1
4,3631,1
4,3632,2
4,3633,4
4,3634,2
4,3635,1
4,3636,1
4,3637,3
4,3638,1
4,3639,3
4,3640,3
4,3642,3
4,3643,3
4,3644,1
4,3645,3
4,3646,4
4,3650,2
4,3651,4
4,3652,3
4,3653,3
4,3654,2
4,3656,3
4,3657,3
4,3658,3
4,3659,2
4,3660,3
4,3661,2
4,3662,4
4,3665,1
4,3666,5
4,3667,2
4,3668,3
4,3670,4
4,3671,3
4,3673,4
4,3674,2
4,3675,5
4,3676,4
4,3677,5
4,3678,4
4,3680,3
4,3681,5
4,3683,2
4,3684,2
4,3685,1
4,3687,2
4,3688,4
4,3689,3
4,3691,4
4,3692,3
4,3693,4
4,3694,1
4,3695,5
4,3697,3
4,3698,4
4,3699,2
4,3700,3
4,3701,1
4,3702,4
4,3703,3
4,3704,2
4,3705,2
4,3706,1
4,3708,5
4,3709,2
4,3710,5
4,3711,2
4,3712,1
4,3713,2
4,3714,1
4,3715,2
4,3716,3
4,3717,2
4,3718,1
4,3719,3
4,3720,2
4,3721,5
4,3722,1
4,3723,2
4,3724,5
4,3726,3
4,3727,1
4,3728,4
4,3729,5
4,3730,3
4,3731,5
4,3732,2
4,3733,2
4,3735,1
4,3736,3
4,3737,1
4,3738,2
4,3739,4
4,3740,3
4,3741,5
4,3742,2
4,3743,1
4,3746,3
4,3747,2
4,3748,5
4,3749,3
4,3750,5
4,3752,4
4,3753,1
4,3754,5
4,3755,1
4,3756,5
4,3758,4
4,3760,2
4,3761,1
4,3762,2
4,3763,1
4,3764,5
4,3766,4
4,3768,5
4,3769,1
4,3772,1
4,3773,4
4,3774,2
4,3775,3
4,3776,5
4,3777,4
4,3778,2
4,3779,2
4,3780,5
4,3781,1
4,3782,1
4,3783,3
4,3785,3
4,3786,2
4,3787,4
4,3788,1
4,3789,1
4,3790,5
4,3791,5
4,3792,4
4,3793,2
4,3794,3
4,3795,5
4,3796,5
4,3797,4
4,3798,2
4,3799,4
4,3800,4
4,3801,4
4,3802,2
4,3803,3
4,3804,3
4,3805,4
4,3806,3
4,3807,1
4,3808,1
4,3809,4
4,3810,4
4,3812,5
4,3813,3
4,3814,3
4,3815,5
4,3816,3
4,3817,3
4,3818,1
4,3819,4
4,3820,4
4,3821,4
4,3822,5
4,3823,2
4,3824,5
4,3826,4
4,3827,1
4,3829,3
4,3830,2
4,3834,3
4,3835,3
4,3836,2
4,3837,3
4,3838,3
4,3841,3
4,3844,3
4,3845,3
4,3846,2
4,3847,1
4,3848,2
4,3849,3
4,3850,3
4,3851,1
4,3852,2
4,3853,1
4,3854,3
4,3855,4
4,3857,3
4,3860,2
4,3861,2
4,3862,1
4,3864,2
4,3866,5
4,3867,1
4,3868,5
4,3869,2
4,3871,2
4,3872,3
4,3873,2
4,3874,5
4,3875,2
4,3876,2
4,3877,5
4,3878,4
4,3880,4
4,3882,1
4,3884,3
4,3885,3
4,3886,3
4,3887,5
4,3888,1
4,3889,1
4,3890,3
4,3891,1
4,3893,5
4,3894,2
4,3895,2
4,3896,2
4,3897,1
4,3898,4
4,3899,3
4,3900,5
4,3901,3
4,3903,4
4,3904,3
4,3905,3
4,3906,3
4,3907,3
4,3909,5
4,3911,1
4,3912,1
4,3914,1
4,3915,5
4,3916,3
4,3917,4
4,3918,2
4,3919,3
4,3921,1
4,3922,2
4,3923,3
4,3924,5
4,3925,2
4,3926,4
4,3927,5
4,3928,3
4,3929,1
4,3930,1
4,3931,3
4,3932,4
4,3933,4
4,3934,5
4,3935,4
4,3936,2
4,3937,1
4,3938,2
4,3939,2
4,3940,3
4,3942,3
4,3943,5
4,3944,1
4,3945,5
4,3946,5
4,3947,5
4,3948,5
4,3949,2
4,3950,5
4,3951,1
4,3952,1
4,3953,4
4,3954,3
4,3955,4
4,3957,3
4,3958,2
4,3959,5
4,3960,4
4,3961,1
4,3962,1
4,3964,4
4,3965,4
4,3966,4
4,3967,3
4,3970,2
4,3971,2
4,3972,3
4,3973,3
4,3974,2
4,3975,1
4,3976,4
4,3977,4
4,3978,5
4,3979,4
4,3980,3
4,3982,5
4,3983,5
4,3984,3
4,3985,4
4,3986,3
4,3987,1
4,3989,5
4,3990,1
4,3991,1
4,3992,5
4,3993,2
4,3995,2
4,3996,2
4,3997,1
4,3998,3
4,3999,5
4,4002,4
4,4003,4
4,4007,1
4,4008,2
4,4009,5
4,4011,3
4,4012,1
4,4013,4
4,4015,5
4,4016,5
4,4017,2
4,4018,5
4,4019,3
4,4021,3
4,4022,4
4,4023,4
4,4025,2
4,4026,3
4,4027,2
4,4029,2
4,4030,4
4,4032,1
4,4033,5
4,4034,5
4,4035,1
4,4036,2
4,4037,1
4,4038,3
4,4041,3
4,4042,2
4,4043,4
4,4044,5
4,4045,3
4,4046,5
4,4047,1
4,4048,3
4,4049,4
4,4050,4
4,4051,3
4,4052,1
4,4053,4
4,4054,5
4,4055,1
4,4056,4
4,4057,5
4,4058,1
4,4059,3
4,4060,1
4,4061,3
4,4062,5
4,4063,4
4,4064,5
4,4065,2
4,4066,5
4,4067,1
4,4068,4
4,4069,3
4,4070,5
4,4071,1
4,4072,3
4,4073,4
4,4074,5
4,4075,3
4,4076,5
4,4079,4
4,4081,4
4,4082,3
4,4083,2
4,4084,2
4,4085,5
4,4086,4
4,4087,3
4,4088,1
4,4089,2
4,4090,5
4,4091,5
4,4092,3
4,4094,1
4,4095,2
4,4096,1
4,4097,5
4,4098,3
4,4099,3
4,4100,1
4,4102,3
4,4103,1
4,4104,4
4,4106,5
4,4108,4
4,4109,4
4,4110,3
4,4112,1
4,4113,3
4,4114,5
4,4115,1
4,4116,1
4,4120,2
4,4121,4
4,4122,1
4,4124,5
4,4127,5
4,4128,5
4,4130,3
4,4131,4
4,4132,5
4,4133,5
4,4135,3
4,4136,1
4,4138,5
4,4139,2
4,4140,1
4,4141,1
4,4142,5
4,4143,5
4,4147,1
4,4148,1
4,4149,3
4,4150,2
4,4151,2
4,4152,5
4,4153,1
4,4157,2
4,4158,5
4,4159,4
4,4160,5
4,4161,2
4,4163,4
4,4164,5
4,4166,1
4,4167,2
4,4168,5
4,4169,1
4,4170,3
4,4171,4
4,4172,2
4,4173,1
4,4174,2
4,4175,3
4,4176,5
4,4177,4
4,4178,3
4,4179,2
4,4180,4
4,4182,5
4,4183,5
4,4184,2
4,4186,5
4,4188,3
4,4190,1
4,4191,1
4,4192,2
4,4193,2
4,4194,2
4,4196,5
4,4197,4
4,4199,2
4,4200,4
4,4201,2
4,4202,5
4,4203,5
4,4206,5
4,4208,4
4,4209,2
4,4210,1
4,4211,1
4,4213,4
4,4214,3
4,4215,1
4,4216,3
4,4219,1
4,4221,4
4,4222,2
4,4223,1
4,4225,5
4,4227,3
4,4228,2
4,4229,3
4,4230,2
4,4231,1
4,4233,1
4,4235,5
4,4236,5
4,4238,4
4,4239,3
4,4240,1
4,4241,3
4,4242,3
4,4244,4
4,4245,4
4,4246,2
4,4248,2
4,4249,3
4,4250,1
4,4251,4
4,4252,3
4,4253,2
4,4254,5
4,4255,5
4,4256,5
4,4258,4
4,4259,4
4,4260,5
4,4261,1
4,4263,1
4,4264,1
4,4265,1
4,4267,3
4,4268,3
4,4269,5
4,4270,3
4,4272,1
4,4273,4
4,4274,4
4,4276,5
4,4277,2
4,4278,3
4,4279,4
4,4280,3
4,4281,4
4,4282,2
4,4284,2
4,4286,1
4,4287,5
4,4291,3
4,4292,5
4,4293,5
4,4294,5
4,4295,2
4,4296,2
4,4297,2
4,4298,2
4,4300,2
4,4302,1
4,4303,2
4,4304,1
4,4305,5
4,4306,5
4,4307,5
4,4308,1
4,4309,5
4,4310,1
4,4312,4
4,4313,1
4,4315,3
4,4317,5
4,4318,5
4,4320,4
4,4321,2
4,4322,5
4,4323,5
4,4324,1
4,4325,4
4,4326,5
4,4327,2
4,4330,2
4,4331,5
4,4332,2
4,4333,3
4,4334,1
4,4335,5
4,4336,4
4,4337,5
4,4338,2
4,4339,3
4,4340,5
4,4341,3
4,4344,1
4,4345,4
4,4346,5
4,4347,2
4,4348,2
4,4349,5
4,4352,5
4,4353,5
4,4354,4
4,4355,5
4,4356,4
4,4357,3
4,4358,4
4,4360,2
4,4361,3
4,4363,2
4,4364,4
4,4365,4
4,4367,5
4,4370,4
4,4371,1
4,4372,4
4,4373,1
4,4374,3
4,4375,5
4,4376,1
4,4377,2
4,4378,2
4,4379,5
4,4380,5
4,4382,2
4,4383,4
4,4385,5
4,4387,3
4,4389,5
4,4390,5
4,4391,1
4,4392,2
4,4393,1
4,4394,4
4,4395,5
4,4396,2
4,4397,5
4,4398,4
4,4399,3
4,4401,5
4,4402,5
4,4403,2
4,4404,4
4,4405,4
4,4406,5
4,4407,2
4,4408,1
4,4409,1
4,4412,1
4,4413,2
4,4414,5
4,4415,4
4,4416,3
4,4418,4
4,4419,1
4,4421,2
4,4422,1
4,4423,3
4,4424,5
4,4425,2
4,4426,2
4,4427,5
4,4428,5
4,4430,2
4,4431,3
4,4433,3
4,4436,3
4,4437,4
4,4438,5
4,4439,4
4,4440,2
4,4441,4
4,4442,1
4,4443,5
4,4444,3
4,4445,2
4,4447,1
4,4448,2
4,4449,4
4,4450,3
4,4451,5
4,4456,3
4,4457,1
4,4458,4
4,4459,1
4,4460,4
4,4461,5
4,4462,4
4,4464,4
4,4465,1
4,4466,2
4,4467,5
4,4468,3
4,4471,1
4,4473,4
4,4474,4
4,4475,2
4,4476,1
4,4478,2
4,4479,1
4,4480,2
4,4481,3
4,4482,4
4,4483,4
4,4484,2
4,4485,1
4,4486,5
4,4488,1
4,4489,5
4,4490,5
4,4491,2
4,4492,2
4,4493,1
4,4494,5
4,4495,1
4,4496,1
4,4497,4
4,4498,3
4,4499,3
4,4500,2
4,4502,4
4,4503,5
4,4504,4
4,4505,2
4,4506,5
4,4507,5
4,4509,4
4,4511,3
4,4512,5
4,4514,1
4,4516,2
4,4517,4
4,4518,2
4,4519,3
4,4520,2
4,4524,5
4,4525,1
4,4526,4
4,4527,5
4,4528,3
4,4529,5
4,4530,1
4,4531,5
4,4532,3
4,4534,2
4,4535,4
4,4536,4
4,4537,2
4,4539,2
4,4540,5
4,4542,3
4,4544,4
4,4545,1
4,4546,1
4,4547,4
4,4548,3
4,4549,5
4,4550,4
4,4551,3
4,4552,5
4,4554,2
4,4555,4
4,4558,2
4,4559,2
4,4560,2
4,4561,4
4,4562,1
4,4563,3
4,4564,4
4,4566,2
4,4567,2
4,4568,1
4,4569,1
4,4570,2
4,4571,1
4,4572,1
4,4573,3
4,4574,2
4,4577,1
4,4578,2
4,4580,3
4,4581,1
4,4583,5
4,4584,4
4,4587,3
4,4588,5
4,4589,3
4,4590,4
4,4593,5
4,4595,5
4,4598,4
4,4599,1
4,4601,2
4,4602,1
4,4603,3
4,4605,2
4,4606,4
4,4607,4
4,4609,3
4,4610,3
4,4611,1
4,4612,2
4,4613,2
4,4614,2
4,4615,1
4,4616,2
4,4618,4
4,4620,5
4,4621,3
4,4622,3
4,4623,4
4,4625,5
4,4627,2
4,4628,2
4,4630,5
4,4631,1
4,4632,5
4,4633,2
4,4634,4
4,4635,5
4,4636,4
4,4637,3
4,4638,2
4,4639,2
4,4640,1
4,4641,2
4,4642,4
4,4643,3
4,4644,1
4,4645,2
4,4647,4
4,4648,3
4,4649,4
4,4651,2
4,4652,2
4,4655,2
4,4656,1
4,4659,3
4,4660,2
4,4661,3
4,4662,1
4,4663,4
4,4665,1
4,4666,1
4,4667,4
4,4668,4
4,4669,3
4,4670,5
4,4671,3
4,4672,3
4,4674,5
4,4676,1
4,4677,4
4,4678,1
4,4679,1
4,4681,4
4,4684,3
4,4685,4
4,4686,5
4,4687,2
4,4689,5
4,4691,2
4,4692,4
4,4693,2
4,4695,1
4,4696,4
4,4698,3
4,4699,2
4,4700,2
4,4701,5
4,4702,2
4,4703,2
4,4704,4
4,4705,1
4,4706,4
4,4707,1
4,4708,1
4,4709,5
4,4710,3
4,4712,1
4,4713,3
4,4715,5
4,4716,1
4,4718,2
4,4720,3
4,4721,4
4,4722,4
4,4723,1
4,4724,5
4,4725,4
4,4726,5
4,4727,1
4,4730,1
4,4731,4
4,4732,2
4,4735,5
4,4736,4
4,4737,2
4,4738,3
4,4739,3
4,4740,3
4,4741,4
4,4744,1
4,4745,2
4,4746,5
4,4747,5
4,4749,2
4,4750,1
4,4753,3
4,4755,2
4,4756,4
4,4757,4
4,4758,3
4,4759,1
4,4763,2
4,4764,4
4,4766,1
4,4767,2
4,4769,4
4,4771,4
4,4774,4
4,4775,5
4,4776,4
4,4777,3
4,4778,2
4,4779,4
4,4780,3
4,4781,1
4,4782,2
4,4784,2
4,4785,4
4,4786,4
4,4789,2
4,4790,5
4,4791,1
4,4792,3
4,4793,2
4,4794,3
4,4795,4
4,4796,3
4,4797,1
4,4798,1
4,4801,1
4,4802,2
4,4804,3
4,4806,5
4,4807,3
4,4808,3
4,4809,1
4,4811,2
4,4812,3
4,4814,4
4,4815,3
4,4816,1
4,4817,5
4,4818,1
4,4819,5
4,4820,3
4,4821,5
4,4822,3
4,4824,4
4,4825,5
4,4827,4
4,4828,4
4,4829,3
4,4830,4
4,4831,5
4,4832,2
4,4833,2
4,4835,3
4,4837,2
4,4838,4
4,4839,4
4,4840,1
4,4841,3
4,4842,2
4,4843,4
4,4844,3
4,4845,4
4,4846,5
4,4847,5
4,4848,5
4,4849,2
4,4850,2
4,4851,1
4,4852,1
4,4853,4
4,4854,4
4,4855,5
4,4856,3
4,4857,5
4,4858,1
4,4859,2
4,4860,4
4,4861,2
4,4862,3
4,4863,3
4,4864,2
4,4865,3
4,4866,2
4,4867,4
4,4868,1
4,4869,1
4,4870,5
4,4871,3
4,4873,4
4,4874,2
4,4875,5
4,4877,4
4,4878,4
4,4879,4
4,4882,1
4,4883,3
4,4884,4
4,4885,3
4,4886,1
4,4887,3
4,4888,2
4,4889,5
4,4890,1
4,4891,1
4,4892,2
4,4893,4
4,4896,4
4,4897,5
4,4898,4
4,4900,1
4,4901,4
4,4902,4
4,4903,5
4,4904,1
4,4905,2
4,4906,5
4,4907,1
4,4910,2
4,4911,1
4,4912,1
4,4913,1
4,4914,4
4,4915,1
4,4916,5
4,4917,3
4,4918,4
4,4919,1
4,4920,1
4,4921,5
4,4923,1
4,4924,3
4,4925,3
4,4926,3
4,4927,1
4,4929,4
4,4931,3
4,4932,5
4,4933,5
4,4934,1
4,4935,2
4,4937,5
4,4938,4
4,4939,5
4,4940,5
4,4941,3
4,4942,4
4,4943,2
4,4944,3
4,4945,2
4,4948,3
4,4949,1
4,4950,1
4,4951,1
4,4952,3
4,4953,2
4,4954,4
4,4955,3
4,4956,3
4,4957,4
4,4958,1
4,4959,2
4,4960,2
4,4961,5
4,4962,2
4,4964,1
4,4966,3
4,4967,5
4,4968,4
4,4970,3
4,4971,5
4,4972,1
4,4973,1
4,4974,4
4,4975,4
4,4976,3
4,4978,1
4,4979,5
4,4980,4
4,4982,5
4,4983,2
4,4986,1
4,4987,1
4,4988,5
4,4990,1
4,4991,4
4,4992,2
4,4993,2
4,4994,1
4,4995,3
4,4996,3
4,4997,1
4,4999,1
5,1,2
5,2,4
5,3,3
5,4,3
5,6,3
5,7,1
5,8,4
5,9,1
5,10,3
5,12,3
5,13,5
5,14,4
5,15,2
5,16,3
5,17,2
5,18,5
5,19,4
5,20,3
5,21,4
5,22,3
5,23,1
5,24,4
5,25,5
5,26,2
5,27,3
5,28,3
5,29,3
5,30,2
5,31,2
5,32,1
5,33,2
5,36,2
5,38,4
5,39,2
5,40,2
5,41,5
5,42,1
5,43,2
5,44,5
5,45,5
5,46,3
5,47,1
5,48,1
5,49,3
5,50,3
5,52,2
5,54,3
5,55,2
5,57,1
5,58,1
5,60,5
5,62,3
5,63,4
5,64,3
5,65,3
5,68,1
5,70,3
5,71,2
5,73,4
5,74,4
5,75,5
5,78,4
5,79,1
5,80,3
5,82,1
5,83,2
5,84,4
5,85,4
5,86,5
5,87,1
5,88,1
5,90,1
5,91,2
5,92,2
5,94,3
5,95,4
5,96,3
5,98,2
5,99,4
5,100,2
5,101,1
5,103,1
5,105,2
5,106,1
5,107,1
5,108,5
5,109,3
5,110,4
5,111,3
5,114,1
5,115,5
5,116,1
5,118,3
5,119,1
5,120,2
5,122,1
5,123,5
5,124,2
5,125,5
5,126,4
5,129,1
5,130,3
5,131,3
5,132,2
5,133,1
5,134,5
5,135,5
5,137,5
5,140,1
5,141,4
5,142,5
5,144,4
5,145,5
5,146,1
5,147,2
5,148,4
5,151,3
5,152,2
5,153,1
5,154,4
5,155,4
5,156,3
5,157,3
5,158,3
5,159,4
5,160,1
5,162,1
5,163,1
5,164,4
5,166,2
5,167,1
5,168,3
5,169,4
5,171,5
5,172,3
5,173,4
5,174,5
5,175,5
5,176,1
5,177,5
5,178,3
5,179,4
5,181,2
5,182,1
5,183,2
5,185,4
5,186,2
5,187,2
5,188,5
5,189,1
5,190,2
5,191,2
5,192,5
5,193,1
5,194,3
5,195,5
5,196,3
5,199,1
5,203,1
5,205,3
5,206,3
5,207,2
5,208,5
5,209,4
5,210,3
5,211,5
5,212,5
5,213,2
5,214,5
5,215,3
5,216,4
5,217,3
5,218,2
5,221,5
5,222,2
5,223,4
5,224,2
5,227,2
5,228,2
5,230,5
5,231,3
5,232,2
5,233,3
5,234,5
5,236,2
5,237,5
5,238,1
5,239,5
5,240,5
5,241,3
5,242,5
5,243,4
5,244,5
5,245,3
5,246,1
5,247,5
5,248,5
5,249,1
5,250,2
5,251,1
5,252,3
5,253,4
5,254,2
5,255,3
5,256,2
5,257,1
5,258,3
5,259,5
5,260,4
5,261,3
5,262,4
5,263,5
5,264,1
5,265,1
5,266,2
5,267,3
5,268,5
5,269,1
5,270,1
5,271,2
5,272,4
5,273,2
5,274,5
5,275,1
5,276,3
5,277,4
5,278,3
5,280,2
5,281,5
5,282,1
5,283,3
5,284,3
5,286,1
5,287,5
5,288,4
5,289,1
5,290,4
5,292,4
5,293,1
5,294,4
5,295,4
5,297,2
5,298,1
5,302,3
5,304,2
5,305,5
5,306,4
5,307,5
5,308,5
5,309,1
5,310,2
5,314,2
5,315,2
5,316,3
5,317,4
5,318,1
5,319,2
5,320,3
5,321,1
5,322,4
5,323,5
5,324,3
5,325,4
5,328,4
5,329,4
5,330,1
5,331,2
5,332,4
5,333,4
5,336,3
5,338,1
5,339,5
5,340,5
5,341,2
5,342,4
5,343,5
5,344,4
5,345,4
5,346,3
5,349,1
5,350,2
5,351,3
5,352,1
5,353,2
5,355,1
5,356,2
5,358,3
5,360,3
5,361,1
5,362,3
5,363,4
5,364,1
5,365,5
5,367,4
5,368,5
5,369,5
5,370,2
5,371,5
5,372,2
5,373,3
5,374,2
5,375,2
5,376,1
5,377,5
5,378,2
5,379,2
5,380,5
5,381,5
5,382,4
5,383,3
5,384,2
5,385,4
5,386,3
5,388,1
5,390,1
5,391,2
5,392,1
5,393,1
5,394,4
5,395,3
5,396,3
5,398,1
5,399,4
5,400,4
5,401,4
5,404,4
5,405,3
5,406,5
5,407,1
5,410,5
5,411,4
5,413,3
5,414,3
5,416,3
5,418,2
5,420,1
5,421,4
5,423,1
5,424,4
5,426,1
5,427,2
5,428,1
5,430,5
5,431,4
5,434,1
5,435,5
5,436,2
5,437,1
5,438,2
5,439,2
5,440,1
5,441,5
5,442,2
5,443,1
5,444,5
5,445,4
5,447,5
5,448,1
5,449,2
5,450,1
5,451,3
5,452,3
5,453,2
5,454,3
5,455,2
5,456,2
5,457,2
5,458,1
5,459,4
5,460,2
5,461,1
5,462,5
5,463,2
5,464,3
5,465,2
5,467,5
5,468,3
5,469,4
5,470,5
5,471,2
5,472,3
5,474,1
5,475,5
5,477,4
5,478,4
5,479,3
5,481,1
5,482,2
5,483,2
5,484,2
5,485,3
5,486,3
5,487,3
5,488,1
5,489,4
5,493,2
5,494,1
5,495,4
5,496,2
5,498,2
5,499,2
5,500,1
5,501,1
5,502,2
5,504,3
5,505,5
5,506,2
5,508,4
5,509,3
5,510,3
5,511,3
5,512,4
5,513,4
5,514,3
5,515,3
5,516,2
5,517,1
5,518,5
5,519,1
5,520,5
5,521,5
5,523,4
5,524,4
5,527,4
5,528,5
5,529,4
5,531,3
5,532,4
5,534,4
5,535,4
5,536,5
5,537,3
5,539,2
5,540,5
5,541,4
5,542,2
5,543,4
5,545,1
5,546,1
5,547,1
5,549,4
5,550,5
5,551,2
5,552,5
5,553,4
5,554,2
5,556,5
5,557,3
5,558,5
5,560,4
5,561,2
5,563,5
5,564,3
5,566,1
5,567,4
5,568,2
5,569,1
5,571,3
5,573,1
5,574,4
5,576,1
5,577,2
5,578,5
5,579,4
5,580,2
5,581,1
5,583,5
5,584,2
5,586,1
5,587,2
5,589,4
5,590,5
5,591,3
5,593,1
5,594,2
5,596,4
5,599,4
5,600,5
5,601,3
5,602,1
5,603,4
5,604,2
5,605,2
5,607,4
5,608,4
5,609,3
5,610,1
5,611,4
5,612,3
5,613,4
5,614,1
5,615,2
5,616,3
5,618,5
5,619,1
5,620,4
5,621,1
5,622,3
5,623,4
5,624,3
5,626,1
5,627,4
5,629,3
5,630,4
5,631,5
5,632,2
5,633,3
5,634,3
5,635,4
5,637,2
5,638,3
5,640,3
5,641,2
5,642,2
5,643,2
5,644,4
5,645,5
5,647,4
5,648,3
5,650,3
5,651,1
5,652,2
5,653,5
5,654,3
5,655,3
5,656,4
5,657,1
5,658,2
5,659,1
5,661,2
5,662,5
5,663,3
5,664,4
5,665,4
5,666,4
5,667,4
5,668,2
5,669,1
5,673,3
5,674,2
5,676,4
5,678,3
5,680,5
5,681,5
5,682,4
5,684,3
5,686,4
5,689,2
5,693,1
5,694,4
5,695,5
5,696,3
5,697,3
5,698,2
5,699,4
5,700,4
5,703,3
5,704,5
5,705,5
5,706,1
5,707,2
5,709,3
5,710,1
5,711,3
5,712,3
5,713,2
5,714,4
5,715,2
5,718,5
5,719,5
5,720,1
5,722,2
5,723,3
5,724,4
5,725,1
5,726,5
5,727,3
5,728,4
5,729,2
5,730,3
5,731,5
5,732,1
5,733,2
5,734,3
5,735,5
5,736,5
5,737,5
5,738,1
5,739,4
5,740,5
5,742,3
5,743,5
5,744,2
5,745,4
5,746,4
5,747,1
5,748,4
5,749,5
5,750,5
5,751,5
5,752,5
5,753,4
5,755,3
5,756,3
5,757,4
5,758,3
5,759,2
5,760,3
5,761,3
5,762,5
5,763,2
5,764,5
5,765,4
5,766,5
5,767,4
5,768,1
5,770,2
5,772,3
5,773,4
5,774,2
5,775,4
5,776,2
5,778,3
5,779,5
5,781,4
5,782,2
5,783,4
5,784,5
5,785,1
5,786,2
5,787,1
5,788,4
5,789,4
5,790,5
5,791,2
5,792,3
5,794,4
5,795,2
5,796,5
5,797,1
5,798,5
5,800,3
5,801,1
5,803,2
5,804,3
5,805,5
5,806,4
5,809,5
5,811,5
5,812,3
5,813,2
5,814,5
5,815,3
5,816,2
5,817,5
5,818,2
5,819,2
5,820,4
5,821,1
5,822,4
5,823,3
5,826,3
5,827,5
5,828,4
5,829,3
5,830,3
5,831,4
5,832,2
5,833,5
5,834,2
5,835,3
5,836,1
5,837,2
5,838,4
5,839,3
5,840,1
5,841,4
5,842,5
5,843,1
5,844,2
5,845,4
5,846,5
5,847,5
5,848,1
5,850,1
5,851,1
5,852,2
5,853,1
5,854,4
5,855,5
5,856,4
5,857,1
5,860,2
5,861,5
5,862,3
5,864,4
5,865,2
5,866,3
5,867,2
5,869,1
5,870,2
5,871,4
5,873,4
5,874,2
5,875,5
5,876,3
5,877,3
5,879,4
5,880,3
5,881,5
5,882,2
5,883,4
5,884,4
5,886,1
5,887,4
5,888,4
5,889,5
5,892,5
5,894,4
5,895,1
5,896,2
5,897,3
5,898,4
5,899,2
5,900,3
5,901,4
5,902,3
5,904,3
5,905,1
5,906,1
5,907,3
5,911,2
5,912,2
5,913,1
5,915,1
5,916,1
5,917,3
5,918,2
5,919,3
5,920,4
5,921,5
5,923,4
5,924,1
5,926,5
5,927,3
5,929,3
5,931,2
5,932,4
5,933,2
5,934,4
5,935,1
5,936,3
5,937,3
5,938,2
5,939,1
5,940,3
5,941,3
5,942,4
5,943,4
5,944,4
5,945,5
5,946,1
5,948,1
5,949,4
5,950,1
5,951,5
5,953,3
5,954,5
5,955,2
5,957,2
5,959,1
5,960,2
5,961,1
5,962,5
5,963,3
5,965,2
5,967,2
5,968,5
5,969,2
5,970,5
5,971,2
5,972,1
5,974,5
5,975,2
5,976,4
5,978,4
5,982,2
5,983,5
5,984,4
5,985,1
5,986,2
5,987,1
5,988,1
5,989,2
5,990,2
5,992,2
5,993,1
5,994,5
5,995,4
5,997,5
5,1001,3
5,1002,3
5,1003,4
5,1004,2
5,1005,5
5,1007,5
5,1008,5
5,1009,4
5,1010,1
5,1011,3
5,1012,5
5,1013,5
5,1015,3
5,1016,2
5,1017,2
5,1018,2
5,1019,4
5,1020,1
5,1021,1
5,1022,5
5,1023,4
5,1024,5
5,1026,4
5,1027,1
5,1028,1
5,1029,5
5,1031,2
5,1032,3
5,1034,4
5,1035,3
5,1036,5
5,1038,2
5,1039,3
5,1040,2
5,1041,5
5,1046,5
5,1047,2
5,1048,3
5,1049,3
5,1050,5
5,1051,2
5,1052,1
5,1053,3
5,1054,4
5,1055,1
5,1056,4
5,1059,3
5,1061,5
5,1063,2
5,1064,4
5,1065,2
5,1066,4
5,1067,3
5,1069,2
5,1070,3
5,1071,5
5,1074,3
5,1075,5
5,1077,5
5,1079,3
5,1080,2
5,1081,5
5,1083,4
5,1084,1
5,1086,5
5,1087,3
5,1088,3
5,1089,4
5,1091,2
5,1092,1
5,1093,1
5,1094,1
5,1095,3
5,1096,3
5,1097,1
5,1098,3
5,1099,4
5,1100,1
5,1101,4
5,1102,5
5,1103,3
5,1104,3
5,1105,3
5,1106,1
5,1107,4
5,1108,2
5,1109,1
5,1110,2
5,1111,1
5,1112,5
5,1113,1
5,1114,4
5,1115,2
5,1116,3
5,1117,1
5,1118,4
5,1119,2
5,1120,4
5,1121,3
5,1123,5
5,1124,1
5,1125,2
5,1126,1
5,1127,5
5,1128,2
5,1129,2
5,1130,4
5,1132,4
5,1133,3
5,1135,5
5,1136,1
5,1137,5
5,1138,3
5,1139,3
5,1140,5
5,1141,3
5,1142,2
5,1143,2
5,1144,3
5,1145,1
5,1146,2
5,1147,5
5,1148,2
5,1149,2
5,1150,1
5,1151,3
5,1152,4
5,1154,3
5,1155,4
5,1156,4
5,1157,1
5,1159,2
5,1160,5
5,1161,5
5,1162,4
5,1163,3
5,1165,1
5,1166,2
5,1167,3
5,1171,3
5,1172,2
5,1173,3
5,1175,5
5,1177,5
5,1178,2
5,1179,1
5,1181,1
5,1182,1
5,1183,2
5,1184,1
5,1186,2
5,1187,3
5,1190,5
5,1191,2
5,1192,5
5,1193,4
5,1194,3
5,1197,2
5,1198,1
5,1199,4
5,1200,4
5,1202,1
5,1203,3
5,1204,2
5,1205,4
5,1206,1
5,1207,5
5,1209,1
5,1210,2
5,1211,2
5,1212,5
5,1213,4
5,1216,2
5,1217,4
5,1218,2
5,1219,3
5,1220,1
5,1221,4
5,1223,3
5,1224,4
5,1225,4
5,1226,1
5,1227,5
5,1228,1
5,1229,5
5,1230,3
5,1231,2
5,1232,3
5,1233,4
5,1234,4
5,1235,4
5,1236,3
5,1237,2
5,1238,4
5,1239,3
5,1241,1
5,1242,1
5,1243,2
5,1245,5
5,1247,5
5,1248,4
5,1249,5
5,1250,5
5,1251,2
5,1252,2
5,1253,4
5,1254,3
5,1256,4
5,1257,3
5,1258,1
5,1259,1
5,1260,2
5,1262,2
5,1264,1
5,1265,4
5,1266,2
5,1267,1
5,1268,2
5,1270,2
5,1271,2
5,1272,5
5,1273,2
5,1274,4
5,1275,1
5,1276,1
5,1277,2
5,1278,5
5,1279,3
5,1280,1
5,1281,1
5,1282,2
5,1283,1
5,1284,5
5,1285,5
5,1286,3
5,1287,3
5,1288,3
5,1290,4
5,1291,1
5,1292,5
5,1293,4
5,1294,3
5,1295,1
5,1296,1
5,1298,3
5,1299,2
5,1300,3
5,1301,2
5,1302,1
5,1303,3
5,1304,2
5,1305,2
5,1306,5
5,1307,2
5,1308,1
5,1309,1
5,1310,1
5,1311,3
5,1312,3
5,1313,3
5,1314,5
5,1315,1
5,1316,4
5,1317,2
5,1318,3
5,1320,5
5,1321,5
5,1322,4
5,1323,1
5,1324,5
5,1326,2
5,1327,2
5,1328,4
5,1330,1
5,1331,2
5,1332,1
5,1333,3
5,1336,5
5,1339,2
5,1340,2
5,1341,5
5,1342,4
5,1343,3
5,1346,1
5,1347,4
5,1349,1
5,1350,1
5,1351,1
5,1352,1
5,1353,5
5,1354,4
5,1355,4
5,1357,2
5,1358,5
5,1359,1
5,1360,1
5,1361,5
5,1362,5
5,1363,2
5,1365,1
5,1367,2
5,1368,2
5,1369,3
5,1370,5
5,1371,4
5,1373,2
5,1374,2
5,1375,1
5,1376,2
5,1377,5
5,1378,2
5,1380,5
5,1381,1
5,1382,2
5,1383,1
5,1385,5
5,1386,4
5,1387,4
5,1388,3
5,1390,1
5,1391,5
5,1392,3
5,1395,3
5,1396,1
5,1397,3
5,1398,3
5,1399,1
5,1400,4
5,1401,4
5,1403,3
5,1405,2
5,1406,3
5,1408,2
5,1409,2
5,1411,5
5,1412,1
5,1413,3
5,1414,2
5,1415,2
5,1416,3
5,1417,4
5,1418,1
5,1421,2
5,1422,1
5,1423,5
5,1424,2
5,1425,4
5,1426,2
5,1427,1
5,1429,1
5,1430,5
5,1431,4
5,1432,1
5,1433,3
5,1434,5
5,1435,5
5,1437,1
5,1439,4
5,1440,4
5,1441,3
5,1442,5
5,1443,5
5,1444,2
5,1445,5
5,1446,1
5,1447,4
5,1448,4
5,1449,2
5,1450,4
5,1452,3
5,1453,4
5,1454,3
5,1455,1
5,1456,5
5,1457,4
5,1458,5
5,1459,4
5,1460,5
5,1461,4
5,1463,1
5,1464,2
5,1465,5
5,1466,1
5,1467,1
5,1468,4
5,1469,1
5,1470,4
5,1471,2
5,1472,3
5,1474,4
5,1476,4
5,1477,1
5,1478,5
5,1479,1
5,1480,5
5,1481,2
5,1482,3
5,1483,1
5,1485,3
5,1486,1
5,1487,2
5,1488,5
5,1489,3
5,1490,3
5,1491,3
5,1495,3
5,1496,1
5,1497,2
5,1498,1
5,1499,4
5,1500,3
5,1501,3
5,1502,4
5,1503,2
5,1504,3
5,1505,4
5,1506,3
5,1507,2
5,1508,5
5,1509,1
5,1510,2
5,1511,5
5,1512,4
5,1513,1
5,1514,3
5,1516,4
5,1517,4
5,1518,5
5,1519,3
5,1520,5
5,1521,4
5,1522,4
5,1523,1
5,1525,4
5,1527,5
5,1528,5
5,1529,2
5,1530,1
5,1531,4
5,1532,4
5,1533,5
5,1534,5
5,1536,5
5,1537,3
5,1539,2
5,1540,5
5,1541,4
5,1543,3
5,1544,5
5,1547,2
5,1548,4
5,1549,1
5,1550,4
5,1551,2
5,1555,5
5,1556,4
5,1557,2
5,1558,1
5,1560,5
5,1561,1
5,1562,5
5,1563,1
5,1564,4
5,1565,4
5,1566,2
5,1567,5
5,1568,4
5,1569,2
5,1570,2
5,1571,4
5,1572,3
5,1573,3
5,1574,1
5,1575,3
5,1576,4
5,1577,1
5,1578,1
5,1579,1
5,1580,5
5,1581,1
5,1583,2
5,1584,5
5,1586,2
5,1587,5
5,1588,2
5,1590,3
5,1591,1
5,1594,2
5,1595,3
5,1596,5
5,1597,5
5,1598,3
5,1599,5
5,1600,1
5,1601,5
5,1604,3
5,1605,3
5,1606,5
5,1607,3
5,1608,5
5,1609,3
5,1610,5
5,1611,5
5,1612,2
5,1614,5
5,1616,5
5,1617,3
5,1618,2
5,1619,5
5,1620,5
5,1621,3
5,1622,5
5,1623,4
5,1624,4
5,1625,3
5,1627,2
5,1628,4
5,1630,2
5,1631,5
5,1632,4
5,1633,3
5,1634,1
5,1635,3
5,1636,4
5,1637,3
5,1638,5
5,1639,3
5,1640,5
5,1641,1
5,1642,2
5,1643,2
5,1644,4
5,1645,5
5,1646,5
5,1647,3
5,1648,2
5,1649,4
5,1650,4
5,1651,4
5,1653,3
5,1654,4
5,1655,1
5,1656,1
5,1657,1
5,1658,1
5,1660,3
5,1661,4
5,1662,2
5,1663,1
5,1664,4
5,1666,1
5,1667,2
5,1668,3
5,1670,2
5,1671,2
5,1672,5
5,1673,2
5,1674,2
5,1676,3
5,1677,5
5,1678,1
5,1680,4
5,1681,3
5,1682,2
5,1684,1
5,1685,2
5,1686,3
5,1687,5
5,1688,1
5,1689,5
5,1690,4
5,1692,4
5,1693,4
5,1694,2
5,1695,4
5,1696,4
5,1697,1
5,1698,4
5,1699,3
5,1700,1
5,1701,4
5,1702,2
5,1703,3
5,1705,4
5,1706,1
5,1707,5
5,1708,1
5,1709,5
5,1710,2
5,1712,4
5,1713,2
5,1715,3
5,1716,2
5,1717,4
5,1718,4
5,1719,2
5,1720,1
5,1721,1
5,1722,1
5,1724,5
5,1727,4
5,1729,3
5,1730,3
5,1731,5
5,1732,1
5,1734,3
5,1735,5
5,1736,4
5,1737,2
5,1738,4
5,1739,3
5,1740,5
5,1741,5
5,1743,3
5,1744,2
5,1745,5
5,1747,3
5,1748,1
5,1749,3
5,1750,1
5,1752,3
5,1753,1
5,1756,5
5,1760,2
5,1761,3
5,1762,5
5,1764,2
5,1765,1
5,1766,2
5,1769,4
5,1770,5
5,1771,1
5,1772,3
5,1773,5
5,1775,4
5,1776,4
5,1777,1
5,1778,5
5,1780,2
5,1781,3
5,1782,4
5,1783,1
5,1784,2
5,1785,2
5,1786,3
5,1787,3
5,1788,5
5,1789,1
5,1791,3
5,1792,4
5,1794,2
5,1795,2
5,1796,1
5,1797,4
5,1798,3
5,1800,5
5,1801,4
5,1802,5
5,1803,5
5,1804,4
5,1805,2
5,1806,4
5,1807,4
5,1808,2
5,1809,2
5,1810,4
5,1811,2
5,1812,1
5,1813,1
5,1815,3
5,1816,5
5,1818,2
5,1819,3
5,1820,3
5,1821,1
5,1822,4
5,1823,2
5,1824,5
5,1825,3
5,1826,5
5,1827,4
5,1828,4
5,1831,5
5,1832,3
5,1835,1
5,1836,2
5,1837,4
5,1838,4
5,1839,4
5,1840,1
5,1841,4
5,1842,5
5,1843,5
5,1846,4
5,1847,5
5,1848,4
5,1849,3
5,1850,2
5,1852,5
5,1853,3
5,1855,1
5,1857,1
5,1858,5
5,1859,4
5,1860,1
5,1862,3
5,1863,1
5,1864,3
5,1865,2
5,1866,3
5,1867,2
5,1870,2
5,1871,1
5,1872,5
5,1874,3
5,1875,2
5,1879,5
5,1880,3
5,1882,4
5,1883,5
5,1885,3
5,1887,5
5,1888,3
5,1889,3
5,1890,4
5,1891,1
5,1892,2
5,1893,3
5,1895,1
5,1896,3
5,1897,5
5,1898,1
5,1900,2
5,1901,3
5,1902,5
5,1903,4
5,1904,1
5,1905,5
5,1907,3
5,1909,3
5,1910,3
5,1911,4
5,1912,1
5,1913,5
5,1915,4
5,1916,1
5,1917,1
5,1918,2
5,1920,2
5,1922,1
5,1923,4
5,1925,5
5,1926,2
5,1927,5
5,1928,3
5,1929,1
5,1930,3
5,1931,3
5,1932,1
5,1933,5
5,1934,3
5,1935,5
5,1936,5
5,1938,5
5,1939,3
5,1940,1
5,1941,4
5,1942,1
5,1943,3
5,1944,2
5,1945,5
5,1946,5
5,1948,1
5,1949,1
5,1950,1
5,1951,3
5,1953,5
5,1954,4
5,1955,4
5,1956,4
5,1958,5
5,1959,5
5,1962,3
5,1963,4
5,1964,1
5,1965,5
5,1966,1
5,1968,1
5,1970,5
5,1971,3
5,1972,2
5,1973,5
5,1974,1
5,1975,1
5,1976,4
5,1977,3
5,1980,5
5,1981,5
5,1982,2
5,1983,2
5,1984,1
5,1985,2
5,1987,2
5,1988,4
5,1990,1
5,1991,3
5,1992,4
5,1993,1
5,1994,5
5,1995,5
5,1996,2
5,1998,3
5,1999,2
5,2000,1
5,2001,2
5,2002,4
5,2003,4
5,2004,3
5,2005,1
5,2008,4
5,2009,2
5,2011,4
5,2012,1
5,2013,4
5,2015,3
5,2017,3
5,2018,1
5,2019,5
5,2022,1
5,2023,4
5,2024,5
5,2025,2
5,2026,5
5,2027,2
5,2030,1
5,2031,1
5,2032,3
5,2033,1
5,2035,1
5,2037,2
5,2038,4
5,2039,2
5,2040,1
5,2041,1
5,2042,3
5,2045,1
5,2046,2
5,2047,2
5,2048,1
5,2049,2
5,2050,3
5,2053,2
5,2054,2
5,2056,4
5,2058,5
5,2059,4
5,2060,5
5,2061,1
5,2062,5
5,2063,3
5,2064,1
5,2065,5
5,2066,5
5,2067,1
5,2068,5
5,2070,5
5,2071,3
5,2072,5
5,2073,3
5,2076,4
5,2077,2
5,2078,4
5,2080,4
5,2082,2
5,2083,4
5,2085,4
5,2086,5
5,2087,4
5,2088,1
5,2090,2
5,2091,3
5,2092,5
5,2093,1
5,2095,1
5,2096,2
5,2097,2
5,2098,4
5,2099,2
5,2100,3
5,2101,1
5,2102,3
5,2103,2
5,2104,2
5,2106,1
5,2108,2
5,2109,2
5,2110,5
5,2111,1
5,2114,5
5,2115,4
5,2116,4
5,2118,3
5,2119,5
5,2120,5
5,2121,1
5,2123,2
5,2124,1
5,2125,1
5,2126,1
5,2128,3
5,2131,3
5,2132,5
5,2133,3
5,2134,4
5,2135,1
5,2136,1
5,2138,3
5,2139,3
5,2140,3
5,2142,3
5,2144,2
5,2145,2
5,2146,3
5,2147,2
5,2148,5
5,2150,3
5,2151,1
5,2152,3
5,2153,5
5,2154,2
5,2156,4
5,2157,1
5,2158,4
5,2159,2
5,2160,5
5,2162,4
5,2163,5
5,2164,2
5,2165,2
5,2166,5
5,2167,3
5,2168,4
5,2169,2
5,2170,2
5,2171,4
5,2172,5
5,2173,3
5,2174,4
5,2175,4
5,2176,1
5,2177,3
5,2178,2
5,2179,4
5,2180,2
5,2181,1
5,2182,5
5,2183,5
5,2185,2
5,2186,5
5,2188,1
5,2189,4
5,2191,2
5,2192,5
5,2193,5
5,2194,3
5,2195,3
5,2196,2
5,2197,4
5,2198,1
5,2199,5
5,2200,1
5,2202,1
5,2203,3
5,2204,3
5,2205,5
5,2206,1
5,2207,5
5,2208,5
5,2209,2
5,2211,5
5,2212,1
5,2214,2
5,2215,3
5,2216,5
5,2217,1
5,2218,3
5,2219,1
5,2220,3
5,2221,2
5,2223,1
5,2224,5
5,2225,5
5,2226,2
5,2227,2
5,2228,4
5,2229,4
5,2231,4
5,2232,4
5,2233,4
5,2235,3
5,2236,3
5,2238,3
5,2240,4
5,2241,2
5,2242,3
5,2243,5
5,2244,1
5,2245,2
5,2246,2
5,2247,1
5,2248,5
5,2249,3
5,2250,2
5,2251,1
5,2252,2
5,2253,1
5,2255,2
5,2256,3
5,2257,2
5,2258,2
5,2259,5
5,2260,2
5,2261,4
5,2262,3
5,2263,3
5,2264,1
5,2266,2
5,2267,1
5,2268,1
5,2269,3
5,2270,3
5,2271,3
5,2272,5
5,2273,4
5,2274,4
5,2275,1
5,2276,2
5,2277,5
5,2279,2
5,2280,4
5,2281,3
5,2282,2
5,2284,2
5,2285,5
5,2286,3
5,2287,1
5,2288,1
5,2289,2
5,2290,4
5,2291,1
5,2292,2
5,2293,5
5,2294,1
5,2295,4
5,2296,2
5,2298,3
5,2299,4
5,2300,2
5,2302,2
5,2303,3
5,2305,4
5,2306,1
5,2307,5
5,2308,3
5,2309,2
5,2311,2
5,2312,5
5,2313,4
5,2314,1
5,2316,2
5,2317,3
5,2319,2
5,2320,4
5,2321,2
5,2322,5
5,2324,5
5,2325,5
5,2327,1
5,2328,1
5,2329,1
5,2330,1
5,2331,5
5,2332,4
5,2334,1
5,2335,1
5,2336,3
5,2337,4
5,2338,2
5,2339,4
5,2340,5
5,2341,3
5,2342,1
5,2343,3
5,2345,4
5,2346,3
5,2347,5
5,2348,4
5,2350,3
5,2351,5
5,2352,5
5,2353,3
5,2355,4
5,2357,3
5,2358,4
5,2359,3
5,2360,5
5,2361,2
5,2362,5
5,2363,3
5,2365,4
5,2366,4
5,2367,1
5,2368,4
5,2369,1
5,2370,5
5,2371,5
5,2372,1
5,2373,1
5,2375,2
5,2377,2
5,2378,3
5,2380,4
5,2381,1
5,2382,5
5,2383,5
5,2384,2
5,2385,5
5,2386,2
5,2387,2
5,2389,2
5,2390,3
5,2391,5
5,2392,2
5,2393,2
5,2394,5
5,2396,2
5,2397,5
5,2398,1
5,2399,2
5,2400,2
5,2401,2
5,2402,2
5,2403,5
5,2404,4
5,2405,2
5,2406,5
5,2407,4
5,2409,5
5,2410,4
5,2411,4
5,2412,4
5,2413,4
5,2415,1
5,2416,3
5,2417,4
5,2419,4
5,2420,1
5,2421,2
5,2423,1
5,2424,3
5,2425,2
5,2426,2
5,2427,2
5,2428,3
5,2430,1
5,2431,5
5,2432,3
5,2433,3
5,2434,1
5,2435,3
5,2436,5
5,2437,5
5,2438,3
5,2439,1
5,2440,5
5,2441,4
5,2442,2
5,2443,3
5,2444,1
5,2445,4
5,2447,3
5,2448,5
5,2449,2
5,2450,2
5,2451,1
5,2452,3
5,2453,1
5,2456,1
5,2457,4
5,2459,5
5,2460,1
5,2461,2
5,2462,4
5,2463,3
5,2464,4
5,2465,2
5,2466,1
5,2467,1
5,2468,3
5,2469,2
5,2470,4
5,2471,5
5,2472,5
5,2473,3
5,2475,2
5,2476,2
5,2477,5
5,2479,4
5,2480,3
5,2481,4
5,2482,1
5,2485,2
5,2486,5
5,2487,1
5,2488,2
5,2489,4
5,2490,1
5,2491,5
5,2492,5
5,2493,3
5,2494,1
5,2496,4
5,2498,5
5,2499,3
5,2500,3
5,2501,1
5,2502,5
5,2503,5
5,2504,2
5,2505,4
5,2506,4
5,2507,4
5,2508,2
5,2510,4
5,2511,1
5,2512,3
5,2513,3
5,2514,5
5,2515,2
5,2516,1
5,2517,5
5,2518,1
5,2519,4
5,2520,3
5,2521,5
5,2522,3
5,2524,1
5,2525,3
5,2526,3
5,2527,2
5,2528,4
5,2530,4
5,2531,3
5,2532,2
5,2533,5
5,2536,3
5,2537,2
5,2538,1
5,2540,2
5,2542,4
5,2543,2
5,2545,1
5,2546,2
5,2547,2
5,2548,3
5,2549,2
5,2550,1
5,2551,2
5,2552,4
5,2553,5
5,2555,3
5,2556,2
5,2557,5
5,2558,4
5,2559,4
5,2560,3
5,2561,3
5,2562,3
5,2563,3
5,2564,5
5,2567,3
5,2569,4
5,2571,3
5,2572,3
5,2573,4
5,2574,4
5,2575,4
5,2576,3
5,2577,1
5,2579,3
5,2580,3
5,2581,3
5,2582,1
5,2583,2
5,2584,4
5,2585,5
5,2586,4
5,2587,4
5,2588,4
5,2591,4
5,2593,1
5,2595,1
5,2596,5
5,2597,4
5,2598,3
5,2599,5
5,2600,3
5,2601,2
5,2602,3
5,2603,1
5,2604,1
5,2605,1
5,2606,5
5,2607,2
5,2608,1
5,2609,2
5,2610,5
5,2611,1
5,2612,5
5,2613,1
5,2614,4
5,2615,5
5,2616,4
5,2617,1
5,2618,4
5,2621,3
5,2622,1
5,2623,2
5,2624,4
5,2625,4
5,2626,4
5,2627,2
5,2628,4
5,2629,5
5,2630,3
5,2631,2
5,2632,1
5,2634,2
5,2636,5
5,2637,5
5,2638,4
5,2640,4
5,2642,2
5,2643,5
5,2644,1
5,2645,2
5,2646,1
5,2648,5
5,2649,3
5,2650,4
5,2651,2
5,2652,3
5,2655,5
5,2656,3
5,2657,2
5,2658,4
5,2659,2
5,2660,2
5,2661,4
5,2662,1
5,2663,4
5,2664,2
5,2666,3
5,2667,1
5,2668,3
5,2670,4
5,2671,3
5,2672,5
5,2673,3
5,2674,1
5,2676,3
5,2678,5
5,2679,2
5,2680,5
5,2681,2
5,2682,4
5,2684,1
5,2685,3
5,2686,5
5,2688,1
5,2690,2
5,2691,5
5,2692,5
5,2693,2
5,2694,1
5,2695,4
5,2696,5
5,2697,5
5,2698,3
5,2699,5
5,2700,5
5,2701,1
5,2702,5
5,2703,4
5,2704,1
5,2705,1
5,2706,3
5,2707,4
5,2709,4
5,2710,3
5,2711,1
5,2713,5
5,2714,1
5,2715,2
5,2716,4
5,2717,5
5,2718,4
5,2719,5
5,2721,2
5,2722,3
5,2723,3
5,2724,2
5,2725,4
5,2726,3
5,2727,2
5,2728,2
5,2729,5
5,2731,1
5,2732,3
5,2733,4
5,2734,1
5,2735,3
5,2736,4
5,2739,3
5,2740,1
5,2741,2
5,2742,4
5,2743,3
5,2744,5
5,2746,1
5,2747,3
5,2748,4
5,2749,3
5,2751,5
5,2752,3
5,2753,2
5,2754,1
5,2757,5
5,2758,2
5,2759,2
5,2760,3
5,2761,3
5,2762,1
5,2763,4
5,2764,2
5,2766,4
5,2767,2
5,2768,4
5,2769,3
5,2772,2
5,2778,1
5,2779,4
5,2780,3
5,2781,5
5,2782,3
5,2783,3
5,2786,3
5,2788,3
5,2789,3
5,2790,4
5,2791,4
5,2794,4
5,2796,5
5,2797,4
5,2798,3
5,2801,2
5,2802,3
5,2803,5
5,2805,1
5,2806,3
5,2807,4
5,2808,5
5,2809,1
5,2810,4
5,2811,2
5,2812,2
5,2813,1
5,2815,3
5,2816,4
5,2817,2
5,2819,4
5,2820,2
5,2822,2
5,2823,1
5,2824,4
5,2826,3
5,2827,5
5,2828,1
5,2829,5
5,2830,2
5,2831,5
5,2832,3
5,2833,2
5,2834,4
5,2835,4
5,2836,4
5,2837,3
5,2838,2
5,2839,3
5,2840,4
5,2841,4
5,2842,4
5,2843,1
5,2844,5
5,2845,1
5,2846,4
5,2849,3
5,2850,1
5,2851,5
5,2852,2
5,2854,1
5,2856,4
5,2858,4
5,2859,3
5,2860,4
5,2861,4
5,2863,2
5,2864,4
5,2865,5
5,2866,4
5,2867,4
5,2868,3
5,2869,1
5,2870,2
5,2871,5
5,2873,3
5,2875,5
5,2877,4
5,2878,4
5,2879,5
5,2880,5
5,2881,2
5,2882,1
5,2885,4
5,2886,5
5,2887,2
5,2888,5
5,2889,1
5,2890,4
5,2891,5
5,2892,5
5,2893,3
5,2894,1
5,2895,4
5,2896,4
5,2897,1
5,2901,1
5,2902,3
5,2903,2
5,2904,4
5,2906,3
5,2907,1
5,2909,2
5,2910,4
5,2912,3
5,2913,5
5,2914,1
5,2915,3
5,2916,4
5,2918,5
5,2919,4
5,2921,1
5,2923,4
5,2924,2
5,2925,5
5,2926,4
5,2927,5
5,2928,4
5,2929,2
5,2930,2
5,2931,5
5,2932,4
5,2934,4
5,2936,1
5,2937,1
5,2938,3
5,2939,1
5,2940,5
5,2941,4
5,2942,3
5,2943,2
5,2944,3
5,2945,1
5,2946,3
5,2947,5
5,2948,1
5,2949,4
5,2950,3
5,2952,4
5,2954,2
5,2955,2
5,2956,5
5,2957,5
5,2959,4
5,2960,4
5,2961,2
5,2962,4
5,2963,1
5,2964,1
5,2965,3
5,2966,4
5,2967,1
5,2968,4
5,2969,3
5,2970,1
5,2971,1
5,2972,2
5,2973,3
5,2974,3
5,2976,3
5,2978,1
5,2981,2
5,2982,3
5,2984,2
5,2986,4
5,2987,4
5,2988,2
5,2989,5
5,2990,2
5,2991,4
5,2992,4
5,2993,4
5,2994,3
5,2995,1
5,2996,1
5,2997,1
5,2998,2
5,2999,4
5,3000,3
5,3001,5
5,3002,2
5,3003,4
5,3004,5
5,3005,4
5,3007,3
5,3008,3
5,3010,1
5,3011,2
5,3012,2
5,3014,3
5,3015,1
5,3016,4
5,3017,2
5,3019,3
5,3020,1
5,3021,1
5,3022,1
5,3023,4
5,3024,5
5,3026,1
5,3028,1
5,3029,3
5,3031,1
5,3032,2
5,3033,1
5,3035,1
5,3036,5
5,3037,5
5,3039,4
5,3040,2
5,3042,1
5,3043,1
5,3044,3
5,3047,3
5,3048,5
5,3049,4
5,3051,5
5,3052,5
5,3053,4
5,3054,3
5,3055,2
5,3057,2
5,3059,5
5,3062,1
5,3063,2
5,3066,2
5,3067,4
5,3068,5
5,3069,4
5,3070,1
5,3071,3
5,3072,1
5,3073,1
5,3074,2
5,3076,5
5,3077,1
5,3078,3
5,3079,2
5,3080,5
5,3081,4
5,3082,4
5,3084,5
5,3086,5
5,3088,3
5,3090,5
5,3091,1
5,3092,1
5,3093,4
5,3095,2
5,3096,2
5,3097,1
5,3098,4
5,3100,2
5,3102,3
5,3103,5
5,3104,4
5,3105,4
5,3106,5
5,3107,2
5,3109,2
5,3110,1
5,3111,5
5,3112,5
5,3113,1
5,3114,3
5,3115,3
5,3117,5
5,3118,4
5,3119,1
5,3120,5
5,3121,3
5,3123,2
5,3124,4
5,3127,5
5,3129,4
5,3130,3
5,3131,1
5,3132,2
5,3133,5
5,3134,1
5,3136,1
5,3137,2
5,3138,2
5,3139,4
5,3140,5
5,3141,1
5,3143,2
5,3144,4
5,3145,1
5,3146,1
5,3147,2
5,3148,5
5,3149,1
5,3151,4
5,3152,3
5,3153,1
5,3154,3
5,3155,2
5,3156,1
5,3157,4
5,3158,1
5,3159,4
5,3160,5
5,3161,5
5,3162,5
5,3166,3
5,3167,1
5,3168,2
5,3169,1
5,3171,5
5,3172,2
5,3173,5
5,3174,2
5,3177,2
5,3178,2
5,3179,1
5,3180,3
5,3181,4
5,3182,1
5,3183,2
5,3184,1
5,3186,3
5,3187,1
5,3188,3
5,3189,1
5,3191,5
5,3192,1
5,3193,3
5,3194,2
5,3195,2
5,3196,2
5,3197,3
5,3200,3
5,3201,1
5,3202,5
5,3203,3
5,3204,3
5,3205,1
5,3206,1
5,3207,2
5,3208,3
5,3209,1
5,3210,2
5,3211,3
5,3212,2
5,3213,4
5,3214,1
5,3215,3
5,3216,4
5,3217,1
5,3218,4
5,3220,4
5,3221,4
5,3222,1
5,3223,4
5,3224,1
5,3226,4
5,3227,4
5,3228,3
5,3230,3
5,3231,1
5,3232,1
5,3233,3
5,3234,1
5,3235,4
5,3236,4
5,3237,5
5,3239,3
5,3240,5
5,3241,3
5,3242,4
5,3244,4
5,3245,4
5,3246,4
5,3247,1
5,3249,4
5,3250,5
5,3251,2
5,3253,2
5,3254,5
5,3257,3
5,3258,1
5,3259,5
5,3260,2
5,3261,2
5,3262,5
5,3263,2
5,3264,5
5,3267,2
5,3270,2
5,3271,1
5,3272,3
5,3274,5
5,3275,3
5,3276,5
5,3277,3
5,3278,2
5,3280,3
5,3281,2
5,3282,4
5,3284,1
5,3285,4
5,3287,2
5,3288,4
5,3289,5
5,3290,5
5,3291,5
5,3292,4
5,3293,2
5,3294,1
5,3295,1
5,3296,2
5,3298,2
5,3300,1
5,3302,5
5,3303,2
5,3305,4
5,3306,1
5,3307,3
5,3309,2
5,3313,1
5,3314,4
5,3316,2
5,3318,4
5,3319,4
5,3320,4
5,3321,4
5,3322,3
5,3324,4
5,3327,3
5,3328,4
5,3329,1
5,3330,2
5,3332,5
5,3333,5
5,3334,2
5,3335,5
5,3336,3
5,3337,5
5,3338,1
5,3340,1
5,3341,5
5,3342,1
5,3343,5
5,3345,2
5,3348,4
5,3349,5
5,3351,2
5,3352,3
5,3354,1
5,3355,3
5,3356,1
5,3357,1
5,3358,5
5,3359,3
5,3362,5
5,3363,4
5,3364,5
5,3366,5
5,3370,5
5,3371,1
5,3372,1
5,3373,3
5,3374,5
5,3375,4
5,3377,5
5,3378,3
5,3379,1
5,3380,5
5,3382,5
5,3383,3
5,3384,3
5,3385,3
5,3387,2
5,3389,3
5,3390,3
5,3392,5
5,3394,2
5,3397,5
5,3398,2
5,3400,2
5,3402,4
5,3403,4
5,3404,1
5,3405,5
5,3406,3
5,3407,3
5,3408,4
5,3409,3
5,3410,1
5,3411,4
5,3412,3
5,3413,5
5,3414,5
5,3415,2
5,3416,5
5,3417,4
5,3418,3
5,3420,2
5,3421,4
5,3422,2
5,3423,2
5,3425,1
5,3426,4
5,3427,4
5,3428,2
5,3429,5
5,3430,4
5,3431,2
5,3433,2
5,3434,2
5,3435,2
5,3437,3
5,3438,1
5,3439,4
5,3440,4
5,3441,1
5,3442,3
5,3443,2
5,3444,2
5,3445,3
5,3446,1
5,3448,1
5,3449,1
5,3450,1
5,3451,3
5,3452,1
5,3453,3
5,3454,5
5,3456,3
5,3457,1
5,3459,2
5,3460,4
5,3461,2
5,3462,5
5,3463,5
5,3464,4
5,3466,4
5,3467,5
5,3468,4
5,3469,2
5,3470,5
5,3471,4
5,3472,4
5,3473,3
5,3474,3
5,3476,1
5,3477,2
5,3478,2
5,3480,3
5,3481,3
5,3482,1
5,3483,4
5,3484,3
5,3485,3
5,3487,4
5,3488,3
5,3489,1
5,3491,2
5,3493,4
5,3494,4
5,3495,2
5,3496,3
5,3498,5
5,3500,3
5,3501,2
5,3502,1
5,3504,4
5,3505,1
5,3506,2
5,3507,1
5,3508,5
5,3509,2
5,3510,3
5,3511,1
5,3512,1
5,3513,1
5,3514,3
5,3515,3
5,3516,5
5,3518,2
5,3519,5
5,3520,3
5,3522,1
5,3523,4
5,3524,1
5,3525,3
5,3526,1
5,3527,1
5,3528,2
5,3529,3
5,3530,4
5,3532,5
5,3533,1
5,3534,2
5,3535,2
5,3536,1
5,3538,5
5,3539,4
5,3540,1
5,3541,1
5,3542,5
5,3543,2
5,3546,4
5,3550,2
5,3551,2
5,3552,5
5,3553,1
5,3554,1
5,3555,1
5,3557,5
5,3558,5
5,3559,5
5,3561,2
5,3562,2
5,3563,1
5,3564,3
5,3565,5
5,3566,4
5,3567,2
5,3568,3
5,3570,3
5,3571,4
5,3573,1
5,3574,5
5,3575,2
5,3576,5
5,3577,5
5,3578,5
5,3579,5
5,3580,3
5,3581,1
5,3582,2
5,3583,5
5,3584,2
5,3587,3
5,3588,2
5,3589,5
5,3590,2
5,3592,5
5,3593,5
5,3594,4
5,3595,5
5,3596,1
5,3597,5
5,3598,2
5,3599,4
5,3601,4
5,3606,2
5,3607,5
5,3608,1
5,3609,5
5,3611,2
5,3612,3
5,3613,5
5,3614,5
5,3616,2
5,3617,1
5,3618,4
5,3619,5
5,3621,5
5,3622,3
5,3623,4
5,3624,1
5,3626,3
5,3627,4
5,3629,2
5,3632,5
5,3633,4
5,3635,5
5,3636,1
5,3638,5
5,3641,2
5,3643,3
5,3644,5
5,3645,5
5,3646,4
5,3647,3
5,3648,1
5,3649,2
5,3650,3
5,3652,4
5,3653,5
5,3654,5
5,3655,3
5,3656,1
5,3658,4
5,3659,2
5,3660,3
5,3661,2
5,3662,5
5,3663,2
5,3664,3
5,3665,3
5,3667,3
5,3669,4
5,3670,1
5,3672,2
5,3674,1
5,3675,3
5,3676,2
5,3677,5
5,3678,5
5,3679,4
5,3680,3
5,3681,1
5,3682,1
5,3684,4
5,3685,3
5,3686,4
5,3687,5
5,3688,4
5,3689,5
5,3690,4
5,3691,1
5,3694,1
5,3695,5
5,3696,2
5,3698,5
5,3699,2
5,3701,5
5,3702,1
5,3704,2
5,3705,4
5,3706,2
5,3707,5
5,3708,5
5,3711,1
5,3712,3
5,3714,3
5,3716,1
5,3717,3
5,3718,5
5,3719,2
5,3720,4
5,3722,2
5,3723,3
5,3724,1
5,3725,4
5,3726,1
5,3728,5
5,3729,3
5,3730,4
5,3732,4
5,3734,2
5,3736,4
5,3737,1
5,3738,3
5,3739,4
5,3742,4
5,3743,2
5,3744,2
5,3745,1
5,3746,1
5,3747,1
5,3748,4
5,3749,3
5,3750,5
5,3751,3
5,3752,3
5,3753,5
5,3757,2
5,3759,3
5,3760,2
5,3761,5
5,3762,1
5,3763,3
5,3764,3
5,3765,2
5,3766,2
5,3767,4
5,3769,3
5,3770,2
5,3771,2
5,3773,1
5,3775,5
5,3776,2
5,3777,1
5,3778,1
5,3779,3
5,3780,1
5,3782,2
5,3783,3
5,3784,5
5,3785,5
5,3786,1
5,3787,2
5,3788,2
5,3789,2
5,3790,3
5,3791,3
5,3792,1
5,3793,2
5,3794,1
5,3798,1
5,3799,1
5,3801,2
5,3803,1
5,3804,3
5,3805,3
5,3806,2
5,3808,1
5,3809,2
5,3810,4
5,3811,1
5,3812,1
5,3813,2
5,3814,5
5,3815,3
5,3816,5
5,3817,1
5,3818,1
5,3819,3
5,3820,5
5,3821,5
5,3822,5
5,3824,3
5,3825,1
5,3827,5
5,3828,5
5,3830,1
5,3831,4
5,3832,2
5,3833,3
5,3836,3
5,3838,5
5,3839,5
5,3840,5
5,3841,5
5,3842,1
5,3843,4
5,3844,3
5,3845,3
5,3846,5
5,3848,4
5,3849,4
5,3850,4
5,3851,5
5,3853,5
5,3854,5
5,3855,1
5,3856,5
5,3858,2
5,3859,3
5,3860,3
5,3861,4
5,3862,2
5,3863,5
5,3864,5
5,3865,1
5,3866,5
5,3867,2
5,3870,5
5,3871,4
5,3873,3
5,3874,3
5,3875,1
5,3876,2
5,3877,3
5,3879,3
5,3880,2
5,3881,5
5,3882,2
5,3883,2
5,3885,2
5,3886,2
5,3890,3
5,3891,3
5,3892,3
5,3893,4
5,3896,1
5,3898,5
5,3899,3
5,3900,4
5,3901,4
5,3902,2
5,3903,3
5,3904,1
5,3905,3
5,3906,3
5,3908,5
5,3909,3
5,3910,3
5,3911,1
5,3913,1
5,3914,5
5,3916,2
5,3918,3
5,3919,3
5,3920,2
5,3921,5
5,3922,3
5,3923,4
5,3925,4
5,3926,1
5,3927,1
5,3928,1
5,3929,5
5,3930,5
5,3932,3
5,3933,1
5,3934,3
5,3935,1
5,3937,2
5,3938,2
5,3940,4
5,3941,5
5,3942,4
5,3943,5
5,3945,5
5,3950,3
5,3951,5
5,3952,2
5,3953,3
5,3954,1
5,3955,4
5,3956,3
5,3957,1
5,3959,2
5,3960,5
5,3961,2
5,3962,1
5,3963,5
5,3964,2
5,3965,1
5,3966,4
5,3967,1
5,3968,3
5,3969,3
5,3970,3
5,3971,1
5,3972,1
5,3973,5
5,3974,1
5,3978,3
5,3980,5
5,3981,3
5,3985,3
5,3986,4
5,3987,3
5,3988,3
5,3989,4
5,3990,3
5,3991,4
5,3993,2
5,3994,2
5,3995,5
5,3998,3
5,4000,2
5,4001,5
5,4002,4
5,4003,2
5,4004,5
5,4005,1
5,4006,2
5,4007,1
5,4008,1
5,4009,1
5,4010,5
5,4012,5
5,4013,3
5,4014,3
5,4015,3
5,4016,3
5,4018,4
5,4019,5
5,4020,1
5,4021,3
5,4022,4
5,4023,1
5,4024,2
5,4025,1
5,4026,1
5,4028,5
5,4029,1
5,4031,1
5,4032,4
5,4034,4
5,4035,5
5,4036,5
5,4037,5
5,4038,2
5,4039,2
5,4040,3
5,4041,1
5,4042,1
5,4043,5
5,4046,2
5,4047,3
5,4048,4
5,4049,4
5,4050,3
5,4052,3
5,4053,4
5,4054,1
5,4055,2
5,4056,4
5,4057,4
5,4059,5
5,4061,3
5,4062,5
5,4063,4
5,4064,3
5,4065,5
5,4066,1
5,4068,2
5,4070,3
5,4071,4
5,4073,5
5,4074,2
5,4075,1
5,4077,5
5,4078,1
5,4079,2
5,4080,4
5,4081,3
5,4082,5
5,4083,5
5,4084,3
5,4086,4
5,4089,3
5,4091,3
5,4092,1
5,4093,2
5,4094,5
5,4095,2
5,4096,2
5,4097,4
5,4099,5
5,4101,1
5,4102,3
5,4103,3
5,4104,1
5,4105,3
5,4107,2
5,4108,5
5,4109,5
5,4110,5
5,4111,2
5,4112,1
5,4113,3
5,4117,2
5,4118,3
5,4119,4
5,4120,3
5,4121,2
5,4122,5
5,4123,5
5,4124,4
5,4125,1
5,4126,4
5,4127,2
5,4128,4
5,4129,4
5,4130,3
5,4131,4
5,4133,3
5,4134,1
5,4135,1
5,4136,4
5,4137,4
5,4138,3
5,4139,1
5,4140,4
5,4141,4
5,4142,4
5,4143,5
5,4144,3
5,4145,3
5,4146,3
5,4147,5
5,4148,2
5,4149,3
5,4150,2
5,4151,3
5,4152,4
5,4153,2
5,4154,5
5,4155,4
5,4156,3
5,4158,5
5,4160,5
5,4161,2
5,4162,1
5,4164,2
5,4165,2
5,4166,5
5,4167,4
5,4168,2
5,4169,3
5,4170,4
5,4171,5
5,4172,3
5,4173,2
5,4174,5
5,4176,2
5,4177,4
5,4178,3
5,4181,4
5,4183,2
5,4185,4
5,4187,3
5,4188,5
5,4189,4
5,4190,3
5,4191,2
5,4192,3
5,4193,1
5,4194,3
5,4195,2
5,4196,2
5,4197,4
5,4198,5
5,4199,1
5,4200,4
5,4201,5
5,4204,5
5,4205,5
5,4206,1
5,4207,3
5,4210,5
5,4211,4
5,4212,4
5,4213,5
5,4215,4
5,4216,3
5,4217,3
5,4218,1
5,4219,1
5,4220,4
5,4221,1
5,4222,5
5,4224,5
5,4225,5
5,4226,5
5,4227,4
5,4228,2
5,4229,1
5,4231,2
5,4232,3
5,4234,4
5,4235,3
5,4236,5
5,4237,1
5,4238,1
5,4239,4
5,4240,1
5,4241,5
5,4242,5
5,4243,2
5,4245,2
5,4246,5
5,4247,1
5,4248,1
5,4249,1
5,4250,3
5,4251,3
5,4252,2
5,4253,5
5,4254,2
5,4255,4
5,4256,1
5,4257,3
5,4258,1
5,4259,2
5,4260,1
5,4261,1
5,4262,2
5,4263,5
5,4264,5
5,4266,3
5,4267,1
5,4268,3
5,4270,2
5,4271,5
5,4273,1
5,4274,3
5,4275,3
5,4276,5
5,4279,1
5,4280,3
5,4281,2
5,4282,4
5,4283,1
5,4284,1
5,4285,4
5,4288,5
5,4289,4
5,4290,1
5,4291,3
5,4292,1
5,4293,3
5,4294,5
5,4295,4
5,4296,1
5,4298,1
5,4299,1
5,4300,3
5,4301,1
5,4302,2
5,4303,2
5,4304,2
5,4305,1
5,4307,3
5,4309,5
5,4310,5
5,4311,1
5,4312,5
5,4314,4
5,4316,3
5,4318,3
5,4319,1
5,4320,4
5,4321,1
5,4322,5
5,4323,2
5,4324,5
5,4326,2
5,4327,3
5,4328,4
5,4329,2
5,4330,1
5,4332,4
5,4333,3
5,4334,2
5,4335,5
5,4336,2
5,4337,5
5,4338,1
5,4339,2
5,4340,5
5,4341,2
5,4342,4
5,4343,4
5,4344,3
5,4345,5
5,4346,2
5,4347,3
5,4348,4
5,4349,3
5,4350,3
5,4351,2
5,4352,1
5,4353,5
5,4355,5
5,4356,2
5,4358,3
5,4359,3
5,4360,5
5,4361,3
5,4362,4
5,4363,2
5,4364,5
5,4365,3
5,4366,5
5,4367,3
5,4368,3
5,4369,3
5,4370,3
5,4371,5
5,4372,3
5,4373,4
5,4374,3
5,4376,1
5,4377,2
5,4378,1
5,4379,4
5,4380,5
5,4381,3
5,4382,3
5,4383,5
5,4384,1
5,4385,4
5,4386,5
5,4388,4
5,4390,1
5,4392,5
5,4393,2
5,4394,1
5,4395,2
5,4396,4
5,4398,1
5,4399,5
5,4400,4
5,4401,1
5,4402,5
5,4403,4
5,4405,3
5,4406,5
5,4407,4
5,4408,1
5,4409,5
5,4410,2
5,4411,5
5,4413,2
5,4414,4
5,4417,2
5,4418,5
5,4419,3
5,4420,2
5,4422,1
5,4423,2
5,4424,2
5,4425,5
5,4426,2
5,4427,5
5,4428,2
5,4429,4
5,4430,4
5,4431,2
5,4432,2
5,4434,1
5,4435,4
5,4437,4
5,4438,4
5,4440,1
5,4441,4
5,4442,3
5,4443,3
5,4445,4
5,4446,4
5,4447,2
5,4448,1
5,4450,1
5,4451,1
5,4452,1
5,4453,2
5,4454,1
5,4455,1
5,4456,5
5,4460,4
5,4461,1
5,4462,5
5,4463,4
5,4464,5
5,4466,2
5,4467,2
5,4468,5
5,4469,5
5,4470,1
5,4472,4
5,4473,1
5,4474,4
5,4477,3
5,4478,2
5,4479,4
5,4480,2
5,4481,4
5,4482,4
5,4483,4
5,4484,3
5,4486,5
5,4487,4
5,4489,4
5,4490,4
5,4491,1
5,4493,4
5,4495,5
5,4496,1
5,4497,3
5,4498,4
5,4499,2
5,4501,1
5,4502,1
5,4504,5
5,4505,5
5,4507,3
5,4508,3
5,4509,3
5,4510,1
5,4511,2
5,4512,1
5,4513,5
5,4514,4
5,4515,2
5,4516,3
5,4519,1
5,4520,4
5,4521,2
5,4522,5
5,4523,3
5,4525,3
5,4527,1
5,4528,1
5,4529,4
5,4531,5
5,4532,4
5,4533,5
5,4534,2
5,4535,1
5,4537,5
5,4538,5
5,4539,2
5,4541,4
5,4543,5
5,4544,2
5,4546,1
5,4548,1
5,4549,1
5,4550,5
5,4552,2
5,4553,4
5,4554,2
5,4556,3
5,4557,5
5,4558,2
5,4559,4
5,4562,3
5,4563,1
5,4565,3
5,4566,2
5,4567,4
5,4568,2
5,4570,2
5,4571,3
5,4573,2
5,4574,1
5,4575,3
5,4576,4
5,4577,4
5,4578,2
5,4579,1
5,4582,4
5,4583,5
5,4585,3
5,4586,4
5,4589,1
5,4591,4
5,4592,5
5,4593,3
5,4594,5
5,4595,2
5,4596,1
5,4597,5
5,4598,5
5,4599,1
5,4600,1
5,4601,1
5,4604,1
5,4605,2
5,4607,4
5,4608,3
5,4609,1
5,4610,1
5,4611,5
5,4613,3
5,4615,3
5,4616,5
5,4617,1
5,4618,4
5,4619,4
5,4620,4
5,4621,1
5,4622,3
5,4623,4
5,4624,5
5,4626,1
5,4627,1
5,4629,5
5,4630,4
5,4632,5
5,4633,4
5,4634,1
5,4635,4
5,4637,5
5,4639,1
5,4640,5
5,4641,2
5,4642,4
5,4643,5
5,4645,1
5,4646,1
5,4648,3
5,4649,2
5,4650,5
5,4651,4
5,4653,4
5,4654,5
5,4656,5
5,4657,4
5,4658,2
5,4659,5
5,4660,5
5,4662,2
5,4664,1
5,4666,4
5,4667,2
5,4668,4
5,4669,3
5,4672,4
5,4673,5
5,4675,5
5,4676,2
5,4677,3
5,4680,2
5,4681,5
5,4682,3
5,4683,1
5,4684,2
5,4685,4
5,4687,5
5,4688,4
5,4690,4
5,4691,2
5,4692,4
5,4693,5
5,4694,4
5,4695,4
5,4696,5
5,4697,3
5,4698,1
5,4699,3
5,4700,3
5,4701,3
5,4702,4
5,4703,1
5,4704,4
5,4705,4
5,4706,5
5,4707,5
5,4708,5
5,4709,2
5,4710,4
5,4711,1
5,4712,2
5,4713,5
5,4714,1
5,4715,4
5,4717,5
5,4718,4
5,4719,4
5,4720,4
5,4721,3
5,4722,2
5,4723,1
5,4725,4
5,4726,1
5,4728,5
5,4729,2
5,4730,3
5,4731,4
5,4732,5
5,4733,5
5,4734,1
5,4735,4
5,4739,4
5,4742,5
5,4743,4
5,4744,1
5,4745,1
5,4746,5
5,4747,5
5,4748,4
5,4749,3
5,4750,1
5,4751,1
5,4752,5
5,4753,2
5,4754,4
5,4755,1
5,4756,1
5,4758,4
5,4760,1
5,4761,5
5,4762,4
5,4763,2
5,4765,3
5,4767,3
5,4768,1
5,4769,2
5,4770,2
5,4771,4
5,4772,5
5,4773,4
5,4774,4
5,4775,3
5,4777,3
5,4778,2
5,4779,5
5,4780,3
5,4781,2
5,4783,3
5,4785,3
5,4786,4
5,4787,4
5,4788,4
5,4789,3
5,4790,5
5,4792,4
5,4793,4
5,4795,5
5,4796,5
5,4797,5
5,4798,5
5,4799,4
5,4800,5
5,4802,2
5,4803,1
5,4804,1
5,4805,5
5,4806,2
5,4807,2
5,4808,2
5,4809,2
5,4810,5
5,4811,2
5,4812,2
5,4813,4
5,4816,4
5,4817,2
5,4819,1
5,4820,1
5,4821,5
5,4822,5
5,4823,5
5,4824,2
5,4825,4
5,4826,2
5,4827,5
5,4829,3
5,4830,1
5,4831,5
5,4833,4
5,4834,4
5,4835,5
5,4836,1
5,4837,1
5,4838,3
5,4839,4
5,4840,2
5,4842,2
5,4843,4
5,4844,5
5,4846,1
5,4848,4
5,4849,4
5,4850,5
5,4852,2
5,4853,1
5,4854,2
5,4856,3
5,4857,4
5,4858,1
5,4859,5
5,4860,3
5,4861,3
5,4862,1
5,4864,3
5,4865,1
5,4866,3
5,4867,3
5,4868,5
5,4869,2
5,4870,2
5,4872,3
5,4873,5
5,4875,3
5,4876,4
5,4878,2
5,4879,4
5,4880,3
5,4881,4
5,4883,1
5,4884,2
5,4885,1
5,4886,5
5,4887,2
5,4888,2
5,4889,2
5,4891,5
5,4892,5
5,4893,5
5,4894,3
5,4895,5
5,4896,3
5,4898,2
5,4899,4
5,4900,3
5,4903,2
5,4904,4
5,4905,2
5,4907,5
5,4908,1
5,4909,1
5,4910,2
5,4912,3
5,4913,3
5,4915,2
5,4916,3
5,4919,3
5,4921,3
5,4922,2
5,4923,5
5,4924,5
5,4927,4
5,4928,2
5,4929,3
5,4930,5
5,4931,3
5,4932,2
5,4933,5
5,4935,1
5,4936,3
5,4937,5
5,4938,2
5,4939,1
5,4941,5
5,4942,4
5,4943,1
5,4944,2
5,4946,5
5,4947,1
5,4948,1
5,4950,2
5,4951,3
5,4953,4
5,4954,1
5,4957,3
5,4958,1
5,4959,1
5,4961,4
5,4962,4
5,4963,3
5,4965,3
5,4967,3
5,4969,2
5,4970,4
5,4973,5
5,4974,3
5,4975,2
5,4976,2
5,4977,5
5,4978,1
5,4979,5
5,4981,5
5,4982,3
5,4983,5
5,4984,3
5,4985,3
5,4986,4
5,4987,4
5,4988,1
5,4989,2
5,4990,4
5,4992,4
5,4993,5
5,4995,2
5,4996,1
5,4998,4
5,4999,4
